cu_num,M,N,K,libtype,kernelId,splitK,us,kernelName,tflops,bw,errRatio
256,7,8192,512,ck,13,0,3.7336,a8w8_blockscale_1x128x128_256x32x64x256_16x16_16x16_2x1_16x16x1_16x16x1_1x32x1x8_8_2x1_intrawave_v1,15.73,1155.07,0.0
256,2,8192,512,ck,13,0,3.7538,a8w8_blockscale_1x128x128_256x32x64x256_16x16_16x16_2x1_16x16x1_16x16x1_1x32x1x8_8_2x1_intrawave_v1,4.47,1126.35,0.0
256,3,8192,512,ck,13,0,3.7574,a8w8_blockscale_1x128x128_256x32x64x256_16x16_16x16_2x1_16x16x1_16x16x1_1x32x1x8_8_2x1_intrawave_v1,6.7,1129.77,0.0
256,6,8192,512,ck,13,0,3.7671,a8w8_blockscale_1x128x128_256x32x64x256_16x16_16x16_2x1_16x16x1_16x16x1_1x32x1x8_8_2x1_intrawave_v1,13.36,1140.31,0.0
256,4,8192,512,ck,13,0,3.7798,a8w8_blockscale_1x128x128_256x32x64x256_16x16_16x16_2x1_16x16x1_16x16x1_1x32x1x8_8_2x1_intrawave_v1,8.88,1127.54,0.0
256,1,8192,512,ck,8,0,3.8526,a8w8_blockscale_1x128x128_256x16x64x256_16x16_16x16_1x1_16x16x1_16x16x1_1x16x1x16_4_1x1_intrawave_v1,2.18,1093.08,0.0
256,16,8192,512,ck,13,0,3.8538,a8w8_blockscale_1x128x128_256x32x64x256_16x16_16x16_2x1_16x16x1_16x16x1_1x32x1x8_8_2x1_intrawave_v1,34.83,1158.5,0.0
256,8,8192,512,ck,8,0,3.8866,a8w8_blockscale_1x128x128_256x16x64x256_16x16_16x16_1x1_16x16x1_16x16x1_1x16x1x16_4_1x1_intrawave_v1,17.27,1113.95,0.0
256,10,8192,512,ck,8,0,3.9051,a8w8_blockscale_1x128x128_256x16x64x256_16x16_16x16_1x1_16x16x1_16x16x1_1x16x1x16_4_1x1_intrawave_v1,21.48,1117.32,0.0
256,11,8192,512,ck,8,0,3.9126,a8w8_blockscale_1x128x128_256x16x64x256_16x16_16x16_1x1_16x16x1_16x16x1_1x16x1x16_4_1x1_intrawave_v1,23.58,1119.5,0.0
256,15,8192,512,ck,8,0,3.9158,a8w8_blockscale_1x128x128_256x16x64x256_16x16_16x16_1x1_16x16x1_16x16x1_1x16x1x16_4_1x1_intrawave_v1,32.13,1135.85,0.0
256,24,8192,512,ck,13,0,3.9606,a8w8_blockscale_1x128x128_256x32x64x256_16x16_16x16_2x1_16x16x1_16x16x1_1x32x1x8_8_2x1_intrawave_v1,50.83,1161.39,0.0
256,28,8192,512,ck,13,0,3.9822,a8w8_blockscale_1x128x128_256x32x64x256_16x16_16x16_2x1_16x16x1_16x16x1_1x32x1x8_8_2x1_intrawave_v1,58.98,1172.06,0.0
256,26,8192,512,ck,13,0,3.9938,a8w8_blockscale_1x128x128_256x32x64x256_16x16_16x16_2x1_16x16x1_16x16x1_1x32x1x8_8_2x1_intrawave_v1,54.61,1160.2,0.0
256,17,8192,512,ck,8,0,4.0994,a8w8_blockscale_1x128x128_256x16x64x256_16x16_16x16_1x1_16x16x1_16x16x1_1x16x1x16_4_1x1_intrawave_v1,34.79,1093.22,0.0
256,27,8192,512,ck,8,0,4.1179,a8w8_blockscale_1x128x128_256x16x64x256_16x16_16x16_1x1_16x16x1_16x16x1_1x16x1x16_4_1x1_intrawave_v1,55.0,1129.34,0.0
256,23,8192,512,ck,8,0,4.1298,a8w8_blockscale_1x128x128_256x16x64x256_16x16_16x16_1x1_16x16x1_16x16x1_1x16x1x16_4_1x1_intrawave_v1,46.72,1109.72,0.0
256,30,8192,512,ck,8,0,4.1303,a8w8_blockscale_1x128x128_256x16x64x256_16x16_16x16_1x1_16x16x1_16x16x1_1x16x1x16_4_1x1_intrawave_v1,60.93,1138.22,0.0
256,38,8192,512,ck,13,0,4.1845,a8w8_blockscale_1x128x128_256x32x64x256_16x16_16x16_2x1_16x16x1_16x16x1_1x32x1x8_8_2x1_intrawave_v1,76.18,1155.78,0.0
256,34,8192,512,ck,13,0,4.1886,a8w8_blockscale_1x128x128_256x32x64x256_16x16_16x16_2x1_16x16x1_16x16x1_1x32x1x8_8_2x1_intrawave_v1,68.09,1138.51,0.0
256,37,8192,512,ck,13,0,4.1918,a8w8_blockscale_1x128x128_256x32x64x256_16x16_16x16_2x1_16x16x1_16x16x1_1x32x1x8_8_2x1_intrawave_v1,74.04,1149.73,0.0
256,64,8192,512,ck,13,0,4.2145,a8w8_blockscale_1x128x128_256x32x64x256_16x16_16x16_2x1_16x16x1_16x16x1_1x32x1x8_8_2x1_intrawave_v1,127.39,1251.79,0.0
256,45,8192,512,ck,13,0,4.2288,a8w8_blockscale_1x128x128_256x32x64x256_16x16_16x16_2x1_16x16x1_16x16x1_1x32x1x8_8_2x1_intrawave_v1,89.27,1171.64,0.0
256,42,8192,512,ck,13,0,4.237,a8w8_blockscale_1x128x128_256x32x64x256_16x16_16x16_2x1_16x16x1_16x16x1_1x32x1x8_8_2x1_intrawave_v1,83.15,1157.41,0.0
256,57,8192,512,ck,13,0,4.2966,a8w8_blockscale_1x128x128_256x32x64x256_16x16_16x16_2x1_16x16x1_16x16x1_1x32x1x8_8_2x1_intrawave_v1,111.29,1200.34,0.0
256,20,8192,512,ck,7,0,4.4006,a8w8_blockscale_1x128x128_256x16x128x256_16x16_16x16_1x2_16x16x1_16x16x1_1x16x1x16_8_1x2_intrawave_v1,38.12,1029.91,0.0
256,21,8192,512,ck,7,0,4.4128,a8w8_blockscale_1x128x128_256x16x128x256_16x16_16x16_1x2_16x16x1_16x16x1_1x16x1x16_8_1x2_intrawave_v1,39.92,1030.89,0.0
256,33,8192,512,ck,7,0,4.431,a8w8_blockscale_1x128x128_256x16x128x256_16x16_16x16_1x2_16x16x1_16x16x1_1x16x1x16_8_1x2_intrawave_v1,62.47,1072.42,0.0
256,41,8192,512,ck,7,0,4.4562,a8w8_blockscale_1x128x128_256x16x128x256_16x16_16x16_1x2_16x16x1_16x16x1_1x16x1x16_8_1x2_intrawave_v1,77.18,1096.68,0.0
256,39,8192,512,ck,7,0,4.4694,a8w8_blockscale_1x128x128_256x16x128x256_16x16_16x16_1x2_16x16x1_16x16x1_1x16x1x16_8_1x2_intrawave_v1,73.2,1085.88,0.0
256,58,8192,512,ck,7,0,4.4958,a8w8_blockscale_1x128x128_256x16x128x256_16x16_16x16_1x2_16x16x1_16x16x1_1x16x1x16_8_1x2_intrawave_v1,108.22,1150.91,0.0
256,61,8192,512,ck,7,0,4.515,a8w8_blockscale_1x128x128_256x16x128x256_16x16_16x16_1x2_16x16x1_16x16x1_1x16x1x16_8_1x2_intrawave_v1,113.33,1157.24,0.0
256,44,8192,512,ck,8,0,4.517,a8w8_blockscale_1x128x128_256x16x64x256_16x16_16x16_1x1_16x16x1_16x16x1_1x16x1x16_4_1x1_intrawave_v1,81.71,1093.14,0.0
256,60,8192,512,ck,8,0,4.5647,a8w8_blockscale_1x128x128_256x16x64x256_16x16_16x16_1x1_16x16x1_16x16x1_1x16x1x16_4_1x1_intrawave_v1,110.26,1140.94,0.0
256,50,8192,512,ck,8,0,4.5671,a8w8_blockscale_1x128x128_256x16x64x256_16x16_16x16_1x1_16x16x1_16x16x1_1x16x1x16_4_1x1_intrawave_v1,91.84,1103.35,0.0
256,35,8192,512,cktile,3,0,4.6486,a8w8_blockscale_cktile_16x128x256_1x4x1_16x16x64_intrawave_0x1x0_2,63.16,1029.49,0.0
256,63,8192,512,cktile,2,0,4.7029,a8w8_blockscale_cktile_16x128x256_1x4x1_16x16x64_intrawave_0x1x0_1,112.37,1118.19,0.0
256,43,8192,512,ck,18,0,4.7803,a8w8_blockscale_1x128x128_256x64x64x256_16x16_32x32_1x1_16x16x1_16x16x1_1x32x1x8_8_1x1_intrawave_v1,75.46,1029.4,0.0
256,67,8192,512,ck,13,0,4.9762,a8w8_blockscale_1x128x128_256x32x64x256_16x16_16x16_2x1_16x16x1_16x16x1_1x32x1x8_8_2x1_intrawave_v1,112.94,1070.36,0.0
256,68,8192,512,ck,13,0,4.9794,a8w8_blockscale_1x128x128_256x32x64x256_16x16_16x16_2x1_16x16x1_16x16x1_1x32x1x8_8_2x1_intrawave_v1,114.56,1073.07,0.0
256,69,8192,512,ck,13,0,4.9987,a8w8_blockscale_1x128x128_256x32x64x256_16x16_16x16_2x1_16x16x1_16x16x1_1x32x1x8_8_2x1_intrawave_v1,115.79,1072.3,0.0
256,71,8192,512,ck,13,0,5.0032,a8w8_blockscale_1x128x128_256x32x64x256_16x16_16x16_2x1_16x16x1_16x16x1_1x32x1x8_8_2x1_intrawave_v1,119.04,1078.09,0.0
256,70,8192,512,ck,13,0,5.0118,a8w8_blockscale_1x128x128_256x32x64x256_16x16_16x16_2x1_16x16x1_16x16x1_1x32x1x8_8_2x1_intrawave_v1,117.16,1072.87,0.0
256,75,8192,512,ck,13,0,5.0251,a8w8_blockscale_1x128x128_256x32x64x256_16x16_16x16_2x1_16x16x1_16x16x1_1x32x1x8_8_2x1_intrawave_v1,125.2,1086.84,0.0
256,79,8192,512,ck,13,0,5.035,a8w8_blockscale_1x128x128_256x32x64x256_16x16_16x16_2x1_16x16x1_16x16x1_1x32x1x8_8_2x1_intrawave_v1,131.62,1098.13,0.0
256,76,8192,512,ck,13,0,5.0354,a8w8_blockscale_1x128x128_256x32x64x256_16x16_16x16_2x1_16x16x1_16x16x1_1x32x1x8_8_2x1_intrawave_v1,126.61,1087.98,0.0
256,74,8192,512,ck,12,0,5.0422,a8w8_blockscale_1x128x128_256x32x128x256_16x16_32x32_1x1_16x16x1_16x16x1_1x32x1x8_8_1x1_intrawave_v1,123.11,1079.81,0.0
256,84,8192,512,ck,13,0,5.0606,a8w8_blockscale_1x128x128_256x32x64x256_16x16_16x16_2x1_16x16x1_16x16x1_1x32x1x8_8_2x1_intrawave_v1,139.24,1109.27,0.0
256,72,8192,512,ck,13,0,5.0675,a8w8_blockscale_1x128x128_256x32x64x256_16x16_16x16_2x1_16x16x1_16x16x1_1x32x1x8_8_2x1_intrawave_v1,119.19,1067.75,0.0
256,82,8192,512,ck,13,0,5.0754,a8w8_blockscale_1x128x128_256x32x64x256_16x16_16x16_2x1_16x16x1_16x16x1_1x32x1x8_8_2x1_intrawave_v1,135.53,1099.38,0.0
256,85,8192,512,ck,18,0,5.0758,a8w8_blockscale_1x128x128_256x64x64x256_16x16_32x32_1x1_16x16x1_16x16x1_1x32x1x8_8_1x1_intrawave_v1,140.48,1109.28,0.0
256,83,8192,512,ck,12,0,5.0847,a8w8_blockscale_1x128x128_256x32x128x256_16x16_32x32_1x1_16x16x1_16x16x1_1x32x1x8_8_1x1_intrawave_v1,136.93,1100.69,0.0
256,73,8192,512,ck,12,0,5.0863,a8w8_blockscale_1x128x128_256x32x128x256_16x16_32x32_1x1_16x16x1_16x16x1_1x32x1x8_8_1x1_intrawave_v1,120.4,1067.12,0.0
256,86,8192,512,ck,12,0,5.1015,a8w8_blockscale_1x128x128_256x32x128x256_16x16_32x32_1x1_16x16x1_16x16x1_1x32x1x8_8_1x1_intrawave_v1,141.41,1107.0,0.0
256,81,8192,512,ck,18,0,5.1114,a8w8_blockscale_1x128x128_256x64x64x256_16x16_32x32_1x1_16x16x1_16x16x1_1x32x1x8_8_1x1_intrawave_v1,132.93,1088.33,0.0
256,87,8192,512,ck,12,0,5.1174,a8w8_blockscale_1x128x128_256x32x128x256_16x16_32x32_1x1_16x16x1_16x16x1_1x32x1x8_8_1x1_intrawave_v1,142.61,1106.86,0.0
256,104,8192,512,ck,13,0,5.1203,a8w8_blockscale_1x128x128_256x32x64x256_16x16_16x16_2x1_16x16x1_16x16x1_1x32x1x8_8_2x1_intrawave_v1,170.38,1162.33,0.0
256,90,8192,512,ck,12,0,5.1401,a8w8_blockscale_1x128x128_256x32x128x256_16x16_32x32_1x1_16x16x1_16x16x1_1x32x1x8_8_1x1_intrawave_v1,146.88,1111.84,0.0
256,106,8192,512,ck,13,0,5.1514,a8w8_blockscale_1x128x128_256x32x64x256_16x16_16x16_2x1_16x16x1_16x16x1_1x32x1x8_8_2x1_intrawave_v1,172.61,1161.87,0.0
256,94,8192,512,ck,18,0,5.1515,a8w8_blockscale_1x128x128_256x64x64x256_16x16_32x32_1x1_16x16x1_16x16x1_1x32x1x8_8_1x1_intrawave_v1,153.07,1122.49,0.0
256,96,8192,512,ck,18,0,5.157,a8w8_blockscale_1x128x128_256x64x64x256_16x16_32x32_1x1_16x16x1_16x16x1_1x32x1x8_8_1x1_intrawave_v1,156.16,1127.85,0.0
256,103,8192,512,ck,13,0,5.1578,a8w8_blockscale_1x128x128_256x32x64x256_16x16_16x16_2x1_16x16x1_16x16x1_1x32x1x8_8_2x1_intrawave_v1,167.52,1150.61,0.0
256,102,8192,512,ck,18,0,5.1751,a8w8_blockscale_1x128x128_256x64x64x256_16x16_32x32_1x1_16x16x1_16x16x1_1x32x1x8_8_1x1_intrawave_v1,165.34,1143.49,0.0
256,113,8192,512,ck,13,0,5.1799,a8w8_blockscale_1x128x128_256x32x64x256_16x16_16x16_2x1_16x16x1_16x16x1_1x32x1x8_8_2x1_intrawave_v1,183.0,1178.31,0.0
256,107,8192,512,ck,13,0,5.1871,a8w8_blockscale_1x128x128_256x32x64x256_16x16_16x16_2x1_16x16x1_16x16x1_1x32x1x8_8_2x1_intrawave_v1,173.04,1157.14,0.0
256,117,8192,512,ck,13,0,5.1929,a8w8_blockscale_1x128x128_256x32x64x256_16x16_16x16_2x1_16x16x1_16x16x1_1x32x1x8_8_2x1_intrawave_v1,189.0,1188.38,0.0
256,124,8192,512,ck,13,0,5.2387,a8w8_blockscale_1x128x128_256x32x64x256_16x16_16x16_2x1_16x16x1_16x16x1_1x32x1x8_8_2x1_intrawave_v1,198.56,1200.57,0.0
256,118,8192,512,ck,12,0,5.2478,a8w8_blockscale_1x128x128_256x32x128x256_16x16_32x32_1x1_16x16x1_16x16x1_1x32x1x8_8_1x1_intrawave_v1,188.62,1179.17,0.0
256,121,8192,512,ck,13,0,5.2517,a8w8_blockscale_1x128x128_256x32x64x256_16x16_16x16_2x1_16x16x1_16x16x1_1x32x1x8_8_2x1_intrawave_v1,193.27,1187.94,0.0
256,109,8192,512,ck,12,0,5.2532,a8w8_blockscale_1x128x128_256x32x128x256_16x16_32x32_1x1_16x16x1_16x16x1_1x32x1x8_8_1x1_intrawave_v1,174.06,1149.01,0.0
256,108,8192,512,ck,12,0,5.2579,a8w8_blockscale_1x128x128_256x32x128x256_16x16_32x32_1x1_16x16x1_16x16x1_1x32x1x8_8_1x1_intrawave_v1,172.31,1144.77,0.0
256,125,8192,512,ck,13,0,5.2621,a8w8_blockscale_1x128x128_256x32x64x256_16x16_16x16_2x1_16x16x1_16x16x1_1x32x1x8_8_2x1_intrawave_v1,199.27,1198.44,0.0
256,127,8192,512,ck,13,0,5.2923,a8w8_blockscale_1x128x128_256x32x64x256_16x16_16x16_2x1_16x16x1_16x16x1_1x32x1x8_8_2x1_intrawave_v1,201.3,1197.98,0.0
256,123,8192,512,ck,12,0,5.2936,a8w8_blockscale_1x128x128_256x32x128x256_16x16_32x32_1x1_16x16x1_16x16x1_1x32x1x8_8_1x1_intrawave_v1,194.91,1184.92,0.0
256,120,8192,512,ck,18,0,5.301,a8w8_blockscale_1x128x128_256x64x64x256_16x16_32x32_1x1_16x16x1_16x16x1_1x32x1x8_8_1x1_intrawave_v1,189.89,1173.71,0.0
256,160,8192,512,ck,13,0,6.1491,a8w8_blockscale_1x128x128_256x32x64x256_16x16_16x16_2x1_16x16x1_16x16x1_1x32x1x8_8_2x1_intrawave_v1,218.27,1121.74,0.0
256,133,8192,512,ck,13,0,6.1567,a8w8_blockscale_1x128x128_256x32x64x256_16x16_16x16_2x1_16x16x1_16x16x1_1x32x1x8_8_2x1_intrawave_v1,181.21,1046.25,0.0
256,151,8192,512,ck,13,0,6.1791,a8w8_blockscale_1x128x128_256x32x64x256_16x16_16x16_2x1_16x16x1_16x16x1_1x32x1x8_8_2x1_intrawave_v1,204.99,1091.68,0.0
256,131,8192,512,ck,13,0,6.1819,a8w8_blockscale_1x128x128_256x32x64x256_16x16_16x16_2x1_16x16x1_16x16x1_1x32x1x8_8_2x1_intrawave_v1,177.76,1036.52,0.0
256,153,8192,512,ck,13,0,6.1991,a8w8_blockscale_1x128x128_256x32x64x256_16x16_16x16_2x1_16x16x1_16x16x1_1x32x1x8_8_2x1_intrawave_v1,207.04,1093.61,0.0
256,132,8192,512,ck,13,0,6.2003,a8w8_blockscale_1x128x128_256x32x64x256_16x16_16x16_2x1_16x16x1_16x16x1_1x32x1x8_8_2x1_intrawave_v1,178.59,1036.17,0.0
256,129,8192,512,ck,13,0,6.2185,a8w8_blockscale_1x128x128_256x32x64x256_16x16_16x16_2x1_16x16x1_16x16x1_1x32x1x8_8_2x1_intrawave_v1,174.02,1024.99,0.0
256,137,8192,512,ck,13,0,6.2551,a8w8_blockscale_1x128x128_256x32x64x256_16x16_16x16_2x1_16x16x1_16x16x1_1x32x1x8_8_2x1_intrawave_v1,183.73,1040.6,0.0
256,158,8192,512,ck,13,0,6.2551,a8w8_blockscale_1x128x128_256x32x64x256_16x16_16x16_2x1_16x16x1_16x16x1_1x32x1x8_8_2x1_intrawave_v1,211.89,1097.32,0.0
256,1,8192,1536,ck,8,0,6.2691,a8w8_blockscale_1x128x128_256x16x64x256_16x16_16x16_1x1_16x16x1_16x16x1_1x16x1x16_4_1x1_intrawave_v1,4.01,2009.99,0.0
256,159,8192,512,ck,13,0,6.2711,a8w8_blockscale_1x128x128_256x32x64x256_16x16_16x16_2x1_16x16x1_16x16x1_1x32x1x8_8_2x1_intrawave_v1,212.69,1097.22,0.0
256,162,8192,512,ck,13,0,6.273,a8w8_blockscale_1x128x128_256x32x64x256_16x16_16x16_2x1_16x16x1_16x16x1_1x32x1x8_8_2x1_intrawave_v1,216.64,1104.97,0.0
256,136,8192,512,ck,18,0,6.2807,a8w8_blockscale_1x128x128_256x64x64x256_16x16_32x32_1x1_16x16x1_16x16x1_1x32x1x8_8_1x1_intrawave_v1,181.64,1033.67,0.0
256,176,8192,512,ck,13,0,6.3111,a8w8_blockscale_1x128x128_256x32x64x256_16x16_16x16_2x1_16x16x1_16x16x1_1x32x1x8_8_2x1_intrawave_v1,233.94,1135.78,0.0
256,149,8192,512,ck,18,0,6.3139,a8w8_blockscale_1x128x128_256x64x64x256_16x16_32x32_1x1_16x16x1_16x16x1_1x32x1x8_8_1x1_intrawave_v1,197.96,1063.02,0.0
256,165,8192,512,ck,13,0,6.3139,a8w8_blockscale_1x128x128_256x32x64x256_16x16_16x16_2x1_16x16x1_16x16x1_1x32x1x8_8_2x1_intrawave_v1,219.22,1105.84,0.0
256,2,8192,1536,ck,8,0,6.3211,a8w8_blockscale_1x128x128_256x16x64x256_16x16_16x16_1x1_16x16x1_16x16x1_1x16x1x16_4_1x1_intrawave_v1,7.96,1996.29,0.0
256,184,8192,512,ck,13,0,6.3255,a8w8_blockscale_1x128x128_256x32x64x256_16x16_16x16_2x1_16x16x1_16x16x1_1x32x1x8_8_2x1_intrawave_v1,244.01,1154.56,0.0
256,174,8192,512,ck,13,0,6.3308,a8w8_blockscale_1x128x128_256x32x64x256_16x16_16x16_2x1_16x16x1_16x16x1_1x32x1x8_8_2x1_intrawave_v1,230.56,1126.9,0.0
256,4,8192,1536,ck,8,0,6.3334,a8w8_blockscale_1x128x128_256x16x64x256_16x16_16x16_1x1_16x16x1_16x16x1_1x16x1x16_4_1x1_intrawave_v1,15.89,1998.07,0.0
256,142,8192,512,ck,18,0,6.3427,a8w8_blockscale_1x128x128_256x64x64x256_16x16_32x32_1x1_16x16x1_16x16x1_1x32x1x8_8_1x1_intrawave_v1,187.8,1039.55,0.0
256,1,6144,1536,ck,8,0,6.3579,a8w8_blockscale_1x128x128_256x16x64x256_16x16_16x16_1x1_16x16x1_16x16x1_1x16x1x16_4_1x1_intrawave_v1,2.97,1486.5,0.0
256,181,8192,512,ck,13,0,6.3707,a8w8_blockscale_1x128x128_256x32x64x256_16x16_16x16_2x1_16x16x1_16x16x1_1x32x1x8_8_2x1_intrawave_v1,238.33,1138.41,0.0
256,182,8192,512,ck,13,0,6.3906,a8w8_blockscale_1x128x128_256x32x64x256_16x16_16x16_2x1_16x16x1_16x16x1_1x32x1x8_8_2x1_intrawave_v1,238.9,1137.51,0.0
256,4,6144,1536,ck,8,0,6.3927,a8w8_blockscale_1x128x128_256x16x64x256_16x16_16x16_1x1_16x16x1_16x16x1_1x16x1x16_4_1x1_intrawave_v1,11.81,1484.89,0.0
256,168,8192,512,ck,18,0,6.4131,a8w8_blockscale_1x128x128_256x64x64x256_16x16_32x32_1x1_16x16x1_16x16x1_1x32x1x8_8_1x1_intrawave_v1,219.75,1096.64,0.0
256,161,8192,512,ck,18,0,6.4235,a8w8_blockscale_1x128x128_256x64x64x256_16x16_32x32_1x1_16x16x1_16x16x1_1x32x1x8_8_1x1_intrawave_v1,210.25,1076.45,0.0
256,185,8192,512,ck,13,0,6.4247,a8w8_blockscale_1x128x128_256x32x64x256_16x16_16x16_2x1_16x16x1_16x16x1_1x32x1x8_8_2x1_intrawave_v1,241.55,1139.36,0.0
256,191,8192,512,ck,13,0,6.471,a8w8_blockscale_1x128x128_256x32x64x256_16x16_16x16_2x1_16x16x1_16x16x1_1x32x1x8_8_2x1_intrawave_v1,247.6,1146.88,0.0
256,200,8192,512,ck,18,0,6.4987,a8w8_blockscale_1x128x128_256x64x64x256_16x16_32x32_1x1_16x16x1_16x16x1_1x32x1x8_8_1x1_intrawave_v1,258.16,1165.39,0.0
256,208,8192,512,ck,18,0,6.5097,a8w8_blockscale_1x128x128_256x64x64x256_16x16_32x32_1x1_16x16x1_16x16x1_1x32x1x8_8_1x1_intrawave_v1,268.04,1184.18,0.0
256,163,8192,512,ck,17,0,6.5247,a8w8_blockscale_1x128x128_256x64x128x256_16x16_32x32_2x1_16x16x1_16x16x1_1x32x1x8_8_1x1_intrawave_v1,209.56,1064.93,0.0
256,217,8192,512,ck,18,0,6.5352,a8w8_blockscale_1x128x128_256x64x64x256_16x16_32x32_1x1_16x16x1_16x16x1_1x32x1x8_8_1x1_intrawave_v1,278.54,1202.83,0.0
256,178,8192,512,ck,18,0,6.5367,a8w8_blockscale_1x128x128_256x64x64x256_16x16_32x32_1x1_16x16x1_16x16x1_1x32x1x8_8_1x1_intrawave_v1,228.43,1101.75,0.0
256,172,8192,512,ck,18,0,6.5387,a8w8_blockscale_1x128x128_256x64x64x256_16x16_32x32_1x1_16x16x1_16x16x1_1x32x1x8_8_1x1_intrawave_v1,220.66,1085.91,0.0
256,211,8192,512,ck,18,0,6.5425,a8w8_blockscale_1x128x128_256x64x64x256_16x16_32x32_1x1_16x16x1_16x16x1_1x32x1x8_8_1x1_intrawave_v1,270.54,1185.99,0.0
256,202,8192,512,ck,18,0,6.5474,a8w8_blockscale_1x128x128_256x64x64x256_16x16_32x32_1x1_16x16x1_16x16x1_1x32x1x8_8_1x1_intrawave_v1,258.8,1161.88,0.0
256,183,8192,512,ck,18,0,6.5606,a8w8_blockscale_1x128x128_256x64x64x256_16x16_32x32_1x1_16x16x1_16x16x1_1x32x1x8_8_1x1_intrawave_v1,233.99,1110.61,0.0
256,169,8192,512,ck,17,0,6.5631,a8w8_blockscale_1x128x128_256x64x128x256_16x16_32x32_2x1_16x16x1_16x16x1_1x32x1x8_8_1x1_intrawave_v1,216.01,1074.15,0.0
256,219,8192,512,ck,18,0,6.5655,a8w8_blockscale_1x128x128_256x64x64x256_16x16_32x32_1x1_16x16x1_16x16x1_1x32x1x8_8_1x1_intrawave_v1,279.81,1202.43,0.0
256,214,8192,512,ck,18,0,6.5803,a8w8_blockscale_1x128x128_256x64x64x256_16x16_32x32_1x1_16x16x1_16x16x1_1x32x1x8_8_1x1_intrawave_v1,272.81,1186.88,0.0
256,32,6144,1536,ck,8,0,6.5918,a8w8_blockscale_1x128x128_256x16x64x256_16x16_16x16_1x1_16x16x1_16x16x1_1x16x1x16_4_1x1_intrawave_v1,91.63,1498.76,0.0
256,225,8192,512,ck,18,0,6.6059,a8w8_blockscale_1x128x128_256x64x64x256_16x16_32x32_1x1_16x16x1_16x16x1_1x32x1x8_8_1x1_intrawave_v1,285.72,1210.42,0.0
256,232,8192,512,ck,18,0,6.6191,a8w8_blockscale_1x128x128_256x64x64x256_16x16_32x32_1x1_16x16x1_16x16x1_1x32x1x8_8_1x1_intrawave_v1,294.02,1225.87,0.0
256,190,8192,512,ck,17,0,6.6232,a8w8_blockscale_1x128x128_256x64x128x256_16x16_32x32_2x1_16x16x1_16x16x1_1x32x1x8_8_1x1_intrawave_v1,240.64,1117.97,0.0
256,222,8192,512,ck,18,0,6.637,a8w8_blockscale_1x128x128_256x64x64x256_16x16_32x32_1x1_16x16x1_16x16x1_1x32x1x8_8_1x1_intrawave_v1,280.59,1197.11,0.0
256,24,6144,1536,ck,8,0,6.6383,a8w8_blockscale_1x128x128_256x16x64x256_16x16_16x16_1x1_16x16x1_16x16x1_1x16x1x16_4_1x1_intrawave_v1,68.24,1471.61,0.0
256,192,8192,512,ck,17,0,6.6484,a8w8_blockscale_1x128x128_256x64x128x256_16x16_32x32_2x1_16x16x1_16x16x1_1x32x1x8_8_1x1_intrawave_v1,242.26,1118.82,0.0
256,198,8192,512,ck,17,0,6.673,a8w8_blockscale_1x128x128_256x64x128x256_16x16_32x32_2x1_16x16x1_16x16x1_1x32x1x8_8_1x1_intrawave_v1,248.91,1129.88,0.0
256,235,8192,512,ck,18,0,6.6738,a8w8_blockscale_1x128x128_256x64x64x256_16x16_32x32_1x1_16x16x1_16x16x1_1x32x1x8_8_1x1_intrawave_v1,295.38,1223.42,0.0
256,196,8192,512,ck,17,0,6.6892,a8w8_blockscale_1x128x128_256x64x128x256_16x16_32x32_2x1_16x16x1_16x16x1_1x32x1x8_8_1x1_intrawave_v1,245.79,1122.1,0.0
256,206,8192,512,ck,17,0,6.7183,a8w8_blockscale_1x128x128_256x64x128x256_16x16_32x32_2x1_16x16x1_16x16x1_1x32x1x8_8_1x1_intrawave_v1,257.22,1142.38,0.0
256,166,8192,512,ck,3,0,6.724,a8w8_blockscale_1x128x128_256x64x64x128_16x16_32x32_1x1_8x32x1_8x32x1_1x32x1x8_8_1x1_intrawave_v3,207.1,1040.9,0.0
256,224,8192,512,ck,17,0,6.7319,a8w8_blockscale_1x128x128_256x64x128x256_16x16_32x32_2x1_16x16x1_16x16x1_1x32x1x8_8_1x1_intrawave_v1,279.13,1185.25,0.0
256,243,8192,512,ck,17,0,6.7332,a8w8_blockscale_1x128x128_256x64x128x256_16x16_32x32_2x1_16x16x1_16x16x1_1x32x1x8_8_1x1_intrawave_v1,302.74,1232.7,0.0
256,255,8192,512,ck,18,0,6.7351,a8w8_blockscale_1x128x128_256x64x64x256_16x16_32x32_1x1_16x16x1_16x16x1_1x32x1x8_8_1x1_intrawave_v1,317.6,1262.46,0.0
256,205,8192,512,ck,17,0,6.7411,a8w8_blockscale_1x128x128_256x64x128x256_16x16_32x32_2x1_16x16x1_16x16x1_1x32x1x8_8_1x1_intrawave_v1,255.1,1136.01,0.0
256,207,8192,512,ck,17,0,6.7555,a8w8_blockscale_1x128x128_256x64x128x256_16x16_32x32_2x1_16x16x1_16x16x1_1x32x1x8_8_1x1_intrawave_v1,257.04,1138.59,0.0
256,247,8192,512,ck,17,0,6.7574,a8w8_blockscale_1x128x128_256x64x128x256_16x16_32x32_2x1_16x16x1_16x16x1_1x32x1x8_8_1x1_intrawave_v1,306.62,1238.29,0.0
256,175,8192,512,ck,16,0,6.9277,a8w8_blockscale_1x128x128_256x64x64x128_16x16_32x32_1x1_8x32x1_8x32x1_1x32x1x8_8_1x1_intrawave_v1,211.9,1032.25,0.0
256,2,6144,1536,ck,8,0,6.95,a8w8_blockscale_1x128x128_256x16x64x256_16x16_16x16_1x1_16x16x1_16x16x1_1x16x1x16_4_1x1_intrawave_v1,5.43,1361.85,0.0
256,8,6144,1536,ck,8,0,7.0062,a8w8_blockscale_1x128x128_256x16x64x256_16x16_16x16_1x1_16x16x1_16x16x1_1x16x1x16_4_1x1_intrawave_v1,21.55,1362.76,0.0
256,212,8192,512,ck,17,0,7.0139,a8w8_blockscale_1x128x128_256x64x128x256_16x16_32x32_2x1_16x16x1_16x16x1_1x32x1x8_8_1x1_intrawave_v1,253.55,1108.69,0.0
256,215,8192,512,ck,16,0,7.0532,a8w8_blockscale_1x128x128_256x64x64x128_16x16_32x32_1x1_8x32x1_8x32x1_1x32x1x8_8_1x1_intrawave_v1,255.71,1109.7,0.0
256,210,8192,512,ck,16,0,7.0718,a8w8_blockscale_1x128x128_256x64x64x128_16x16_32x32_1x1_8x32x1_8x32x1_1x32x1x8_8_1x1_intrawave_v1,249.1,1094.84,0.0
256,226,8192,512,ck,16,0,7.0869,a8w8_blockscale_1x128x128_256x64x64x128_16x16_32x32_1x1_8x32x1_8x32x1_1x32x1x8_8_1x1_intrawave_v1,267.51,1130.65,0.0
256,16,8192,1536,ck,8,0,7.1053,a8w8_blockscale_1x128x128_256x16x64x256_16x16_16x16_1x1_16x16x1_16x16x1_1x16x1x16_4_1x1_intrawave_v1,56.67,1811.27,0.0
256,230,8192,512,ck,2,0,7.1162,a8w8_blockscale_1x128x128_256x64x128x128_16x16_32x32_1x2_8x32x1_8x32x1_1x32x1x8_8_1x1_intrawave_v3,271.13,1135.49,0.0
256,8,8192,1536,ck,8,0,7.1699,a8w8_blockscale_1x128x128_256x16x64x256_16x16_16x16_1x1_16x16x1_16x16x1_1x16x1x16_4_1x1_intrawave_v1,28.08,1774.96,0.0
256,16,6144,1536,ck,7,0,7.2204,a8w8_blockscale_1x128x128_256x16x128x256_16x16_16x16_1x2_16x16x1_16x16x1_1x16x1x16_8_1x2_intrawave_v1,41.82,1337.65,0.0
256,64,8192,1536,ck,7,0,7.2395,a8w8_blockscale_1x128x128_256x16x128x256_16x16_16x16_1x2_16x16x1_16x16x1_1x16x1x16_8_1x2_intrawave_v1,222.48,1896.51,0.0
256,24,8192,1536,ck,18,0,7.2426,a8w8_blockscale_1x128x128_256x64x64x256_16x16_32x32_1x1_16x16x1_16x16x1_1x32x1x8_8_1x1_intrawave_v1,83.39,1796.73,0.0
256,40,6144,1536,ck,18,0,7.2556,a8w8_blockscale_1x128x128_256x64x64x256_16x16_32x32_1x1_16x16x1_16x16x1_1x32x1x8_8_1x1_intrawave_v1,104.05,1376.89,0.0
256,32,8192,1536,ck,18,0,7.2561,a8w8_blockscale_1x128x128_256x64x64x256_16x16_32x32_1x1_16x16x1_16x16x1_1x32x1x8_8_1x1_intrawave_v1,110.98,1813.14,0.0
256,48,6144,1536,ck,18,0,7.2677,a8w8_blockscale_1x128x128_256x64x64x256_16x16_32x32_1x1_16x16x1_16x16x1_1x32x1x8_8_1x1_intrawave_v1,124.66,1389.81,0.0
256,250,8192,512,ck,3,0,7.2763,a8w8_blockscale_1x128x128_256x64x64x128_16x16_32x32_1x1_8x32x1_8x32x1_1x32x1x8_8_1x1_intrawave_v3,288.22,1156.95,0.0
256,233,8192,512,ck,15,0,7.2989,a8w8_blockscale_1x128x128_256x64x128x128_16x16_32x32_2x1_8x32x1_8x32x1_1x32x1x8_8_1x1_intrawave_v1,267.79,1114.01,0.0
256,40,8192,1536,ck,18,0,7.3147,a8w8_blockscale_1x128x128_256x64x64x256_16x16_32x32_1x1_16x16x1_16x16x1_1x32x1x8_8_1x1_intrawave_v1,137.62,1818.22,0.0
256,48,8192,1536,ck,7,0,7.3799,a8w8_blockscale_1x128x128_256x16x128x256_16x16_16x16_1x2_16x16x1_16x16x1_1x16x1x16_8_1x2_intrawave_v1,163.68,1821.58,0.0
256,56,6144,1536,ck,18,0,7.4149,a8w8_blockscale_1x128x128_256x64x64x256_16x16_32x32_1x1_16x16x1_16x16x1_1x32x1x8_8_1x1_intrawave_v1,142.55,1377.14,0.0
256,128,4096,1280,ck,7,0,7.4194,a8w8_blockscale_1x128x128_256x16x128x256_16x16_16x16_1x2_16x16x1_16x16x1_1x16x1x16_8_1x2_intrawave_v1,180.9,870.06,0.0
256,56,8192,1536,ck,18,0,7.4346,a8w8_blockscale_1x128x128_256x64x64x256_16x16_32x32_1x1_16x16x1_16x16x1_1x32x1x8_8_1x1_intrawave_v1,189.56,1827.46,0.0
256,64,6144,1536,ck,8,0,7.5132,a8w8_blockscale_1x128x128_256x16x64x256_16x16_16x16_1x1_16x16x1_16x16x1_1x16x1x16_4_1x1_intrawave_v1,160.78,1373.84,0.0
256,112,6144,1536,ck,18,0,7.5393,a8w8_blockscale_1x128x128_256x64x64x256_16x16_32x32_1x1_16x16x1_16x16x1_1x32x1x8_8_1x1_intrawave_v1,280.39,1457.09,0.0
256,88,6144,1536,ck,18,0,7.548,a8w8_blockscale_1x128x128_256x64x64x256_16x16_32x32_1x1_16x16x1_16x16x1_1x32x1x8_8_1x1_intrawave_v1,220.05,1411.46,0.0
256,72,6144,1536,ck,7,0,7.5797,a8w8_blockscale_1x128x128_256x16x128x256_16x16_16x16_1x2_16x16x1_16x16x1_1x16x1x16_8_1x2_intrawave_v1,179.29,1376.38,0.0
256,96,6144,1536,ck,18,0,7.5802,a8w8_blockscale_1x128x128_256x64x64x256_16x16_32x32_1x1_16x16x1_16x16x1_1x32x1x8_8_1x1_intrawave_v1,239.04,1420.05,0.0
256,128,6144,1536,ck,18,0,7.5858,a8w8_blockscale_1x128x128_256x64x64x256_16x16_32x32_1x1_16x16x1_16x16x1_1x32x1x8_8_1x1_intrawave_v1,318.48,1477.32,0.0
256,120,6144,1536,ck,18,0,7.6051,a8w8_blockscale_1x128x128_256x64x64x256_16x16_32x32_1x1_16x16x1_16x16x1_1x32x1x8_8_1x1_intrawave_v1,297.82,1459.03,0.0
256,260,8192,512,ck,3,0,7.6072,a8w8_blockscale_1x128x128_256x64x64x128_16x16_32x32_1x1_8x32x1_8x32x1_1x32x1x8_8_1x1_intrawave_v3,286.71,1128.83,0.0
256,286,8192,512,ck,13,0,7.608,a8w8_blockscale_1x128x128_256x32x64x256_16x16_16x16_2x1_16x16x1_16x16x1_1x32x1x8_8_2x1_intrawave_v1,315.34,1186.46,0.0
256,320,8192,512,ck,3,0,7.6083,a8w8_blockscale_1x128x128_256x64x64x128_16x16_32x32_1x1_8x32x1_8x32x1_1x32x1x8_8_1x1_intrawave_v3,352.82,1261.91,0.0
256,288,8192,512,ck,13,0,7.6134,a8w8_blockscale_1x128x128_256x32x64x256_16x16_16x16_2x1_16x16x1_16x16x1_1x32x1x8_8_2x1_intrawave_v1,317.32,1190.05,0.0
256,258,8192,512,ck,18,0,7.6359,a8w8_blockscale_1x128x128_256x64x64x256_16x16_32x32_1x1_16x16x1_16x16x1_1x32x1x8_8_1x1_intrawave_v1,283.43,1120.17,0.0
256,281,8192,512,ck,13,0,7.6391,a8w8_blockscale_1x128x128_256x32x64x256_16x16_16x16_2x1_16x16x1_16x16x1_1x32x1x8_8_2x1_intrawave_v1,308.57,1170.57,0.0
256,80,8192,1536,ck,18,0,7.6417,a8w8_blockscale_1x128x128_256x64x64x256_16x16_32x32_1x1_16x16x1_16x16x1_1x32x1x8_8_1x1_intrawave_v1,263.46,1834.21,0.0
256,268,8192,512,ck,18,0,7.6424,a8w8_blockscale_1x128x128_256x64x64x256_16x16_32x32_1x1_16x16x1_16x16x1_1x32x1x8_8_1x1_intrawave_v1,294.17,1141.32,0.0
256,310,8192,512,ck,16,0,7.6447,a8w8_blockscale_1x128x128_256x64x64x128_16x16_32x32_1x1_8x32x1_8x32x1_1x32x1x8_8_1x1_intrawave_v1,340.17,1233.8,0.0
256,264,8192,512,ck,3,0,7.6633,a8w8_blockscale_1x128x128_256x64x64x128_16x16_32x32_1x1_8x32x1_8x32x1_1x32x1x8_8_1x1_intrawave_v3,288.99,1129.39,0.0
256,72,8192,1536,ck,18,0,7.6639,a8w8_blockscale_1x128x128_256x64x64x256_16x16_32x32_1x1_16x16x1_16x16x1_1x32x1x8_8_1x1_intrawave_v1,236.43,1810.19,0.0
256,280,8192,512,ck,18,0,7.6651,a8w8_blockscale_1x128x128_256x64x64x256_16x16_32x32_1x1_16x16x1_16x16x1_1x32x1x8_8_1x1_intrawave_v1,306.43,1164.39,0.0
256,270,8192,512,ck,18,0,7.6819,a8w8_blockscale_1x128x128_256x64x64x256_16x16_32x32_1x1_16x16x1_16x16x1_1x32x1x8_8_1x1_intrawave_v1,294.84,1139.85,0.0
256,80,6144,1536,ck,18,0,7.6994,a8w8_blockscale_1x128x128_256x64x64x256_16x16_32x32_1x1_16x16x1_16x16x1_1x32x1x8_8_1x1_intrawave_v1,196.11,1369.34,0.0
256,285,8192,512,ck,13,0,7.7186,a8w8_blockscale_1x128x128_256x32x64x256_16x16_16x16_2x1_16x16x1_16x16x1_1x32x1x8_8_2x1_intrawave_v1,309.74,1167.27,0.0
256,265,8192,512,ck,16,0,7.7191,a8w8_blockscale_1x128x128_256x64x64x128_16x16_32x32_1x1_8x32x1_8x32x1_1x32x1x8_8_1x1_intrawave_v1,287.98,1123.41,0.0
256,104,6144,1536,ck,18,0,7.7294,a8w8_blockscale_1x128x128_256x64x64x256_16x16_32x32_1x1_16x16x1_16x16x1_1x32x1x8_8_1x1_intrawave_v1,253.96,1406.95,0.0
256,300,8192,512,ck,13,0,7.7483,a8w8_blockscale_1x128x128_256x32x64x256_16x16_16x16_2x1_16x16x1_16x16x1_1x32x1x8_8_2x1_intrawave_v1,324.79,1195.5,0.0
256,299,8192,512,ck,13,0,7.7546,a8w8_blockscale_1x128x128_256x32x64x256_16x16_16x16_2x1_16x16x1_16x16x1_1x32x1x8_8_2x1_intrawave_v1,323.45,1192.35,0.0
256,263,8192,512,ck,13,0,7.7639,a8w8_blockscale_1x128x128_256x32x64x256_16x16_16x16_2x1_16x16x1_16x16x1_1x32x1x8_8_2x1_intrawave_v1,284.16,1112.58,0.0
256,309,8192,512,ck,16,0,7.7704,a8w8_blockscale_1x128x128_256x64x64x128_16x16_32x32_1x1_8x32x1_8x32x1_1x32x1x8_8_1x1_intrawave_v1,333.58,1211.67,0.0
256,275,8192,512,ck,13,0,7.7743,a8w8_blockscale_1x128x128_256x32x64x256_16x16_16x16_2x1_16x16x1_16x16x1_1x32x1x8_8_2x1_intrawave_v1,296.73,1137.17,0.0
256,276,8192,512,ck,16,0,7.7799,a8w8_blockscale_1x128x128_256x64x64x128_16x16_32x32_1x1_8x32x1_8x32x1_1x32x1x8_8_1x1_intrawave_v1,297.59,1138.52,0.0
256,316,8192,512,ck,16,0,7.7847,a8w8_blockscale_1x128x128_256x64x64x128_16x16_32x32_1x1_8x32x1_8x32x1_1x32x1x8_8_1x1_intrawave_v1,340.51,1224.64,0.0
256,289,8192,512,ck,16,0,7.7936,a8w8_blockscale_1x128x128_256x64x64x128_16x16_32x32_1x1_8x32x1_8x32x1_1x32x1x8_8_1x1_intrawave_v1,311.06,1164.71,0.0
256,128,8192,1536,ck,18,0,7.7965,a8w8_blockscale_1x128x128_256x64x64x256_16x16_32x32_1x1_16x16x1_16x16x1_1x32x1x8_8_1x1_intrawave_v1,413.16,1908.12,0.0
256,96,8192,1536,ck,18,0,7.8089,a8w8_blockscale_1x128x128_256x64x64x256_16x16_32x32_1x1_16x16x1_16x16x1_1x32x1x8_8_1x1_intrawave_v1,309.38,1831.66,0.0
256,303,8192,512,ck,13,0,7.8135,a8w8_blockscale_1x128x128_256x32x64x256_16x16_16x16_2x1_16x16x1_16x16x1_1x32x1x8_8_2x1_intrawave_v1,325.3,1192.01,0.0
256,261,8192,512,ck,13,0,7.8185,a8w8_blockscale_1x128x128_256x32x64x256_16x16_16x16_2x1_16x16x1_16x16x1_1x32x1x8_8_2x1_intrawave_v1,280.03,1100.49,0.0
256,262,8192,512,ck,18,0,7.8519,a8w8_blockscale_1x128x128_256x64x64x256_16x16_32x32_1x1_16x16x1_16x16x1_1x32x1x8_8_1x1_intrawave_v1,279.91,1097.96,0.0
256,257,8192,512,ck,18,0,7.8634,a8w8_blockscale_1x128x128_256x64x64x256_16x16_32x32_1x1_16x16x1_16x16x1_1x32x1x8_8_1x1_intrawave_v1,274.17,1085.61,0.0
256,292,8192,512,ck,12,0,7.9057,a8w8_blockscale_1x128x128_256x32x128x256_16x16_32x32_1x1_16x16x1_16x16x1_1x32x1x8_8_1x1_intrawave_v1,309.84,1154.6,0.0
256,324,8192,512,ck,16,0,7.9276,a8w8_blockscale_1x128x128_256x64x64x128_16x16_32x32_1x1_8x32x1_8x32x1_1x32x1x8_8_1x1_intrawave_v1,342.84,1219.61,0.0
256,335,8192,512,ck,18,0,7.9293,a8w8_blockscale_1x128x128_256x64x64x256_16x16_32x32_1x1_16x16x1_16x16x1_1x32x1x8_8_1x1_intrawave_v1,354.41,1242.79,0.0
256,332,8192,512,ck,16,0,7.9443,a8w8_blockscale_1x128x128_256x64x64x128_16x16_32x32_1x1_8x32x1_8x32x1_1x32x1x8_8_1x1_intrawave_v1,350.57,1234.06,0.0
256,315,8192,512,ck,16,0,7.9463,a8w8_blockscale_1x128x128_256x64x64x128_16x16_32x32_1x1_8x32x1_8x32x1_1x32x1x8_8_1x1_intrawave_v1,332.53,1197.61,0.0
256,319,8192,512,ck,13,0,7.9524,a8w8_blockscale_1x128x128_256x32x64x256_16x16_16x16_2x1_16x16x1_16x16x1_1x32x1x8_8_2x1_intrawave_v1,336.5,1205.19,0.0
256,152,6144,1536,ck,12,0,7.9614,a8w8_blockscale_1x128x128_256x32x128x256_16x16_32x32_1x1_16x16x1_16x16x1_1x32x1x8_8_1x1_intrawave_v1,360.35,1449.3,0.0
256,326,8192,512,ck,18,0,7.97,a8w8_blockscale_1x128x128_256x64x64x256_16x16_32x32_1x1_16x16x1_16x16x1_1x32x1x8_8_1x1_intrawave_v1,343.12,1217.37,0.0
256,294,8192,512,ck,18,0,7.9719,a8w8_blockscale_1x128x128_256x64x64x256_16x16_32x32_1x1_16x16x1_16x16x1_1x32x1x8_8_1x1_intrawave_v1,309.37,1149.25,0.0
256,104,8192,1536,ck,12,0,7.9777,a8w8_blockscale_1x128x128_256x32x128x256_16x16_32x32_1x1_16x16x1_16x16x1_1x32x1x8_8_1x1_intrawave_v1,328.07,1810.87,0.0
256,358,8192,512,ck,16,0,7.9808,a8w8_blockscale_1x128x128_256x64x64x128_16x16_32x32_1x1_8x32x1_8x32x1_1x32x1x8_8_1x1_intrawave_v1,376.29,1283.46,0.0
256,318,8192,512,ck,18,0,7.9847,a8w8_blockscale_1x128x128_256x64x64x256_16x16_32x32_1x1_16x16x1_16x16x1_1x32x1x8_8_1x1_intrawave_v1,334.09,1198.2,0.0
256,272,8192,512,ck,13,0,7.9911,a8w8_blockscale_1x128x128_256x32x64x256_16x16_16x16_2x1_16x16x1_16x16x1_1x32x1x8_8_2x1_intrawave_v1,285.53,1099.98,0.0
256,298,8192,512,ck,3,0,7.9999,a8w8_blockscale_1x128x128_256x64x64x128_16x16_32x32_1x1_8x32x1_8x32x1_1x32x1x8_8_1x1_intrawave_v3,312.48,1153.68,0.0
256,307,8192,512,ck,16,0,8.002,a8w8_blockscale_1x128x128_256x64x64x128_16x16_32x32_1x1_8x32x1_8x32x1_1x32x1x8_8_1x1_intrawave_v1,321.83,1172.38,0.0
256,361,8192,512,ck,18,0,8.0257,a8w8_blockscale_1x128x128_256x64x64x256_16x16_32x32_1x1_16x16x1_16x16x1_1x32x1x8_8_1x1_intrawave_v1,377.32,1282.6,0.0
256,352,8192,512,ck,18,0,8.0289,a8w8_blockscale_1x128x128_256x64x64x256_16x16_32x32_1x1_16x16x1_16x16x1_1x32x1x8_8_1x1_intrawave_v1,367.77,1263.15,0.0
256,136,6144,1536,ck,12,0,8.0305,a8w8_blockscale_1x128x128_256x32x128x256_16x16_32x32_1x1_16x16x1_16x16x1_1x32x1x8_8_1x1_intrawave_v1,319.65,1409.28,0.0
256,344,8192,512,ck,18,0,8.0311,a8w8_blockscale_1x128x128_256x64x64x256_16x16_32x32_1x1_16x16x1_16x16x1_1x32x1x8_8_1x1_intrawave_v1,359.31,1245.97,0.0
256,373,8192,512,ck,18,0,8.0383,a8w8_blockscale_1x128x128_256x64x64x256_16x16_32x32_1x1_16x16x1_16x16x1_1x32x1x8_8_1x1_intrawave_v1,389.26,1305.81,0.0
256,372,8192,512,ck,18,0,8.0419,a8w8_blockscale_1x128x128_256x64x64x256_16x16_32x32_1x1_16x16x1_16x16x1_1x32x1x8_8_1x1_intrawave_v1,388.04,1303.13,0.0
256,88,8192,1536,ck,18,0,8.0448,a8w8_blockscale_1x128x128_256x64x64x256_16x16_32x32_1x1_16x16x1_16x16x1_1x32x1x8_8_1x1_intrawave_v1,275.28,1760.13,0.0
256,321,8192,512,ck,16,0,8.0509,a8w8_blockscale_1x128x128_256x64x64x128_16x16_32x32_1x1_8x32x1_8x32x1_1x32x1x8_8_1x1_intrawave_v1,334.46,1194.64,0.0
256,342,8192,512,ck,18,0,8.0663,a8w8_blockscale_1x128x128_256x64x64x256_16x16_32x32_1x1_16x16x1_16x16x1_1x32x1x8_8_1x1_intrawave_v1,355.67,1236.35,0.0
256,363,8192,512,ck,16,0,8.0688,a8w8_blockscale_1x128x128_256x64x64x128_16x16_32x32_1x1_8x32x1_8x32x1_1x32x1x8_8_1x1_intrawave_v1,377.39,1279.94,0.0
256,290,8192,512,ck,3,0,8.0759,a8w8_blockscale_1x128x128_256x64x64x128_16x16_32x32_1x1_8x32x1_8x32x1_1x32x1x8_8_1x1_intrawave_v3,301.23,1126.08,0.0
256,374,8192,512,ck,3,0,8.0799,a8w8_blockscale_1x128x128_256x64x64x128_16x16_32x32_1x1_8x32x1_8x32x1_1x32x1x8_8_1x1_intrawave_v3,388.29,1301.18,0.0
256,376,8192,512,ck,18,0,8.0848,a8w8_blockscale_1x128x128_256x64x64x256_16x16_32x32_1x1_16x16x1_16x16x1_1x32x1x8_8_1x1_intrawave_v1,390.13,1304.57,0.0
256,112,8192,1536,ck,12,0,8.0962,a8w8_blockscale_1x128x128_256x32x128x256_16x16_32x32_1x1_16x16x1_16x16x1_1x32x1x8_8_1x1_intrawave_v1,348.14,1802.07,0.0
256,349,8192,512,ck,18,0,8.1038,a8w8_blockscale_1x128x128_256x64x64x256_16x16_32x32_1x1_16x16x1_16x16x1_1x32x1x8_8_1x1_intrawave_v1,361.27,1245.22,0.0
256,378,8192,512,ck,16,0,8.105,a8w8_blockscale_1x128x128_256x64x64x128_16x16_32x32_1x1_8x32x1_8x32x1_1x32x1x8_8_1x1_intrawave_v1,391.23,1305.49,0.0
256,343,8192,512,ck,16,0,8.113,a8w8_blockscale_1x128x128_256x64x64x128_16x16_32x32_1x1_8x32x1_8x32x1_1x32x1x8_8_1x1_intrawave_v1,354.65,1231.31,0.0
256,304,8192,512,ck,18,0,8.1391,a8w8_blockscale_1x128x128_256x64x64x256_16x16_32x32_1x1_16x16x1_16x16x1_1x32x1x8_8_1x1_intrawave_v1,313.32,1146.4,0.0
256,283,8192,512,ck,16,0,8.1413,a8w8_blockscale_1x128x128_256x64x64x128_16x16_32x32_1x1_8x32x1_8x32x1_1x32x1x8_8_1x1_intrawave_v1,291.6,1102.51,0.0
256,353,8192,512,ck,18,0,8.1558,a8w8_blockscale_1x128x128_256x64x64x256_16x16_32x32_1x1_16x16x1_16x16x1_1x32x1x8_8_1x1_intrawave_v1,363.08,1245.57,0.0
256,333,8192,512,ck,3,0,8.1619,a8w8_blockscale_1x128x128_256x64x64x128_16x16_32x32_1x1_8x32x1_8x32x1_1x32x1x8_8_1x1_intrawave_v3,342.25,1203.23,0.0
256,346,8192,512,ck,3,0,8.1911,a8w8_blockscale_1x128x128_256x64x64x128_16x16_32x32_1x1_8x32x1_8x32x1_1x32x1x8_8_1x1_intrawave_v3,354.34,1225.76,0.0
256,356,8192,512,ck,16,0,8.2075,a8w8_blockscale_1x128x128_256x64x64x128_16x16_32x32_1x1_8x32x1_8x32x1_1x32x1x8_8_1x1_intrawave_v1,363.86,1243.9,0.0
256,362,8192,512,ck,18,0,8.2107,a8w8_blockscale_1x128x128_256x64x64x256_16x16_32x32_1x1_16x16x1_16x16x1_1x32x1x8_8_1x1_intrawave_v1,369.84,1255.76,0.0
256,341,8192,512,ck,18,0,8.2183,a8w8_blockscale_1x128x128_256x64x64x256_16x16_32x32_1x1_16x16x1_16x16x1_1x32x1x8_8_1x1_intrawave_v1,348.07,1211.42,0.0
256,370,8192,512,ck,18,0,8.2283,a8w8_blockscale_1x128x128_256x64x64x256_16x16_32x32_1x1_16x16x1_16x16x1_1x32x1x8_8_1x1_intrawave_v1,377.21,1269.5,0.0
256,120,8192,1536,ck,12,0,8.2481,a8w8_blockscale_1x128x128_256x32x128x256_16x16_32x32_1x1_16x16x1_16x16x1_1x32x1x8_8_1x1_intrawave_v1,366.13,1786.27,0.0
256,380,8192,512,ck,18,0,8.2659,a8w8_blockscale_1x128x128_256x64x64x256_16x16_32x32_1x1_16x16x1_16x16x1_1x32x1x8_8_1x1_intrawave_v1,385.64,1284.17,0.0
256,350,8192,512,ck,18,0,8.3099,a8w8_blockscale_1x128x128_256x64x64x256_16x16_32x32_1x1_16x16x1_16x16x1_1x32x1x8_8_1x1_intrawave_v1,353.32,1216.37,0.0
256,160,6144,1536,ck,12,0,8.3183,a8w8_blockscale_1x128x128_256x32x128x256_16x16_32x32_1x1_16x16x1_16x16x1_1x32x1x8_8_1x1_intrawave_v1,363.04,1400.41,0.0
256,338,8192,512,ck,3,0,8.3506,a8w8_blockscale_1x128x128_256x64x64x128_16x16_32x32_1x1_8x32x1_8x32x1_1x32x1x8_8_1x1_intrawave_v3,339.54,1186.16,0.0
256,382,8192,512,ck,3,0,8.3655,a8w8_blockscale_1x128x128_256x64x64x128_16x16_32x32_1x1_8x32x1_8x32x1_1x32x1x8_8_1x1_intrawave_v3,383.06,1272.92,0.0
256,314,8192,512,ck,16,0,8.3827,a8w8_blockscale_1x128x128_256x64x64x128_16x16_32x32_1x1_8x32x1_8x32x1_1x32x1x8_8_1x1_intrawave_v1,314.22,1133.24,0.0
256,325,8192,512,ck,3,0,8.4081,a8w8_blockscale_1x128x128_256x64x64x128_16x16_32x32_1x1_8x32x1_8x32x1_1x32x1x8_8_1x1_intrawave_v3,324.25,1151.93,0.0
256,144,6144,1536,ck,12,0,8.4155,a8w8_blockscale_1x128x128_256x32x128x256_16x16_32x32_1x1_16x16x1_16x16x1_1x32x1x8_8_1x1_intrawave_v1,322.96,1357.95,0.0
256,368,8192,512,ck,18,0,8.517,a8w8_blockscale_1x128x128_256x64x64x256_16x16_32x32_1x1_16x16x1_16x16x1_1x32x1x8_8_1x1_intrawave_v1,362.45,1222.5,0.0
256,377,8192,512,ck,3,0,8.5429,a8w8_blockscale_1x128x128_256x64x64x128_16x16_32x32_1x1_8x32x1_8x32x1_1x32x1x8_8_1x1_intrawave_v3,370.19,1236.59,0.0
256,482,8192,512,ck,0,0,9.3195,a8w8_blockscale_1x128x128_256x128x128x128_16x16_32x32_2x2_8x32x1_8x32x1_1x32x1x8_8_1x1_intrawave_v3,433.85,1323.91,0.0
256,492,8192,512,ck,18,0,9.349,a8w8_blockscale_1x128x128_256x64x64x256_16x16_32x32_1x1_16x16x1_16x16x1_1x32x1x8_8_1x1_intrawave_v1,441.46,1337.8,0.0
256,472,8192,512,ck,18,0,9.3591,a8w8_blockscale_1x128x128_256x64x64x256_16x16_32x32_1x1_16x16x1_16x16x1_1x32x1x8_8_1x1_intrawave_v1,423.06,1300.25,0.0
256,451,8192,512,ck,18,0,9.4131,a8w8_blockscale_1x128x128_256x64x64x256_16x16_32x32_1x1_16x16x1_16x16x1_1x32x1x8_8_1x1_intrawave_v1,401.91,1255.1,0.0
256,475,8192,512,ck,0,0,9.4183,a8w8_blockscale_1x128x128_256x128x128x128_16x16_32x32_2x2_8x32x1_8x32x1_1x32x1x8_8_1x1_intrawave_v3,423.07,1297.46,0.0
256,470,8192,512,ck,18,0,9.4674,a8w8_blockscale_1x128x128_256x64x64x256_16x16_32x32_1x1_16x16x1_16x16x1_1x32x1x8_8_1x1_intrawave_v1,416.44,1281.81,0.0
256,480,8192,512,ck,2,0,9.4871,a8w8_blockscale_1x128x128_256x64x128x128_16x16_32x32_1x2_8x32x1_8x32x1_1x32x1x8_8_1x1_intrawave_v3,424.42,1296.96,0.0
256,478,8192,512,ck,17,0,9.4995,a8w8_blockscale_1x128x128_256x64x128x256_16x16_32x32_2x1_16x16x1_16x16x1_1x32x1x8_8_1x1_intrawave_v1,422.1,1291.71,0.0
256,476,8192,512,ck,18,0,9.5078,a8w8_blockscale_1x128x128_256x64x64x256_16x16_32x32_1x1_16x16x1_16x16x1_1x32x1x8_8_1x1_intrawave_v1,419.97,1287.03,0.0
256,450,8192,512,ck,17,0,9.548,a8w8_blockscale_1x128x128_256x64x128x256_16x16_32x32_2x1_16x16x1_16x16x1_1x32x1x8_8_1x1_intrawave_v1,395.36,1235.6,0.0
256,467,8192,512,ck,0,0,9.5623,a8w8_blockscale_1x128x128_256x128x128x128_16x16_32x32_2x2_8x32x1_8x32x1_1x32x1x8_8_1x1_intrawave_v3,409.68,1263.79,0.0
256,459,8192,512,ck,0,0,9.6055,a8w8_blockscale_1x128x128_256x128x128x128_16x16_32x32_2x2_8x32x1_8x32x1_1x32x1x8_8_1x1_intrawave_v3,400.85,1244.03,0.0
256,494,8192,512,ck,18,0,9.6088,a8w8_blockscale_1x128x128_256x64x64x256_16x16_32x32_1x1_16x16x1_16x16x1_1x32x1x8_8_1x1_intrawave_v1,431.27,1305.15,0.0
256,488,8192,512,ck,0,0,9.6214,a8w8_blockscale_1x128x128_256x128x128x128_16x16_32x32_2x2_8x32x1_8x32x1_1x32x1x8_8_1x1_intrawave_v3,425.47,1292.9,0.0
256,486,8192,512,ck,0,0,9.6278,a8w8_blockscale_1x128x128_256x128x128x128_16x16_32x32_2x2_8x32x1_8x32x1_1x32x1x8_8_1x1_intrawave_v3,423.45,1288.54,0.0
256,489,8192,512,ck,0,0,9.6655,a8w8_blockscale_1x128x128_256x128x128x128_16x16_32x32_2x2_8x32x1_8x32x1_1x32x1x8_8_1x1_intrawave_v3,424.4,1288.75,0.0
256,428,8192,512,ck,0,0,9.6683,a8w8_blockscale_1x128x128_256x128x128x128_16x16_32x32_2x2_8x32x1_8x32x1_1x32x1x8_8_1x1_intrawave_v3,371.35,1181.78,0.0
256,456,8192,512,ck,17,0,9.7619,a8w8_blockscale_1x128x128_256x64x128x256_16x16_32x32_2x1_16x16x1_16x16x1_1x32x1x8_8_1x1_intrawave_v1,391.85,1218.91,0.0
256,458,8192,512,ck,2,0,9.7702,a8w8_blockscale_1x128x128_256x64x128x128_16x16_32x32_1x2_8x32x1_8x32x1_1x32x1x8_8_1x1_intrawave_v3,393.23,1221.33,0.0
256,386,8192,512,ck,18,0,9.7727,a8w8_blockscale_1x128x128_256x64x64x256_16x16_32x32_1x1_16x16x1_16x16x1_1x32x1x8_8_1x1_intrawave_v1,331.33,1096.54,0.0
256,402,8192,512,ck,0,0,9.8027,a8w8_blockscale_1x128x128_256x128x128x128_16x16_32x32_2x2_8x32x1_8x32x1_1x32x1x8_8_1x1_intrawave_v3,344.01,1120.76,0.0
256,421,8192,512,ck,0,0,9.8183,a8w8_blockscale_1x128x128_256x128x128x128_16x16_32x32_2x2_8x32x1_8x32x1_1x32x1x8_8_1x1_intrawave_v3,359.7,1151.68,0.0
256,512,8192,512,ck,1,0,9.8243,a8w8_blockscale_1x128x128_256x128x64x128_16x16_32x32_2x1_8x32x1_8x32x1_1x32x1x8_8_1x1_intrawave_v3,437.18,1307.48,0.0
256,469,8192,512,ck,17,0,9.8339,a8w8_blockscale_1x128x128_256x64x128x256_16x16_32x32_2x1_16x16x1_16x16x1_1x32x1x8_8_1x1_intrawave_v1,400.07,1232.32,0.0
256,504,8192,512,ck,17,0,9.8779,a8w8_blockscale_1x128x128_256x64x128x256_16x16_32x32_2x1_16x16x1_16x16x1_1x32x1x8_8_1x1_intrawave_v1,428.01,1286.7,0.0
256,396,8192,512,ck,0,0,9.905,a8w8_blockscale_1x128x128_256x128x128x128_16x16_32x32_2x2_8x32x1_8x32x1_1x32x1x8_8_1x1_intrawave_v3,335.37,1098.95,0.0
256,391,8192,512,ck,18,0,9.9283,a8w8_blockscale_1x128x128_256x64x64x256_16x16_32x32_1x1_16x16x1_16x16x1_1x32x1x8_8_1x1_intrawave_v1,330.36,1087.86,0.0
256,415,8192,512,ck,17,0,9.9731,a8w8_blockscale_1x128x128_256x64x128x256_16x16_32x32_2x1_16x16x1_16x16x1_1x32x1x8_8_1x1_intrawave_v1,349.07,1123.64,0.0
256,474,8192,512,ck,17,0,9.9979,a8w8_blockscale_1x128x128_256x64x128x256_16x16_32x32_2x1_16x16x1_16x16x1_1x32x1x8_8_1x1_intrawave_v1,397.7,1220.56,0.0
256,510,8192,512,ck,2,0,10.0262,a8w8_blockscale_1x128x128_256x64x128x128_16x16_32x32_1x2_8x32x1_8x32x1_1x32x1x8_8_1x1_intrawave_v3,426.7,1277.78,0.0
256,403,8192,512,ck,18,0,10.0427,a8w8_blockscale_1x128x128_256x64x64x256_16x16_32x32_1x1_16x16x1_16x16x1_1x32x1x8_8_1x1_intrawave_v1,336.62,1095.66,0.0
256,397,8192,512,ck,18,0,10.0487,a8w8_blockscale_1x128x128_256x64x64x256_16x16_32x32_1x1_16x16x1_16x16x1_1x32x1x8_8_1x1_intrawave_v1,331.41,1084.92,0.0
256,392,8192,512,ck,0,0,10.0523,a8w8_blockscale_1x128x128_256x128x128x128_16x16_32x32_2x2_8x32x1_8x32x1_1x32x1x8_8_1x1_intrawave_v3,327.12,1076.13,0.0
256,393,8192,512,ck,18,0,10.0527,a8w8_blockscale_1x128x128_256x64x64x256_16x16_32x32_1x1_16x16x1_16x16x1_1x32x1x8_8_1x1_intrawave_v1,327.94,1077.76,0.0
256,423,8192,512,ck,0,0,10.0671,a8w8_blockscale_1x128x128_256x128x128x128_16x16_32x32_2x2_8x32x1_8x32x1_1x32x1x8_8_1x1_intrawave_v3,352.47,1126.57,0.0
256,468,8192,512,ck,1,0,10.0693,a8w8_blockscale_1x128x128_256x128x64x128_16x16_32x32_2x1_8x32x1_8x32x1_1x32x1x8_8_1x1_intrawave_v3,389.88,1201.83,0.0
256,465,8192,512,ck,15,0,10.0875,a8w8_blockscale_1x128x128_256x64x128x128_16x16_32x32_2x1_8x32x1_8x32x1_1x32x1x8_8_1x1_intrawave_v1,386.69,1194.64,0.0
256,407,8192,512,ck,17,0,10.0883,a8w8_blockscale_1x128x128_256x64x128x256_16x16_32x32_2x1_16x16x1_16x16x1_1x32x1x8_8_1x1_intrawave_v1,338.43,1097.41,0.0
256,388,8192,512,ck,0,0,10.1123,a8w8_blockscale_1x128x128_256x128x128x128_16x16_32x32_2x2_8x32x1_8x32x1_1x32x1x8_8_1x1_intrawave_v3,321.86,1063.06,0.0
256,464,8192,512,ck,1,0,10.1587,a8w8_blockscale_1x128x128_256x128x64x128_16x16_32x32_2x1_8x32x1_8x32x1_1x32x1x8_8_1x1_intrawave_v3,383.15,1184.61,0.0
256,420,8192,512,ck,18,0,10.1735,a8w8_blockscale_1x128x128_256x64x64x256_16x16_32x32_1x1_16x16x1_16x16x1_1x32x1x8_8_1x1_intrawave_v1,346.31,1109.81,0.0
256,422,8192,512,ck,0,0,10.2087,a8w8_blockscale_1x128x128_256x128x128x128_16x16_32x32_2x2_8x32x1_8x32x1_1x32x1x8_8_1x1_intrawave_v3,346.76,1109.29,0.0
256,493,8192,512,ck,0,0,10.2507,a8w8_blockscale_1x128x128_256x128x128x128_16x16_32x32_2x2_8x32x1_8x32x1_1x32x1x8_8_1x1_intrawave_v3,403.44,1221.77,0.0
256,445,8192,512,ck,0,0,10.2935,a8w8_blockscale_1x128x128_256x128x128x128_16x16_32x32_2x2_8x32x1_8x32x1_1x32x1x8_8_1x1_intrawave_v3,362.65,1137.9,0.0
256,440,8192,512,ck,0,0,10.3095,a8w8_blockscale_1x128x128_256x128x128x128_16x16_32x32_2x2_8x32x1_8x32x1_1x32x1x8_8_1x1_intrawave_v3,358.02,1127.94,0.0
256,505,8192,512,ck,15,0,10.3135,a8w8_blockscale_1x128x128_256x64x128x128_16x16_32x32_2x1_8x32x1_8x32x1_1x32x1x8_8_1x1_intrawave_v1,410.75,1233.99,0.0
256,430,8192,512,ck,18,0,10.3927,a8w8_blockscale_1x128x128_256x64x64x256_16x16_32x32_1x1_16x16x1_16x16x1_1x32x1x8_8_1x1_intrawave_v1,347.08,1102.66,0.0
256,425,8192,512,ck,18,0,10.4007,a8w8_blockscale_1x128x128_256x64x64x256_16x16_32x32_1x1_16x16x1_16x16x1_1x32x1x8_8_1x1_intrawave_v1,342.78,1093.69,0.0
256,434,8192,512,ck,0,0,10.4115,a8w8_blockscale_1x128x128_256x128x128x128_16x16_32x32_2x2_8x32x1_8x32x1_1x32x1x8_8_1x1_intrawave_v3,349.68,1107.16,0.0
256,426,8192,512,ck,0,0,10.4231,a8w8_blockscale_1x128x128_256x128x128x128_16x16_32x32_2x2_8x32x1_8x32x1_1x32x1x8_8_1x1_intrawave_v3,342.85,1092.96,0.0
256,419,8192,512,ck,18,0,10.4747,a8w8_blockscale_1x128x128_256x64x64x256_16x16_32x32_1x1_16x16x1_16x16x1_1x32x1x8_8_1x1_intrawave_v1,335.55,1076.28,0.0
256,507,8192,512,ck,0,0,10.5303,a8w8_blockscale_1x128x128_256x128x128x128_16x16_32x32_2x2_8x32x1_8x32x1_1x32x1x8_8_1x1_intrawave_v3,403.88,1211.8,0.0
256,436,8192,512,ck,0,0,10.5557,a8w8_blockscale_1x128x128_256x128x128x128_16x16_32x32_2x2_8x32x1_8x32x1_1x32x1x8_8_1x1_intrawave_v3,346.49,1095.23,0.0
256,443,8192,512,ck,2,0,10.6055,a8w8_blockscale_1x128x128_256x64x128x128_16x16_32x32_1x2_8x32x1_8x32x1_1x32x1x8_8_1x1_intrawave_v3,350.4,1101.24,0.0
256,435,8192,512,ck,0,0,10.6089,a8w8_blockscale_1x128x128_256x128x128x128_16x16_32x32_2x2_8x32x1_8x32x1_1x32x1x8_8_1x1_intrawave_v3,343.96,1088.15,0.0
256,433,8192,512,ck,14,0,10.6409,a8w8_blockscale_1x128x128_256x64x256x128_16x16_32x32_2x2_8x32x1_8x32x1_1x32x1x8_8_1x1_intrawave_v1,341.35,1081.7,0.0
256,479,8192,512,ck,12,0,10.6903,a8w8_blockscale_1x128x128_256x32x128x256_16x16_32x32_1x1_16x16x1_16x16x1_1x32x1x8_8_1x1_intrawave_v1,375.87,1149.41,0.0
256,442,8192,512,ck,13,0,10.7279,a8w8_blockscale_1x128x128_256x32x64x256_16x16_16x16_2x1_16x16x1_16x16x1_1x32x1x8_8_2x1_intrawave_v1,345.62,1087.1,0.0
256,409,8192,512,ck,13,0,10.7499,a8w8_blockscale_1x128x128_256x32x64x256_16x16_16x16_2x1_16x16x1_16x16x1_1x32x1x8_8_2x1_intrawave_v1,319.16,1033.01,0.0
256,437,8192,512,ck,16,0,10.7617,a8w8_blockscale_1x128x128_256x64x64x128_16x16_32x32_1x1_8x32x1_8x32x1_1x32x1x8_8_1x1_intrawave_v1,340.64,1075.84,0.0
256,502,8192,512,ck,2,0,10.7631,a8w8_blockscale_1x128x128_256x64x128x128_16x16_32x32_1x2_8x32x1_8x32x1_1x32x1x8_8_1x1_intrawave_v3,391.25,1177.74,0.0
256,481,8192,512,ck,1,0,10.7943,a8w8_blockscale_1x128x128_256x128x64x128_16x16_32x32_2x1_8x32x1_8x32x1_1x32x1x8_8_1x1_intrawave_v3,373.8,1141.46,0.0
256,455,8192,512,ck,17,0,10.8415,a8w8_blockscale_1x128x128_256x64x128x256_16x16_32x32_2x1_16x16x1_16x16x1_1x32x1x8_8_1x1_intrawave_v1,352.06,1095.97,0.0
256,224,6144,1536,ck,18,0,10.8515,a8w8_blockscale_1x128x128_256x64x64x256_16x16_32x32_1x1_16x16x1_16x16x1_1x32x1x8_8_1x1_intrawave_v1,389.61,1155.03,0.0
256,471,8192,512,ck,0,0,10.9191,a8w8_blockscale_1x128x128_256x128x128x128_16x16_32x32_2x2_8x32x1_8x32x1_1x32x1x8_8_1x1_intrawave_v3,361.85,1112.94,0.0
256,272,6144,1536,ck,18,0,10.9923,a8w8_blockscale_1x128x128_256x64x64x256_16x16_32x32_1x1_16x16x1_16x16x1_1x32x1x8_8_1x1_intrawave_v1,467.04,1200.6,0.0
256,200,6144,1536,ck,18,0,11.0035,a8w8_blockscale_1x128x128_256x64x64x256_16x16_32x32_1x1_16x16x1_16x16x1_1x32x1x8_8_1x1_intrawave_v1,343.06,1108.92,0.0
256,216,8192,1536,ck,18,0,11.0511,a8w8_blockscale_1x128x128_256x64x64x256_16x16_32x32_1x1_16x16x1_16x16x1_1x32x1x8_8_1x1_intrawave_v1,491.88,1488.87,0.0
256,224,8192,1536,ck,18,0,11.1138,a8w8_blockscale_1x128x128_256x64x64x256_16x16_32x32_1x1_16x16x1_16x16x1_1x32x1x8_8_1x1_intrawave_v1,507.22,1493.37,0.0
256,320,6144,1536,ck,18,0,11.1485,a8w8_blockscale_1x128x128_256x64x64x256_16x16_32x32_1x1_16x16x1_16x16x1_1x32x1x8_8_1x1_intrawave_v1,541.76,1243.29,0.0
256,184,6144,1536,ck,13,0,11.1566,a8w8_blockscale_1x128x128_256x32x64x256_16x16_16x16_2x1_16x16x1_16x16x1_1x32x1x8_8_2x1_intrawave_v1,311.29,1073.88,0.0
256,248,8192,1536,ck,18,0,11.1784,a8w8_blockscale_1x128x128_256x64x64x256_16x16_32x32_1x1_16x16x1_16x16x1_1x32x1x8_8_1x1_intrawave_v1,558.32,1523.21,0.0
256,208,6144,1536,ck,18,0,11.1811,a8w8_blockscale_1x128x128_256x64x64x256_16x16_32x32_1x1_16x16x1_16x16x1_1x32x1x8_8_1x1_intrawave_v1,351.12,1101.2,0.0
256,256,6144,1536,ck,18,0,11.1822,a8w8_blockscale_1x128x128_256x64x64x256_16x16_32x32_1x1_16x16x1_16x16x1_1x32x1x8_8_1x1_intrawave_v1,432.1,1160.43,0.0
256,240,6144,1536,ck,18,0,11.1829,a8w8_blockscale_1x128x128_256x64x64x256_16x16_32x32_1x1_16x16x1_16x16x1_1x32x1x8_8_1x1_intrawave_v1,405.07,1140.58,0.0
256,168,6144,1536,ck,18,0,11.1836,a8w8_blockscale_1x128x128_256x64x64x256_16x16_32x32_1x1_16x16x1_16x16x1_1x32x1x8_8_1x1_intrawave_v1,283.53,1051.51,0.0
256,200,8192,1536,ck,18,0,11.2017,a8w8_blockscale_1x128x128_256x64x64x256_16x16_32x32_1x1_16x16x1_16x16x1_1x32x1x8_8_1x1_intrawave_v1,449.32,1443.26,0.0
256,192,8192,1536,ck,18,0,11.2173,a8w8_blockscale_1x128x128_256x64x64x256_16x16_32x32_1x1_16x16x1_16x16x1_1x32x1x8_8_1x1_intrawave_v1,430.75,1428.47,0.0
256,304,6144,1536,ck,18,0,11.2279,a8w8_blockscale_1x128x128_256x64x64x256_16x16_32x32_1x1_16x16x1_16x16x1_1x32x1x8_8_1x1_intrawave_v1,511.03,1214.8,0.0
256,176,6144,1536,ck,12,0,11.2445,a8w8_blockscale_1x128x128_256x32x128x256_16x16_32x32_1x1_16x16x1_16x16x1_1x32x1x8_8_1x1_intrawave_v1,295.42,1055.65,0.0
256,569,8192,512,ck,18,0,11.2522,a8w8_blockscale_1x128x128_256x64x64x256_16x16_32x32_1x1_16x16x1_16x16x1_1x32x1x8_8_1x1_intrawave_v1,424.19,1227.15,0.0
256,517,8192,512,ck,18,0,11.254,a8w8_blockscale_1x128x128_256x64x64x256_16x16_32x32_1x1_16x16x1_16x16x1_1x32x1x8_8_1x1_intrawave_v1,385.37,1148.88,0.0
256,535,8192,512,ck,13,0,11.2601,a8w8_blockscale_1x128x128_256x32x64x256_16x16_16x16_2x1_16x16x1_16x16x1_1x32x1x8_8_2x1_intrawave_v1,398.57,1175.27,0.0
256,560,8192,512,ck,18,0,11.2748,a8w8_blockscale_1x128x128_256x64x64x256_16x16_32x32_1x1_16x16x1_16x16x1_1x32x1x8_8_1x1_intrawave_v1,416.65,1211.2,0.0
256,551,8192,512,ck,18,0,11.275,a8w8_blockscale_1x128x128_256x64x64x256_16x16_32x32_1x1_16x16x1_16x16x1_1x32x1x8_8_1x1_intrawave_v1,409.94,1197.69,0.0
256,529,8192,512,ck,18,0,11.2846,a8w8_blockscale_1x128x128_256x64x64x256_16x16_32x32_1x1_16x16x1_16x16x1_1x32x1x8_8_1x1_intrawave_v1,393.24,1163.74,0.0
256,571,8192,512,ck,18,0,11.3058,a8w8_blockscale_1x128x128_256x64x64x256_16x16_32x32_1x1_16x16x1_16x16x1_1x32x1x8_8_1x1_intrawave_v1,423.67,1224.32,0.0
256,566,8192,512,ck,18,0,11.3187,a8w8_blockscale_1x128x128_256x64x64x256_16x16_32x32_1x1_16x16x1_16x16x1_1x32x1x8_8_1x1_intrawave_v1,419.48,1215.46,0.0
256,528,8192,512,ck,18,0,11.3191,a8w8_blockscale_1x128x128_256x64x64x256_16x16_32x32_1x1_16x16x1_16x16x1_1x32x1x8_8_1x1_intrawave_v1,391.3,1158.7,0.0
256,192,6144,1536,ck,18,0,11.32,a8w8_blockscale_1x128x128_256x64x64x256_16x16_32x32_1x1_16x16x1_16x16x1_1x32x1x8_8_1x1_intrawave_v1,320.13,1068.14,0.0
256,516,8192,512,ck,18,0,11.3292,a8w8_blockscale_1x128x128_256x64x64x256_16x16_32x32_1x1_16x16x1_16x16x1_1x32x1x8_8_1x1_intrawave_v1,382.07,1139.77,0.0
256,536,8192,512,ck,18,0,11.3302,a8w8_blockscale_1x128x128_256x64x64x256_16x16_32x32_1x1_16x16x1_16x16x1_1x32x1x8_8_1x1_intrawave_v1,396.84,1169.49,0.0
256,176,8192,1536,ck,18,0,11.331,a8w8_blockscale_1x128x128_256x64x64x256_16x16_32x32_1x1_16x16x1_16x16x1_1x32x1x8_8_1x1_intrawave_v1,390.89,1388.83,0.0
256,232,6144,1536,ck,18,0,11.3419,a8w8_blockscale_1x128x128_256x64x64x256_16x16_32x32_1x1_16x16x1_16x16x1_1x32x1x8_8_1x1_intrawave_v1,386.08,1114.84,0.0
256,522,8192,512,ck,13,0,11.3612,a8w8_blockscale_1x128x128_256x32x64x256_16x16_16x16_2x1_16x16x1_16x16x1_1x32x1x8_8_2x1_intrawave_v1,385.42,1145.48,0.0
256,152,8192,1536,ck,18,0,11.3692,a8w8_blockscale_1x128x128_256x64x64x256_16x16_32x32_1x1_16x16x1_16x16x1_1x32x1x8_8_1x1_intrawave_v1,336.45,1346.34,0.0
256,518,8192,512,ck,13,0,11.3838,a8w8_blockscale_1x128x128_256x32x64x256_16x16_16x16_2x1_16x16x1_16x16x1_1x32x1x8_8_2x1_intrawave_v1,381.71,1137.27,0.0
256,288,6144,1536,ck,18,0,11.3906,a8w8_blockscale_1x128x128_256x64x64x256_16x16_32x32_1x1_16x16x1_16x16x1_1x32x1x8_8_1x1_intrawave_v1,477.22,1178.03,0.0
256,144,8192,1536,ck,18,0,11.3974,a8w8_blockscale_1x128x128_256x64x64x256_16x16_32x32_1x1_16x16x1_16x16x1_1x32x1x8_8_1x1_intrawave_v1,317.96,1330.43,0.0
256,216,6144,1536,ck,18,0,11.4012,a8w8_blockscale_1x128x128_256x64x64x256_16x16_32x32_1x1_16x16x1_16x16x1_1x32x1x8_8_1x1_intrawave_v1,357.58,1089.64,0.0
256,553,8192,512,ck,18,0,11.4013,a8w8_blockscale_1x128x128_256x64x64x256_16x16_32x32_1x1_16x16x1_16x16x1_1x32x1x8_8_1x1_intrawave_v1,406.87,1187.39,0.0
256,546,8192,512,ck,18,0,11.4241,a8w8_blockscale_1x128x128_256x64x64x256_16x16_32x32_1x1_16x16x1_16x16x1_1x32x1x8_8_1x1_intrawave_v1,400.92,1174.67,0.0
256,534,8192,512,ck,13,0,11.4475,a8w8_blockscale_1x128x128_256x32x64x256_16x16_16x16_2x1_16x16x1_16x16x1_1x32x1x8_8_2x1_intrawave_v1,391.31,1154.55,0.0
256,611,8192,512,ck,18,0,11.462,a8w8_blockscale_1x128x128_256x64x64x256_16x16_32x32_1x1_16x16x1_16x16x1_1x32x1x8_8_1x1_intrawave_v1,447.17,1266.6,0.0
256,208,8192,1536,ck,18,0,11.4666,a8w8_blockscale_1x128x128_256x64x64x256_16x16_32x32_1x1_16x16x1_16x16x1_1x32x1x8_8_1x1_intrawave_v1,456.5,1422.42,0.0
256,168,8192,1536,ck,18,0,11.4687,a8w8_blockscale_1x128x128_256x64x64x256_16x16_32x32_1x1_16x16x1_16x16x1_1x32x1x8_8_1x1_intrawave_v1,368.64,1359.65,0.0
256,576,8192,512,ck,18,0,11.4716,a8w8_blockscale_1x128x128_256x64x64x256_16x16_32x32_1x1_16x16x1_16x16x1_1x32x1x8_8_1x1_intrawave_v1,421.2,1213.99,0.0
256,530,8192,512,ck,13,0,11.473,a8w8_blockscale_1x128x128_256x32x64x256_16x16_16x16_2x1_16x16x1_16x16x1_1x32x1x8_8_2x1_intrawave_v1,387.52,1146.1,0.0
256,256,8192,1536,ck,18,0,11.4778,a8w8_blockscale_1x128x128_256x64x64x256_16x16_32x32_1x1_16x16x1_16x16x1_1x32x1x8_8_1x1_intrawave_v1,561.3,1495.97,0.0
256,524,8192,512,ck,13,0,11.4862,a8w8_blockscale_1x128x128_256x32x64x256_16x16_16x16_2x1_16x16x1_16x16x1_1x32x1x8_8_2x1_intrawave_v1,382.69,1135.96,0.0
256,184,8192,1536,ck,18,0,11.4961,a8w8_blockscale_1x128x128_256x64x64x256_16x16_32x32_1x1_16x16x1_16x16x1_1x32x1x8_8_1x1_intrawave_v1,402.79,1381.35,0.0
256,583,8192,512,ck,18,0,11.4974,a8w8_blockscale_1x128x128_256x64x64x256_16x16_32x32_1x1_16x16x1_16x16x1_1x32x1x8_8_1x1_intrawave_v1,425.36,1221.55,0.0
256,626,8192,512,ck,18,0,11.5065,a8w8_blockscale_1x128x128_256x64x64x256_16x16_32x32_1x1_16x16x1_16x16x1_1x32x1x8_8_1x1_intrawave_v1,456.37,1283.73,0.0
256,579,8192,512,ck,18,0,11.507,a8w8_blockscale_1x128x128_256x64x64x256_16x16_32x32_1x1_16x16x1_16x16x1_1x32x1x8_8_1x1_intrawave_v1,422.09,1214.66,0.0
256,136,8192,1536,ck,18,0,11.5126,a8w8_blockscale_1x128x128_256x64x64x256_16x16_32x32_1x1_16x16x1_16x16x1_1x32x1x8_8_1x1_intrawave_v1,297.29,1304.66,0.0
256,621,8192,512,ck,18,0,11.5133,a8w8_blockscale_1x128x128_256x64x64x256_16x16_32x32_1x1_16x16x1_16x16x1_1x32x1x8_8_1x1_intrawave_v1,452.46,1275.63,0.0
256,599,8192,512,ck,18,0,11.5166,a8w8_blockscale_1x128x128_256x64x64x256_16x16_32x32_1x1_16x16x1_16x16x1_1x32x1x8_8_1x1_intrawave_v1,436.31,1242.99,0.0
256,581,8192,512,ck,18,0,11.5187,a8w8_blockscale_1x128x128_256x64x64x256_16x16_32x32_1x1_16x16x1_16x16x1_1x32x1x8_8_1x1_intrawave_v1,423.12,1216.36,0.0
256,596,8192,512,ck,18,0,11.52,a8w8_blockscale_1x128x128_256x64x64x256_16x16_32x32_1x1_16x16x1_16x16x1_1x32x1x8_8_1x1_intrawave_v1,433.99,1238.22,0.0
256,586,8192,512,ck,18,0,11.5227,a8w8_blockscale_1x128x128_256x64x64x256_16x16_32x32_1x1_16x16x1_16x16x1_1x32x1x8_8_1x1_intrawave_v1,426.61,1223.27,0.0
256,580,8192,512,ck,18,0,11.5235,a8w8_blockscale_1x128x128_256x64x64x256_16x16_32x32_1x1_16x16x1_16x16x1_1x32x1x8_8_1x1_intrawave_v1,422.21,1214.39,0.0
256,160,8192,1536,ck,18,0,11.5245,a8w8_blockscale_1x128x128_256x64x64x256_16x16_32x32_1x1_16x16x1_16x16x1_1x32x1x8_8_1x1_intrawave_v1,349.39,1340.63,0.0
256,608,8192,512,ck,18,0,11.5253,a8w8_blockscale_1x128x128_256x64x64x256_16x16_32x32_1x1_16x16x1_16x16x1_1x32x1x8_8_1x1_intrawave_v1,442.53,1255.24,0.0
256,618,8192,512,ck,18,0,11.5316,a8w8_blockscale_1x128x128_256x64x64x256_16x16_32x32_1x1_16x16x1_16x16x1_1x32x1x8_8_1x1_intrawave_v1,449.56,1269.21,0.0
256,592,8192,512,ck,18,0,11.5327,a8w8_blockscale_1x128x128_256x64x64x256_16x16_32x32_1x1_16x16x1_16x16x1_1x32x1x8_8_1x1_intrawave_v1,430.61,1231.0,0.0
256,593,8192,512,ck,18,0,11.5427,a8w8_blockscale_1x128x128_256x64x64x256_16x16_32x32_1x1_16x16x1_16x16x1_1x32x1x8_8_1x1_intrawave_v1,430.96,1231.4,0.0
256,636,8192,512,ck,18,0,11.5466,a8w8_blockscale_1x128x128_256x64x64x256_16x16_32x32_1x1_16x16x1_16x16x1_1x32x1x8_8_1x1_intrawave_v1,462.05,1293.9,0.0
256,549,8192,512,ck,13,0,11.5499,a8w8_blockscale_1x128x128_256x32x64x256_16x16_16x16_2x1_16x16x1_16x16x1_1x32x1x8_8_2x1_intrawave_v1,398.73,1166.26,0.0
256,607,8192,512,ck,18,0,11.5532,a8w8_blockscale_1x128x128_256x64x64x256_16x16_32x32_1x1_16x16x1_16x16x1_1x32x1x8_8_1x1_intrawave_v1,440.73,1250.75,0.0
256,617,8192,512,ck,18,0,11.5656,a8w8_blockscale_1x128x128_256x64x64x256_16x16_32x32_1x1_16x16x1_16x16x1_1x32x1x8_8_1x1_intrawave_v1,447.51,1264.02,0.0
256,627,8192,512,ck,18,0,11.5677,a8w8_blockscale_1x128x128_256x64x64x256_16x16_32x32_1x1_16x16x1_16x16x1_1x32x1x8_8_1x1_intrawave_v1,454.68,1278.4,0.0
256,594,8192,512,ck,18,0,11.5725,a8w8_blockscale_1x128x128_256x64x64x256_16x16_32x32_1x1_16x16x1_16x16x1_1x32x1x8_8_1x1_intrawave_v1,430.58,1229.68,0.0
256,521,8192,512,ck,13,0,11.5767,a8w8_blockscale_1x128x128_256x32x64x256_16x16_16x16_2x1_16x16x1_16x16x1_1x32x1x8_8_2x1_intrawave_v1,377.52,1122.7,0.0
256,240,8192,1536,ck,18,0,11.5772,a8w8_blockscale_1x128x128_256x64x64x256_16x16_32x32_1x1_16x16x1_16x16x1_1x32x1x8_8_1x1_intrawave_v1,521.7,1458.36,0.0
256,613,8192,512,ck,18,0,11.5841,a8w8_blockscale_1x128x128_256x64x64x256_16x16_32x32_1x1_16x16x1_16x16x1_1x32x1x8_8_1x1_intrawave_v1,443.9,1256.17,0.0
256,615,8192,512,ck,18,0,11.5877,a8w8_blockscale_1x128x128_256x64x64x256_16x16_32x32_1x1_16x16x1_16x16x1_1x32x1x8_8_1x1_intrawave_v1,445.21,1258.69,0.0
256,639,8192,512,ck,18,0,11.5935,a8w8_blockscale_1x128x128_256x64x64x256_16x16_32x32_1x1_16x16x1_16x16x1_1x32x1x8_8_1x1_intrawave_v1,462.36,1293.04,0.0
256,629,8192,512,ck,18,0,11.6082,a8w8_blockscale_1x128x128_256x64x64x256_16x16_32x32_1x1_16x16x1_16x16x1_1x32x1x8_8_1x1_intrawave_v1,454.54,1276.85,0.0
256,605,8192,512,ck,18,0,11.6136,a8w8_blockscale_1x128x128_256x64x64x256_16x16_32x32_1x1_16x16x1_16x16x1_1x32x1x8_8_1x1_intrawave_v1,437.0,1241.34,0.0
256,624,8192,512,ck,18,0,11.6164,a8w8_blockscale_1x128x128_256x64x64x256_16x16_32x32_1x1_16x16x1_16x16x1_1x32x1x8_8_1x1_intrawave_v1,450.61,1268.67,0.0
256,640,8192,512,ck,18,0,11.6315,a8w8_blockscale_1x128x128_256x64x64x256_16x16_32x32_1x1_16x16x1_16x16x1_1x32x1x8_8_1x1_intrawave_v1,461.57,1290.27,0.0
256,558,8192,512,ck,13,0,11.6325,a8w8_blockscale_1x128x128_256x32x64x256_16x16_16x16_2x1_16x16x1_16x16x1_1x32x1x8_8_2x1_intrawave_v1,402.39,1171.05,0.0
256,612,8192,512,ck,18,0,11.6347,a8w8_blockscale_1x128x128_256x64x64x256_16x16_32x32_1x1_16x16x1_16x16x1_1x32x1x8_8_1x1_intrawave_v1,441.25,1249.25,0.0
256,248,6144,1536,ck,18,0,11.6367,a8w8_blockscale_1x128x128_256x64x64x256_16x16_32x32_1x1_16x16x1_16x16x1_1x32x1x8_8_1x1_intrawave_v1,402.25,1105.6,0.0
256,525,8192,512,ck,18,0,11.6419,a8w8_blockscale_1x128x128_256x64x64x256_16x16_32x32_1x1_16x16x1_16x16x1_1x32x1x8_8_1x1_intrawave_v1,378.29,1122.21,0.0
256,600,8192,512,ck,18,0,11.6568,a8w8_blockscale_1x128x128_256x64x64x256_16x16_32x32_1x1_16x16x1_16x16x1_1x32x1x8_8_1x1_intrawave_v1,431.78,1229.49,0.0
256,565,8192,512,ck,18,0,11.6972,a8w8_blockscale_1x128x128_256x64x64x256_16x16_32x32_1x1_16x16x1_16x16x1_1x32x1x8_8_1x1_intrawave_v1,405.19,1174.69,0.0
256,637,8192,512,ck,18,0,11.7038,a8w8_blockscale_1x128x128_256x64x64x256_16x16_32x32_1x1_16x16x1_16x16x1_1x32x1x8_8_1x1_intrawave_v1,456.56,1277.97,0.0
256,515,8192,512,ck,18,0,11.712,a8w8_blockscale_1x128x128_256x64x64x256_16x16_32x32_1x1_16x16x1_16x16x1_1x32x1x8_8_1x1_intrawave_v1,368.86,1101.07,0.0
256,557,8192,512,ck,13,0,11.7211,a8w8_blockscale_1x128x128_256x32x64x256_16x16_16x16_2x1_16x16x1_16x16x1_1x32x1x8_8_2x1_intrawave_v1,398.64,1160.76,0.0
256,556,8192,512,ck,13,0,11.7268,a8w8_blockscale_1x128x128_256x32x64x256_16x16_16x16_2x1_16x16x1_16x16x1_1x32x1x8_8_2x1_intrawave_v1,397.73,1158.75,0.0
256,232,8192,1536,ck,18,0,11.7385,a8w8_blockscale_1x128x128_256x64x64x256_16x16_32x32_1x1_16x16x1_16x16x1_1x32x1x8_8_1x1_intrawave_v1,497.38,1426.11,0.0
256,568,8192,512,ck,13,0,11.7726,a8w8_blockscale_1x128x128_256x32x64x256_16x16_16x16_2x1_16x16x1_16x16x1_1x32x1x8_8_2x1_intrawave_v1,404.73,1171.47,0.0
256,570,8192,512,ck,18,0,11.8353,a8w8_blockscale_1x128x128_256x64x64x256_16x16_32x32_1x1_16x16x1_16x16x1_1x32x1x8_8_1x1_intrawave_v1,404.0,1168.12,0.0
256,622,8192,512,ck,18,0,11.971,a8w8_blockscale_1x128x128_256x64x64x256_16x16_32x32_1x1_16x16x1_16x16x1_1x32x1x8_8_1x1_intrawave_v1,435.86,1228.27,0.0
256,623,8192,512,ck,18,0,12.1431,a8w8_blockscale_1x128x128_256x64x64x256_16x16_32x32_1x1_16x16x1_16x16x1_1x32x1x8_8_1x1_intrawave_v1,430.38,1212.25,0.0
256,602,8192,512,ck,18,0,12.1883,a8w8_blockscale_1x128x128_256x64x64x256_16x16_32x32_1x1_16x16x1_16x16x1_1x32x1x8_8_1x1_intrawave_v1,414.33,1178.65,0.0
256,563,8192,512,ck,12,0,12.189,a8w8_blockscale_1x128x128_256x32x128x256_16x16_32x32_1x1_16x16x1_16x16x1_1x32x1x8_8_1x1_intrawave_v1,387.46,1124.52,0.0
256,679,8192,512,ck,18,0,12.4824,a8w8_blockscale_1x128x128_256x64x64x256_16x16_32x32_1x1_16x16x1_16x16x1_1x32x1x8_8_1x1_intrawave_v1,456.31,1255.1,0.0
256,643,8192,512,ck,18,0,12.4991,a8w8_blockscale_1x128x128_256x64x64x256_16x16_32x32_1x1_16x16x1_16x16x1_1x32x1x8_8_1x1_intrawave_v1,431.54,1204.76,0.0
256,667,8192,512,ck,18,0,12.5004,a8w8_blockscale_1x128x128_256x64x64x256_16x16_32x32_1x1_16x16x1_16x16x1_1x32x1x8_8_1x1_intrawave_v1,447.6,1237.08,0.0
256,681,8192,512,ck,18,0,12.505,a8w8_blockscale_1x128x128_256x64x64x256_16x16_32x32_1x1_16x16x1_16x16x1_1x32x1x8_8_1x1_intrawave_v1,456.83,1255.54,0.0
256,655,8192,512,ck,18,0,12.5066,a8w8_blockscale_1x128x128_256x64x64x256_16x16_32x32_1x1_16x16x1_16x16x1_1x32x1x8_8_1x1_intrawave_v1,439.33,1220.25,0.0
256,652,8192,512,ck,18,0,12.5164,a8w8_blockscale_1x128x128_256x64x64x256_16x16_32x32_1x1_16x16x1_16x16x1_1x32x1x8_8_1x1_intrawave_v1,436.98,1215.25,0.0
256,649,8192,512,ck,18,0,12.5179,a8w8_blockscale_1x128x128_256x64x64x256_16x16_32x32_1x1_16x16x1_16x16x1_1x32x1x8_8_1x1_intrawave_v1,434.91,1211.05,0.0
256,676,8192,512,ck,18,0,12.5207,a8w8_blockscale_1x128x128_256x64x64x256_16x16_32x32_1x1_16x16x1_16x16x1_1x32x1x8_8_1x1_intrawave_v1,452.91,1247.21,0.0
256,646,8192,512,ck,18,0,12.5264,a8w8_blockscale_1x128x128_256x64x64x256_16x16_32x32_1x1_16x16x1_16x16x1_1x32x1x8_8_1x1_intrawave_v1,432.61,1206.18,0.0
256,665,8192,512,ck,18,0,12.5275,a8w8_blockscale_1x128x128_256x64x64x256_16x16_32x32_1x1_16x16x1_16x16x1_1x32x1x8_8_1x1_intrawave_v1,445.29,1231.7,0.0
256,668,8192,512,ck,18,0,12.5458,a8w8_blockscale_1x128x128_256x64x64x256_16x16_32x32_1x1_16x16x1_16x16x1_1x32x1x8_8_1x1_intrawave_v1,446.65,1233.95,0.0
256,673,8192,512,ck,18,0,12.5497,a8w8_blockscale_1x128x128_256x64x64x256_16x16_32x32_1x1_16x16x1_16x16x1_1x32x1x8_8_1x1_intrawave_v1,449.85,1240.29,0.0
256,672,8192,512,ck,18,0,12.5554,a8w8_blockscale_1x128x128_256x64x64x256_16x16_32x32_1x1_16x16x1_16x16x1_1x32x1x8_8_1x1_intrawave_v1,448.98,1238.38,0.0
256,690,8192,512,ck,18,0,12.5566,a8w8_blockscale_1x128x128_256x64x64x256_16x16_32x32_1x1_16x16x1_16x16x1_1x32x1x8_8_1x1_intrawave_v1,460.96,1262.49,0.0
256,658,8192,512,ck,18,0,12.5644,a8w8_blockscale_1x128x128_256x64x64x256_16x16_32x32_1x1_16x16x1_16x16x1_1x32x1x8_8_1x1_intrawave_v1,439.31,1218.67,0.0
256,659,8192,512,ck,18,0,12.57,a8w8_blockscale_1x128x128_256x64x64x256_16x16_32x32_1x1_16x16x1_16x16x1_1x32x1x8_8_1x1_intrawave_v1,439.78,1219.47,0.0
256,684,8192,512,ck,18,0,12.5722,a8w8_blockscale_1x128x128_256x64x64x256_16x16_32x32_1x1_16x16x1_16x16x1_1x32x1x8_8_1x1_intrawave_v1,456.39,1252.86,0.0
256,654,8192,512,ck,18,0,12.5735,a8w8_blockscale_1x128x128_256x64x64x256_16x16_32x32_1x1_16x16x1_16x16x1_1x32x1x8_8_1x1_intrawave_v1,436.33,1212.41,0.0
256,651,8192,512,ck,18,0,12.5739,a8w8_blockscale_1x128x128_256x64x64x256_16x16_32x32_1x1_16x16x1_16x16x1_1x32x1x8_8_1x1_intrawave_v1,434.31,1208.34,0.0
256,683,8192,512,ck,18,0,12.5823,a8w8_blockscale_1x128x128_256x64x64x256_16x16_32x32_1x1_16x16x1_16x16x1_1x32x1x8_8_1x1_intrawave_v1,455.36,1250.51,0.0
256,689,8192,512,ck,18,0,12.5826,a8w8_blockscale_1x128x128_256x64x64x256_16x16_32x32_1x1_16x16x1_16x16x1_1x32x1x8_8_1x1_intrawave_v1,459.34,1258.54,0.0
256,703,8192,512,ck,18,0,12.5964,a8w8_blockscale_1x128x128_256x64x64x256_16x16_32x32_1x1_16x16x1_16x16x1_1x32x1x8_8_1x1_intrawave_v1,468.16,1275.94,0.0
256,663,8192,512,ck,18,0,12.5995,a8w8_blockscale_1x128x128_256x64x64x256_16x16_32x32_1x1_16x16x1_16x16x1_1x32x1x8_8_1x1_intrawave_v1,441.42,1221.98,0.0
256,682,8192,512,ck,18,0,12.6048,a8w8_blockscale_1x128x128_256x64x64x256_16x16_32x32_1x1_16x16x1_16x16x1_1x32x1x8_8_1x1_intrawave_v1,453.88,1246.94,0.0
256,645,8192,512,ck,18,0,12.6185,a8w8_blockscale_1x128x128_256x64x64x256_16x16_32x32_1x1_16x16x1_16x16x1_1x32x1x8_8_1x1_intrawave_v1,428.79,1196.04,0.0
256,701,8192,512,ck,18,0,12.6263,a8w8_blockscale_1x128x128_256x64x64x256_16x16_32x32_1x1_16x16x1_16x16x1_1x32x1x8_8_1x1_intrawave_v1,465.73,1270.24,0.0
256,694,8192,512,ck,18,0,12.6365,a8w8_blockscale_1x128x128_256x64x64x256_16x16_32x32_1x1_16x16x1_16x16x1_1x32x1x8_8_1x1_intrawave_v1,460.7,1259.85,0.0
256,704,8192,512,ck,17,0,12.6635,a8w8_blockscale_1x128x128_256x64x128x256_16x16_32x32_2x1_16x16x1_16x16x1_1x32x1x8_8_1x1_intrawave_v1,466.35,1270.51,0.0
256,669,8192,512,ck,18,0,12.7287,a8w8_blockscale_1x128x128_256x64x64x256_16x16_32x32_1x1_16x16x1_16x16x1_1x32x1x8_8_1x1_intrawave_v1,440.89,1217.54,0.0
256,712,8192,512,ck,18,0,12.7659,a8w8_blockscale_1x128x128_256x64x64x256_16x16_32x32_1x1_16x16x1_16x16x1_1x32x1x8_8_1x1_intrawave_v1,467.86,1270.91,0.0
256,715,8192,512,ck,18,0,12.7719,a8w8_blockscale_1x128x128_256x64x64x256_16x16_32x32_1x1_16x16x1_16x16x1_1x32x1x8_8_1x1_intrawave_v1,469.61,1274.28,0.0
256,707,8192,512,ck,18,0,12.7981,a8w8_blockscale_1x128x128_256x64x64x256_16x16_32x32_1x1_16x16x1_16x16x1_1x32x1x8_8_1x1_intrawave_v1,463.41,1261.11,0.0
256,717,8192,512,ck,18,0,12.8222,a8w8_blockscale_1x128x128_256x64x64x256_16x16_32x32_1x1_16x16x1_16x16x1_1x32x1x8_8_1x1_intrawave_v1,469.08,1271.91,0.0
256,657,8192,512,ck,18,0,12.8412,a8w8_blockscale_1x128x128_256x64x64x256_16x16_32x32_1x1_16x16x1_16x16x1_1x32x1x8_8_1x1_intrawave_v1,429.19,1191.09,0.0
256,733,8192,512,ck,18,0,12.856,a8w8_blockscale_1x128x128_256x64x64x256_16x16_32x32_1x1_16x16x1_16x16x1_1x32x1x8_8_1x1_intrawave_v1,478.29,1289.6,0.0
256,713,8192,512,ck,18,0,12.8711,a8w8_blockscale_1x128x128_256x64x64x256_16x16_32x32_1x1_16x16x1_16x16x1_1x32x1x8_8_1x1_intrawave_v1,464.69,1261.83,0.0
256,755,8192,512,ck,18,0,12.8717,a8w8_blockscale_1x128x128_256x64x64x256_16x16_32x32_1x1_16x16x1_16x16x1_1x32x1x8_8_1x1_intrawave_v1,492.04,1316.9,0.0
256,764,8192,512,ck,18,0,12.8723,a8w8_blockscale_1x128x128_256x64x64x256_16x16_32x32_1x1_16x16x1_16x16x1_1x32x1x8_8_1x1_intrawave_v1,497.88,1328.66,0.0
256,718,8192,512,ck,18,0,12.8727,a8w8_blockscale_1x128x128_256x64x64x256_16x16_32x32_1x1_16x16x1_16x16x1_1x32x1x8_8_1x1_intrawave_v1,467.89,1268.24,0.0
256,716,8192,512,ck,18,0,12.8856,a8w8_blockscale_1x128x128_256x64x64x256_16x16_32x32_1x1_16x16x1_16x16x1_1x32x1x8_8_1x1_intrawave_v1,466.12,1264.34,0.0
256,728,8192,512,ck,18,0,12.8907,a8w8_blockscale_1x128x128_256x64x64x256_16x16_32x32_1x1_16x16x1_16x16x1_1x32x1x8_8_1x1_intrawave_v1,473.75,1279.57,0.0
256,760,8192,512,ck,18,0,12.9048,a8w8_blockscale_1x128x128_256x64x64x256_16x16_32x32_1x1_16x16x1_16x16x1_1x32x1x8_8_1x1_intrawave_v1,494.03,1320.07,0.0
256,738,8192,512,ck,18,0,12.9095,a8w8_blockscale_1x128x128_256x64x64x256_16x16_32x32_1x1_16x16x1_16x16x1_1x32x1x8_8_1x1_intrawave_v1,479.55,1290.8,0.0
256,724,8192,512,ck,18,0,12.9108,a8w8_blockscale_1x128x128_256x64x64x256_16x16_32x32_1x1_16x16x1_16x16x1_1x32x1x8_8_1x1_intrawave_v1,470.41,1272.35,0.0
256,656,8192,512,ck,18,0,12.9143,a8w8_blockscale_1x128x128_256x64x64x256_16x16_32x32_1x1_16x16x1_16x16x1_1x32x1x8_8_1x1_intrawave_v1,426.11,1183.04,0.0
256,759,8192,512,ck,18,0,12.9151,a8w8_blockscale_1x128x128_256x64x64x256_16x16_32x32_1x1_16x16x1_16x16x1_1x32x1x8_8_1x1_intrawave_v1,492.99,1317.71,0.0
256,710,8192,512,ck,18,0,12.9158,a8w8_blockscale_1x128x128_256x64x64x256_16x16_32x32_1x1_16x16x1_16x16x1_1x32x1x8_8_1x1_intrawave_v1,461.13,1253.54,0.0
256,765,8192,512,ck,18,0,12.9199,a8w8_blockscale_1x128x128_256x64x64x256_16x16_32x32_1x1_16x16x1_16x16x1_1x32x1x8_8_1x1_intrawave_v1,496.7,1325.07,0.0
256,714,8192,512,ck,18,0,12.9215,a8w8_blockscale_1x128x128_256x64x64x256_16x16_32x32_1x1_16x16x1_16x16x1_1x32x1x8_8_1x1_intrawave_v1,463.53,1258.22,0.0
256,753,8192,512,ck,18,0,12.924,a8w8_blockscale_1x128x128_256x64x64x256_16x16_32x32_1x1_16x16x1_16x16x1_1x32x1x8_8_1x1_intrawave_v1,488.75,1308.96,0.0
256,719,8192,512,ck,18,0,12.9273,a8w8_blockscale_1x128x128_256x64x64x256_16x16_32x32_1x1_16x16x1_16x16x1_1x32x1x8_8_1x1_intrawave_v1,466.56,1264.19,0.0
256,734,8192,512,ck,18,0,12.9329,a8w8_blockscale_1x128x128_256x64x64x256_16x16_32x32_1x1_16x16x1_16x16x1_1x32x1x8_8_1x1_intrawave_v1,476.09,1283.24,0.0
256,743,8192,512,ck,18,0,12.9344,a8w8_blockscale_1x128x128_256x64x64x256_16x16_32x32_1x1_16x16x1_16x16x1_1x32x1x8_8_1x1_intrawave_v1,481.87,1294.84,0.0
256,670,8192,512,ck,17,0,12.9381,a8w8_blockscale_1x128x128_256x64x128x256_16x16_32x32_2x1_16x16x1_16x16x1_1x32x1x8_8_1x1_intrawave_v1,434.4,1199.14,0.0
256,700,8192,512,ck,17,0,12.9452,a8w8_blockscale_1x128x128_256x64x128x256_16x16_32x32_2x1_16x16x1_16x16x1_1x32x1x8_8_1x1_intrawave_v1,453.61,1237.64,0.0
256,726,8192,512,ck,18,0,12.9569,a8w8_blockscale_1x128x128_256x64x64x256_16x16_32x32_1x1_16x16x1_16x16x1_1x32x1x8_8_1x1_intrawave_v1,470.03,1270.43,0.0
256,739,8192,512,ck,18,0,12.9684,a8w8_blockscale_1x128x128_256x64x64x256_16x16_32x32_1x1_16x16x1_16x16x1_1x32x1x8_8_1x1_intrawave_v1,478.02,1286.24,0.0
256,732,8192,512,ck,18,0,12.9764,a8w8_blockscale_1x128x128_256x64x64x256_16x16_32x32_1x1_16x16x1_16x16x1_1x32x1x8_8_1x1_intrawave_v1,473.2,1276.33,0.0
256,691,8192,512,ck,17,0,12.9923,a8w8_blockscale_1x128x128_256x64x128x256_16x16_32x32_2x1_16x16x1_16x16x1_1x32x1x8_8_1x1_intrawave_v1,446.15,1221.45,0.0
256,16,128,7168,ck,8,0,13.0565,a8w8_blockscale_1x128x128_256x16x64x256_16x16_16x16_1x1_16x16x1_16x16x1_1x16x1x16_4_1x1_intrawave_v1,2.25,79.37,0.0
256,758,8192,512,ck,18,0,13.0926,a8w8_blockscale_1x128x128_256x64x64x256_16x16_32x32_1x1_16x16x1_16x16x1_1x32x1x8_8_1x1_intrawave_v1,485.66,1298.56,0.0
256,729,8192,512,ck,17,0,13.1439,a8w8_blockscale_1x128x128_256x64x128x256_16x16_32x32_2x1_16x16x1_16x16x1_1x32x1x8_8_1x1_intrawave_v1,465.26,1256.21,0.0
256,748,8192,512,ck,17,0,13.2204,a8w8_blockscale_1x128x128_256x64x128x256_16x16_32x32_2x1_16x16x1_16x16x1_1x32x1x8_8_1x1_intrawave_v1,474.62,1273.22,0.0
256,746,8192,512,ck,17,0,13.2922,a8w8_blockscale_1x128x128_256x64x128x256_16x16_32x32_2x1_16x16x1_16x16x1_1x32x1x8_8_1x1_intrawave_v1,470.8,1263.8,0.0
256,2,7168,4096,ck,8,0,13.4077,a8w8_blockscale_1x128x128_256x16x64x256_16x16_16x16_1x1_16x16x1_16x16x1_1x16x1x16_4_1x1_intrawave_v1,8.76,2192.55,0.0
256,1,7168,4096,ck,8,0,13.4286,a8w8_blockscale_1x128x128_256x16x64x256_16x16_16x16_1x1_16x16x1_16x16x1_1x16x1x16_4_1x1_intrawave_v1,4.37,2187.76,0.0
256,4,7168,4096,ck,8,0,13.486,a8w8_blockscale_1x128x128_256x16x64x256_16x16_16x16_1x1_16x16x1_16x16x1_1x16x1x16_4_1x1_intrawave_v1,17.42,2182.55,0.0
256,32,7168,4096,ck,8,0,13.5252,a8w8_blockscale_1x128x128_256x16x64x256_16x16_16x16_1x1_16x16x1_16x16x1_1x16x1x16_4_1x1_intrawave_v1,138.93,2214.38,0.0
256,32,128,7168,ck,8,0,13.6061,a8w8_blockscale_1x128x128_256x16x64x256_16x16_16x16_1x1_16x16x1_16x16x1_1x16x1x16_4_1x1_intrawave_v1,4.32,84.89,0.0
256,128,128,7168,ck,8,0,13.6313,a8w8_blockscale_1x128x128_256x16x64x256_16x16_16x16_1x1_16x16x1_16x16x1_1x16x1x16_4_1x1_intrawave_v1,17.23,137.02,0.0
256,8,7168,4096,ck,8,0,13.6348,a8w8_blockscale_1x128x128_256x16x64x256_16x16_16x16_1x1_16x16x1_16x16x1_1x16x1x16_4_1x1_intrawave_v1,34.45,2164.14,0.0
256,48,128,7168,ck,8,0,13.6442,a8w8_blockscale_1x128x128_256x16x64x256_16x16_16x16_1x1_16x16x1_16x16x1_1x16x1x16_4_1x1_intrawave_v1,6.46,93.36,0.0
256,112,128,7168,ck,8,0,13.657,a8w8_blockscale_1x128x128_256x16x64x256_16x16_16x16_1x1_16x16x1_16x16x1_1x16x1x16_4_1x1_intrawave_v1,15.05,128.07,0.0
256,96,128,7168,ck,8,0,13.6668,a8w8_blockscale_1x128x128_256x16x64x256_16x16_16x16_1x1_16x16x1_16x16x1_1x16x1x16_4_1x1_intrawave_v1,12.89,119.28,0.0
256,80,128,7168,ck,8,0,13.6967,a8w8_blockscale_1x128x128_256x16x64x256_16x16_16x16_1x1_16x16x1_16x16x1_1x16x1x16_4_1x1_intrawave_v1,10.72,110.35,0.0
256,160,128,7168,ck,8,0,13.7228,a8w8_blockscale_1x128x128_256x16x64x256_16x16_16x16_1x1_16x16x1_16x16x1_1x16x1x16_4_1x1_intrawave_v1,21.4,153.42,0.0
256,2,128,7168,ck,8,0,13.7524,a8w8_blockscale_1x128x128_256x16x64x256_16x16_16x16_1x1_16x16x1_16x16x1_1x16x1x16_4_1x1_intrawave_v1,0.27,67.8,0.0
256,128,1024,4096,ck,8,0,13.7599,a8w8_blockscale_1x128x128_256x16x64x256_16x16_16x16_1x1_16x16x1_16x16x1_1x16x1x16_4_1x1_intrawave_v1,78.03,361.97,0.0
256,64,128,7168,ck,8,0,13.7603,a8w8_blockscale_1x128x128_256x16x64x256_16x16_16x16_1x1_16x16x1_16x16x1_1x16x1x16_4_1x1_intrawave_v1,8.53,101.21,0.0
256,16,7168,4096,ck,8,0,13.8165,a8w8_blockscale_1x128x128_256x16x64x256_16x16_16x16_1x1_16x16x1_16x16x1_1x16x1x16_4_1x1_intrawave_v1,68.0,2146.35,0.0
256,4,128,7168,ck,8,0,13.8301,a8w8_blockscale_1x128x128_256x16x64x256_16x16_16x16_1x1_16x16x1_16x16x1_1x16x1x16_4_1x1_intrawave_v1,0.53,68.49,0.0
256,1,128,7168,ck,8,0,13.8457,a8w8_blockscale_1x128x128_256x16x64x256_16x16_16x16_1x1_16x16x1_16x16x1_1x16x1x16_4_1x1_intrawave_v1,0.13,66.8,0.0
256,811,8192,512,ck,18,0,13.8759,a8w8_blockscale_1x128x128_256x64x64x256_16x16_32x32_1x1_16x16x1_16x16x1_1x32x1x8_8_1x1_intrawave_v1,490.29,1289.79,0.0
256,336,6144,1536,ck,18,0,13.884,a8w8_blockscale_1x128x128_256x64x64x256_16x16_32x32_1x1_16x16x1_16x16x1_1x32x1x8_8_1x1_intrawave_v1,456.77,1014.26,0.0
256,8,128,7168,ck,8,0,13.8928,a8w8_blockscale_1x128x128_256x16x64x256_16x16_16x16_1x1_16x16x1_16x16x1_1x16x1x16_4_1x1_intrawave_v1,1.06,70.32,0.0
256,784,8192,512,ck,18,0,13.8933,a8w8_blockscale_1x128x128_256x64x64x256_16x16_32x32_1x1_16x16x1_16x16x1_1x32x1x8_8_1x1_intrawave_v1,473.37,1255.34,0.0
256,805,8192,512,ck,18,0,13.9147,a8w8_blockscale_1x128x128_256x64x64x256_16x16_32x32_1x1_16x16x1_16x16x1_1x32x1x8_8_1x1_intrawave_v1,485.3,1278.91,0.0
256,801,8192,512,ck,18,0,13.9159,a8w8_blockscale_1x128x128_256x64x64x256_16x16_32x32_1x1_16x16x1_16x16x1_1x32x1x8_8_1x1_intrawave_v1,482.85,1273.94,0.0
256,775,8192,512,ck,18,0,13.916,a8w8_blockscale_1x128x128_256x64x64x256_16x16_32x32_1x1_16x16x1_16x16x1_1x32x1x8_8_1x1_intrawave_v1,467.17,1242.36,0.0
256,24,7168,4096,ck,8,0,13.9244,a8w8_blockscale_1x128x128_256x16x64x256_16x16_16x16_1x1_16x16x1_16x16x1_1x16x1x16_4_1x1_intrawave_v1,101.21,2140.31,0.0
256,773,8192,512,ck,18,0,13.9245,a8w8_blockscale_1x128x128_256x64x64x256_16x16_32x32_1x1_16x16x1_16x16x1_1x32x1x8_8_1x1_intrawave_v1,465.68,1239.18,0.0
256,786,8192,512,ck,18,0,13.9298,a8w8_blockscale_1x128x128_256x64x64x256_16x16_32x32_1x1_16x16x1_16x16x1_1x32x1x8_8_1x1_intrawave_v1,473.33,1254.47,0.0
256,772,8192,512,ck,18,0,13.9319,a8w8_blockscale_1x128x128_256x64x64x256_16x16_32x32_1x1_16x16x1_16x16x1_1x32x1x8_8_1x1_intrawave_v1,464.83,1237.31,0.0
256,783,8192,512,ck,18,0,13.9373,a8w8_blockscale_1x128x128_256x64x64x256_16x16_32x32_1x1_16x16x1_16x16x1_1x32x1x8_8_1x1_intrawave_v1,471.27,1250.16,0.0
256,795,8192,512,ck,18,0,13.9377,a8w8_blockscale_1x128x128_256x64x64x256_16x16_32x32_1x1_16x16x1_16x16x1_1x32x1x8_8_1x1_intrawave_v1,478.48,1264.67,0.0
256,793,8192,512,ck,18,0,13.9381,a8w8_blockscale_1x128x128_256x64x64x256_16x16_32x32_1x1_16x16x1_16x16x1_1x32x1x8_8_1x1_intrawave_v1,477.26,1262.21,0.0
256,800,8192,512,ck,18,0,13.9412,a8w8_blockscale_1x128x128_256x64x64x256_16x16_32x32_1x1_16x16x1_16x16x1_1x32x1x8_8_1x1_intrawave_v1,481.37,1270.41,0.0
256,797,8192,512,ck,18,0,13.947,a8w8_blockscale_1x128x128_256x64x64x256_16x16_32x32_1x1_16x16x1_16x16x1_1x32x1x8_8_1x1_intrawave_v1,479.37,1266.25,0.0
256,815,8192,512,ck,18,0,13.9604,a8w8_blockscale_1x128x128_256x64x64x256_16x16_32x32_1x1_16x16x1_16x16x1_1x32x1x8_8_1x1_intrawave_v1,489.72,1286.82,0.0
256,782,8192,512,ck,18,0,13.9607,a8w8_blockscale_1x128x128_256x64x64x256_16x16_32x32_1x1_16x16x1_16x16x1_1x32x1x8_8_1x1_intrawave_v1,469.88,1246.86,0.0
256,829,8192,512,ck,18,0,13.964,a8w8_blockscale_1x128x128_256x64x64x256_16x16_32x32_1x1_16x16x1_16x16x1_1x32x1x8_8_1x1_intrawave_v1,498.01,1303.43,0.0
256,825,8192,512,ck,18,0,13.9721,a8w8_blockscale_1x128x128_256x64x64x256_16x16_32x32_1x1_16x16x1_16x16x1_1x32x1x8_8_1x1_intrawave_v1,495.32,1297.84,0.0
256,799,8192,512,ck,18,0,13.9767,a8w8_blockscale_1x128x128_256x64x64x256_16x16_32x32_1x1_16x16x1_16x16x1_1x32x1x8_8_1x1_intrawave_v1,479.55,1265.98,0.0
256,818,8192,512,ck,18,0,13.9791,a8w8_blockscale_1x128x128_256x64x64x256_16x16_32x32_1x1_16x16x1_16x16x1_1x32x1x8_8_1x1_intrawave_v1,490.87,1288.73,0.0
256,822,8192,512,ck,18,0,13.9808,a8w8_blockscale_1x128x128_256x64x64x256_16x16_32x32_1x1_16x16x1_16x16x1_1x32x1x8_8_1x1_intrawave_v1,493.21,1293.4,0.0
256,803,8192,512,ck,18,0,13.9808,a8w8_blockscale_1x128x128_256x64x64x256_16x16_32x32_1x1_16x16x1_16x16x1_1x32x1x8_8_1x1_intrawave_v1,481.81,1270.44,0.0
256,831,8192,512,ck,18,0,13.9834,a8w8_blockscale_1x128x128_256x64x64x256_16x16_32x32_1x1_16x16x1_16x16x1_1x32x1x8_8_1x1_intrawave_v1,498.51,1304.04,0.0
256,814,8192,512,ck,18,0,13.9879,a8w8_blockscale_1x128x128_256x64x64x256_16x16_32x32_1x1_16x16x1_16x16x1_1x32x1x8_8_1x1_intrawave_v1,488.16,1283.08,0.0
256,352,6144,1536,ck,18,0,13.9897,a8w8_blockscale_1x128x128_256x64x64x256_16x16_32x32_1x1_16x16x1_16x16x1_1x32x1x8_8_1x1_intrawave_v1,474.9,1022.41,0.0
256,788,8192,512,ck,18,0,13.9898,a8w8_blockscale_1x128x128_256x64x64x256_16x16_32x32_1x1_16x16x1_16x16x1_1x32x1x8_8_1x1_intrawave_v1,472.5,1251.51,0.0
256,821,8192,512,ck,18,0,13.9902,a8w8_blockscale_1x128x128_256x64x64x256_16x16_32x32_1x1_16x16x1_16x16x1_1x32x1x8_8_1x1_intrawave_v1,492.28,1291.33,0.0
256,819,8192,512,ck,18,0,13.9996,a8w8_blockscale_1x128x128_256x64x64x256_16x16_32x32_1x1_16x16x1_16x16x1_1x32x1x8_8_1x1_intrawave_v1,490.75,1288.05,0.0
256,828,8192,512,ck,18,0,14.0074,a8w8_blockscale_1x128x128_256x64x64x256_16x16_32x32_1x1_16x16x1_16x16x1_1x32x1x8_8_1x1_intrawave_v1,495.86,1298.18,0.0
256,816,8192,512,ck,18,0,14.0106,a8w8_blockscale_1x128x128_256x64x64x256_16x16_32x32_1x1_16x16x1_16x16x1_1x32x1x8_8_1x1_intrawave_v1,488.57,1283.42,0.0
256,777,8192,512,ck,18,0,14.025,a8w8_blockscale_1x128x128_256x64x64x256_16x16_32x32_1x1_16x16x1_16x16x1_1x32x1x8_8_1x1_intrawave_v1,464.74,1235.12,0.0
256,824,8192,512,ck,18,0,14.0424,a8w8_blockscale_1x128x128_256x64x64x256_16x16_32x32_1x1_16x16x1_16x16x1_1x32x1x8_8_1x1_intrawave_v1,492.24,1290.14,0.0
256,807,8192,512,ck,18,0,14.0499,a8w8_blockscale_1x128x128_256x64x64x256_16x16_32x32_1x1_16x16x1_16x16x1_1x32x1x8_8_1x1_intrawave_v1,481.83,1269.0,0.0
256,794,8192,512,ck,18,0,14.0518,a8w8_blockscale_1x128x128_256x64x64x256_16x16_32x32_1x1_16x16x1_16x16x1_1x32x1x8_8_1x1_intrawave_v1,474.0,1253.2,0.0
256,792,8192,512,ck,18,0,14.0648,a8w8_blockscale_1x128x128_256x64x64x256_16x16_32x32_1x1_16x16x1_16x16x1_1x32x1x8_8_1x1_intrawave_v1,472.37,1249.64,0.0
256,368,6144,1536,ck,18,0,14.076,a8w8_blockscale_1x128x128_256x64x64x256_16x16_32x32_1x1_16x16x1_16x16x1_1x32x1x8_8_1x1_intrawave_v1,493.45,1031.86,0.0
256,384,6144,1536,ck,18,0,14.133,a8w8_blockscale_1x128x128_256x64x64x256_16x16_32x32_1x1_16x16x1_16x16x1_1x32x1x8_8_1x1_intrawave_v1,512.83,1043.35,0.0
256,833,8192,512,ck,18,0,14.2164,a8w8_blockscale_1x128x128_256x64x64x256_16x16_32x32_1x1_16x16x1_16x16x1_1x32x1x8_8_1x1_intrawave_v1,491.52,1285.04,0.0
256,865,8192,512,ck,18,0,14.2478,a8w8_blockscale_1x128x128_256x64x64x256_16x16_32x32_1x1_16x16x1_16x16x1_1x32x1x8_8_1x1_intrawave_v1,509.28,1320.16,0.0
256,869,8192,512,ck,18,0,14.2522,a8w8_blockscale_1x128x128_256x64x64x256_16x16_32x32_1x1_16x16x1_16x16x1_1x32x1x8_8_1x1_intrawave_v1,511.48,1324.49,0.0
256,895,8192,512,ck,18,0,14.2704,a8w8_blockscale_1x128x128_256x64x64x256_16x16_32x32_1x1_16x16x1_16x16x1_1x32x1x8_8_1x1_intrawave_v1,526.11,1353.59,0.0
256,872,8192,512,ck,18,0,14.2933,a8w8_blockscale_1x128x128_256x64x64x256_16x16_32x32_1x1_16x16x1_16x16x1_1x32x1x8_8_1x1_intrawave_v1,511.77,1324.23,0.0
256,880,8192,512,ck,18,0,14.3118,a8w8_blockscale_1x128x128_256x64x64x256_16x16_32x32_1x1_16x16x1_16x16x1_1x32x1x8_8_1x1_intrawave_v1,515.8,1331.96,0.0
256,882,8192,512,ck,18,0,14.3196,a8w8_blockscale_1x128x128_256x64x64x256_16x16_32x32_1x1_16x16x1_16x16x1_1x32x1x8_8_1x1_intrawave_v1,516.69,1333.6,0.0
256,852,8192,512,ck,18,0,14.3244,a8w8_blockscale_1x128x128_256x64x64x256_16x16_32x32_1x1_16x16x1_16x16x1_1x32x1x8_8_1x1_intrawave_v1,498.95,1297.76,0.0
256,855,8192,512,ck,18,0,14.325,a8w8_blockscale_1x128x128_256x64x64x256_16x16_32x32_1x1_16x16x1_16x16x1_1x32x1x8_8_1x1_intrawave_v1,500.68,1301.25,0.0
256,839,8192,512,ck,18,0,14.3371,a8w8_blockscale_1x128x128_256x64x64x256_16x16_32x32_1x1_16x16x1_16x16x1_1x32x1x8_8_1x1_intrawave_v1,490.9,1281.29,0.0
256,842,8192,512,ck,18,0,14.3387,a8w8_blockscale_1x128x128_256x64x64x256_16x16_32x32_1x1_16x16x1_16x16x1_1x32x1x8_8_1x1_intrawave_v1,492.6,1284.69,0.0
256,847,8192,512,ck,18,0,14.3419,a8w8_blockscale_1x128x128_256x64x64x256_16x16_32x32_1x1_16x16x1_16x16x1_1x32x1x8_8_1x1_intrawave_v1,495.41,1290.29,0.0
256,861,8192,512,ck,18,0,14.3468,a8w8_blockscale_1x128x128_256x64x64x256_16x16_32x32_1x1_16x16x1_16x16x1_1x32x1x8_8_1x1_intrawave_v1,503.43,1306.34,0.0
256,875,8192,512,ck,18,0,14.3495,a8w8_blockscale_1x128x128_256x64x64x256_16x16_32x32_1x1_16x16x1_16x16x1_1x32x1x8_8_1x1_intrawave_v1,511.52,1322.58,0.0
256,873,8192,512,ck,18,0,14.3538,a8w8_blockscale_1x128x128_256x64x64x256_16x16_32x32_1x1_16x16x1_16x16x1_1x32x1x8_8_1x1_intrawave_v1,510.2,1319.83,0.0
256,400,6144,1536,ck,18,0,14.3732,a8w8_blockscale_1x128x128_256x64x64x256_16x16_32x32_1x1_16x16x1_16x16x1_1x32x1x8_8_1x1_intrawave_v1,525.27,1041.3,0.0
256,837,8192,512,ck,18,0,14.3742,a8w8_blockscale_1x128x128_256x64x64x256_16x16_32x32_1x1_16x16x1_16x16x1_1x32x1x8_8_1x1_intrawave_v1,488.46,1275.64,0.0
256,863,8192,512,ck,18,0,14.3756,a8w8_blockscale_1x128x128_256x64x64x256_16x16_32x32_1x1_16x16x1_16x16x1_1x32x1x8_8_1x1_intrawave_v1,503.59,1306.07,0.0
256,860,8192,512,ck,18,0,14.3785,a8w8_blockscale_1x128x128_256x64x64x256_16x16_32x32_1x1_16x16x1_16x16x1_1x32x1x8_8_1x1_intrawave_v1,501.74,1302.28,0.0
256,894,8192,512,ck,18,0,14.3914,a8w8_blockscale_1x128x128_256x64x64x256_16x16_32x32_1x1_16x16x1_16x16x1_1x32x1x8_8_1x1_intrawave_v1,521.1,1341.03,0.0
256,868,8192,512,ck,18,0,14.3975,a8w8_blockscale_1x128x128_256x64x64x256_16x16_32x32_1x1_16x16x1_16x16x1_1x32x1x8_8_1x1_intrawave_v1,505.73,1309.95,0.0
256,866,8192,512,ck,18,0,14.4053,a8w8_blockscale_1x128x128_256x64x64x256_16x16_32x32_1x1_16x16x1_16x16x1_1x32x1x8_8_1x1_intrawave_v1,504.3,1306.9,0.0
256,850,8192,512,ck,18,0,14.4069,a8w8_blockscale_1x128x128_256x64x64x256_16x16_32x32_1x1_16x16x1_16x16x1_1x32x1x8_8_1x1_intrawave_v1,494.92,1287.99,0.0
256,867,8192,512,ck,18,0,14.4175,a8w8_blockscale_1x128x128_256x64x64x256_16x16_32x32_1x1_16x16x1_16x16x1_1x32x1x8_8_1x1_intrawave_v1,504.45,1306.96,0.0
256,846,8192,512,ck,18,0,14.4292,a8w8_blockscale_1x128x128_256x64x64x256_16x16_32x32_1x1_16x16x1_16x16x1_1x32x1x8_8_1x1_intrawave_v1,491.83,1281.31,0.0
256,883,8192,512,ck,18,0,14.4512,a8w8_blockscale_1x128x128_256x64x64x256_16x16_32x32_1x1_16x16x1_16x16x1_1x32x1x8_8_1x1_intrawave_v1,512.56,1322.62,0.0
256,890,8192,512,ck,18,0,14.4514,a8w8_blockscale_1x128x128_256x64x64x256_16x16_32x32_1x1_16x16x1_16x16x1_1x32x1x8_8_1x1_intrawave_v1,516.62,1330.79,0.0
256,870,8192,512,ck,18,0,14.4522,a8w8_blockscale_1x128x128_256x64x64x256_16x16_32x32_1x1_16x16x1_16x16x1_1x32x1x8_8_1x1_intrawave_v1,504.98,1307.33,0.0
256,858,8192,512,ck,18,0,14.4542,a8w8_blockscale_1x128x128_256x64x64x256_16x16_32x32_1x1_16x16x1_16x16x1_1x32x1x8_8_1x1_intrawave_v1,497.95,1293.12,0.0
256,272,8192,1536,ck,18,0,14.455,a8w8_blockscale_1x128x128_256x64x64x256_16x16_32x32_1x1_16x16x1_16x16x1_1x32x1x8_8_1x1_intrawave_v1,473.55,1207.69,0.0
256,859,8192,512,ck,18,0,14.4581,a8w8_blockscale_1x128x128_256x64x64x256_16x16_32x32_1x1_16x16x1_16x16x1_1x32x1x8_8_1x1_intrawave_v1,498.39,1293.94,0.0
256,24,128,7168,ck,8,0,14.4624,a8w8_blockscale_1x128x128_256x16x64x256_16x16_16x16_1x1_16x16x1_16x16x1_1x16x1x16_4_1x1_intrawave_v1,3.05,75.76,0.0
256,884,8192,512,ck,18,0,14.4661,a8w8_blockscale_1x128x128_256x64x64x256_16x16_32x32_1x1_16x16x1_16x16x1_1x32x1x8_8_1x1_intrawave_v1,512.61,1322.43,0.0
256,288,8192,1536,ck,18,0,14.4716,a8w8_blockscale_1x128x128_256x64x64x256_16x16_32x32_1x1_16x16x1_16x16x1_1x32x1x8_8_1x1_intrawave_v1,500.83,1226.12,0.0
256,16,7168,4608,ck,8,0,14.5118,a8w8_blockscale_1x128x128_256x16x64x256_16x16_16x16_1x1_16x16x1_16x16x1_1x16x1x16_4_1x1_intrawave_v1,72.83,2296.98,0.0
256,448,6144,1536,ck,18,0,14.5126,a8w8_blockscale_1x128x128_256x64x64x256_16x16_32x32_1x1_16x16x1_16x16x1_1x32x1x8_8_1x1_intrawave_v1,582.65,1077.02,0.0
256,892,8192,512,ck,18,0,14.5147,a8w8_blockscale_1x128x128_256x64x64x256_16x16_32x32_1x1_16x16x1_16x16x1_1x32x1x8_8_1x1_intrawave_v1,515.52,1327.31,0.0
256,889,8192,512,ck,18,0,14.5305,a8w8_blockscale_1x128x128_256x64x64x256_16x16_32x32_1x1_16x16x1_16x16x1_1x32x1x8_8_1x1_intrawave_v1,513.23,1322.38,0.0
256,40,128,7168,ck,8,0,14.5348,a8w8_blockscale_1x128x128_256x16x64x256_16x16_16x16_1x1_16x16x1_16x16x1_1x16x1x16_4_1x1_intrawave_v1,5.05,83.56,0.0
256,320,8192,1536,ck,18,0,14.5438,a8w8_blockscale_1x128x128_256x64x64x256_16x16_32x32_1x1_16x16x1_16x16x1_1x32x1x8_8_1x1_intrawave_v1,553.71,1259.46,0.0
256,304,8192,1536,ck,18,0,14.5481,a8w8_blockscale_1x128x128_256x64x64x256_16x16_32x32_1x1_16x16x1_16x16x1_1x32x1x8_8_1x1_intrawave_v1,525.87,1239.38,0.0
256,8,7168,4608,ck,8,0,14.5833,a8w8_blockscale_1x128x128_256x16x64x256_16x16_16x16_1x1_16x16x1_16x16x1_1x16x1x16_4_1x1_intrawave_v1,36.24,2275.32,0.0
256,416,6144,1536,ck,18,0,14.5922,a8w8_blockscale_1x128x128_256x64x64x256_16x16_32x32_1x1_16x16x1_16x16x1_1x32x1x8_8_1x1_intrawave_v1,538.08,1040.83,0.0
256,104,128,7168,ck,8,0,14.6058,a8w8_blockscale_1x128x128_256x16x64x256_16x16_16x16_1x1_16x16x1_16x16x1_1x16x1x16_4_1x1_intrawave_v1,13.07,115.68,0.0
256,72,128,7168,ck,8,0,14.6194,a8w8_blockscale_1x128x128_256x16x64x256_16x16_16x16_1x1_16x16x1_16x16x1_1x16x1x16_4_1x1_intrawave_v1,9.04,99.32,0.0
256,40,7168,4096,ck,18,0,14.6244,a8w8_blockscale_1x128x128_256x64x64x256_16x16_32x32_1x1_16x16x1_16x16x1_1x32x1x8_8_1x1_intrawave_v1,160.61,2058.03,0.0
256,1,7168,4608,ck,8,0,14.6267,a8w8_blockscale_1x128x128_256x16x64x256_16x16_16x16_1x1_16x16x1_16x16x1_1x16x1x16_4_1x1_intrawave_v1,4.52,2259.5,0.0
256,56,128,7168,ck,8,0,14.6307,a8w8_blockscale_1x128x128_256x16x64x256_16x16_16x16_1x1_16x16x1_16x16x1_1x16x1x16_4_1x1_intrawave_v1,7.02,91.13,0.0
256,120,128,7168,ck,8,0,14.6554,a8w8_blockscale_1x128x128_256x16x64x256_16x16_16x16_1x1_16x16x1_16x16x1_1x16x1x16_4_1x1_intrawave_v1,15.03,123.39,0.0
256,88,128,7168,ck,8,0,14.6635,a8w8_blockscale_1x128x128_256x16x64x256_16x16_16x16_1x1_16x16x1_16x16x1_1x16x1x16_4_1x1_intrawave_v1,11.01,107.12,0.0
256,464,6144,1536,ck,18,0,14.6645,a8w8_blockscale_1x128x128_256x64x64x256_16x16_32x32_1x1_16x16x1_16x16x1_1x32x1x8_8_1x1_intrawave_v1,597.2,1080.95,0.0
256,480,6144,1536,ck,18,0,14.6806,a8w8_blockscale_1x128x128_256x64x64x256_16x16_32x32_1x1_16x16x1_16x16x1_1x32x1x8_8_1x1_intrawave_v1,617.12,1094.83,0.0
256,32,7168,4608,ck,8,0,14.695,a8w8_blockscale_1x128x128_256x16x64x256_16x16_16x16_1x1_16x16x1_16x16x1_1x16x1x16_4_1x1_intrawave_v1,143.85,2288.97,0.0
256,152,128,7168,ck,8,0,14.6976,a8w8_blockscale_1x128x128_256x16x64x256_16x16_16x16_1x1_16x16x1_16x16x1_1x16x1x16_4_1x1_intrawave_v1,18.98,139.2,0.0
256,2,7168,4608,ck,8,0,14.6992,a8w8_blockscale_1x128x128_256x16x64x256_16x16_16x16_1x1_16x16x1_16x16x1_1x16x1x16_4_1x1_intrawave_v1,8.99,2249.65,0.0
256,136,128,7168,ck,8,0,14.7114,a8w8_blockscale_1x128x128_256x16x64x256_16x16_16x16_1x1_16x16x1_16x16x1_1x16x1x16_4_1x1_intrawave_v1,16.96,131.0,0.0
256,96,7168,4096,ck,18,0,14.7274,a8w8_blockscale_1x128x128_256x64x64x256_16x16_32x32_1x1_16x16x1_16x16x1_1x32x1x8_8_1x1_intrawave_v1,382.77,2113.72,0.0
256,72,7168,4096,ck,18,0,14.7442,a8w8_blockscale_1x128x128_256x64x64x256_16x16_32x32_1x1_16x16x1_16x16x1_1x32x1x8_8_1x1_intrawave_v1,286.75,2081.31,0.0
256,48,7168,4096,ck,18,0,14.7478,a8w8_blockscale_1x128x128_256x64x64x256_16x16_32x32_1x1_16x16x1_16x16x1_1x32x1x8_8_1x1_intrawave_v1,191.12,2050.81,0.0
256,80,7168,4096,ck,18,0,14.7667,a8w8_blockscale_1x128x128_256x64x64x256_16x16_32x32_1x1_16x16x1_16x16x1_1x32x1x8_8_1x1_intrawave_v1,318.12,2088.12,0.0
256,4,7168,4608,ck,8,0,14.7948,a8w8_blockscale_1x128x128_256x16x64x256_16x16_16x16_1x1_16x16x1_16x16x1_1x16x1x16_4_1x1_intrawave_v1,17.86,2237.67,0.0
256,104,7168,4096,ck,18,0,14.817,a8w8_blockscale_1x128x128_256x64x64x256_16x16_32x32_1x1_16x16x1_16x16x1_1x32x1x8_8_1x1_intrawave_v1,412.16,2110.89,0.0
256,432,6144,1536,ck,18,0,14.8219,a8w8_blockscale_1x128x128_256x64x64x256_16x16_32x32_1x1_16x16x1_16x16x1_1x32x1x8_8_1x1_intrawave_v1,550.11,1039.62,0.0
256,88,7168,4096,ck,18,0,14.8317,a8w8_blockscale_1x128x128_256x64x64x256_16x16_32x32_1x1_16x16x1_16x16x1_1x32x1x8_8_1x1_intrawave_v1,348.4,2088.91,0.0
256,336,8192,1536,ck,18,0,14.8513,a8w8_blockscale_1x128x128_256x64x64x256_16x16_32x32_1x1_16x16x1_16x16x1_1x32x1x8_8_1x1_intrawave_v1,569.36,1252.69,0.0
256,24,7168,4608,ck,8,0,14.8624,a8w8_blockscale_1x128x128_256x16x64x256_16x16_16x16_1x1_16x16x1_16x16x1_1x16x1x16_4_1x1_intrawave_v1,106.68,2252.99,0.0
256,352,8192,1536,ck,18,0,14.8723,a8w8_blockscale_1x128x128_256x64x64x256_16x16_32x32_1x1_16x16x1_16x16x1_1x32x1x8_8_1x1_intrawave_v1,595.63,1270.2,0.0
256,496,6144,1536,ck,18,0,14.9121,a8w8_blockscale_1x128x128_256x64x64x256_16x16_32x32_1x1_16x16x1_16x16x1_1x32x1x8_8_1x1_intrawave_v1,627.79,1092.66,0.0
256,56,7168,4096,ck,18,0,14.92,a8w8_blockscale_1x128x128_256x64x64x256_16x16_32x32_1x1_16x16x1_16x16x1_1x32x1x8_8_1x1_intrawave_v1,220.4,2037.02,0.0
256,64,7168,4096,ck,7,0,14.9487,a8w8_blockscale_1x128x128_256x16x128x256_16x16_16x16_1x2_16x16x1_16x16x1_1x16x1x16_8_1x2_intrawave_v1,251.4,2042.97,0.0
256,112,7168,4096,ck,18,0,15.0084,a8w8_blockscale_1x128x128_256x64x64x256_16x16_32x32_1x1_16x16x1_16x16x1_1x32x1x8_8_1x1_intrawave_v1,438.2,2093.79,0.0
256,384,8192,1536,ck,18,0,15.0097,a8w8_blockscale_1x128x128_256x64x64x256_16x16_32x32_1x1_16x16x1_16x16x1_1x32x1x8_8_1x1_intrawave_v1,643.83,1296.77,0.0
256,368,8192,1536,ck,18,0,15.0198,a8w8_blockscale_1x128x128_256x64x64x256_16x16_32x32_1x1_16x16x1_16x16x1_1x32x1x8_8_1x1_intrawave_v1,616.59,1276.81,0.0
256,909,8192,512,ck,0,0,15.0294,a8w8_blockscale_1x128x128_256x128x128x128_16x16_32x32_2x2_8x32x1_8x32x1_1x32x1x8_8_1x1_intrawave_v3,507.36,1300.97,0.0
256,901,8192,512,ck,0,0,15.0315,a8w8_blockscale_1x128x128_256x128x128x128_16x16_32x32_2x2_8x32x1_8x32x1_1x32x1x8_8_1x1_intrawave_v3,502.82,1291.79,0.0
256,906,8192,512,ck,0,0,15.0337,a8w8_blockscale_1x128x128_256x128x128x128_16x16_32x32_2x2_8x32x1_8x32x1_1x32x1x8_8_1x1_intrawave_v3,505.54,1297.22,0.0
256,915,8192,512,ck,0,0,15.0468,a8w8_blockscale_1x128x128_256x128x128x128_16x16_32x32_2x2_8x32x1_8x32x1_1x32x1x8_8_1x1_intrawave_v3,510.11,1306.2,0.0
256,512,6144,1536,ck,18,0,15.0625,a8w8_blockscale_1x128x128_256x64x64x256_16x16_32x32_1x1_16x16x1_16x16x1_1x32x1x8_8_1x1_intrawave_v1,641.57,1096.44,0.0
256,935,8192,512,ck,0,0,15.0659,a8w8_blockscale_1x128x128_256x128x128x128_16x16_32x32_2x2_8x32x1_8x32x1_1x32x1x8_8_1x1_intrawave_v3,520.6,1326.97,0.0
256,921,8192,512,ck,0,0,15.0665,a8w8_blockscale_1x128x128_256x128x128x128_16x16_32x32_2x2_8x32x1_8x32x1_1x32x1x8_8_1x1_intrawave_v3,512.79,1311.22,0.0
256,961,8192,512,ck,0,0,15.0711,a8w8_blockscale_1x128x128_256x128x128x128_16x16_32x32_2x2_8x32x1_8x32x1_1x32x1x8_8_1x1_intrawave_v3,534.89,1355.66,0.0
256,904,8192,512,ck,0,0,15.0959,a8w8_blockscale_1x128x128_256x128x128x128_16x16_32x32_2x2_8x32x1_8x32x1_1x32x1x8_8_1x1_intrawave_v3,502.34,1289.64,0.0
256,120,7168,4096,ck,18,0,15.0961,a8w8_blockscale_1x128x128_256x64x64x256_16x16_32x32_1x1_16x16x1_16x16x1_1x32x1x8_8_1x1_intrawave_v1,466.77,2091.4,0.0
256,908,8192,512,ck,0,0,15.1022,a8w8_blockscale_1x128x128_256x128x128x128_16x16_32x32_2x2_8x32x1_8x32x1_1x32x1x8_8_1x1_intrawave_v3,504.35,1293.58,0.0
256,905,8192,512,ck,0,0,15.1082,a8w8_blockscale_1x128x128_256x128x128x128_16x16_32x32_2x2_8x32x1_8x32x1_1x32x1x8_8_1x1_intrawave_v3,502.49,1289.71,0.0
256,944,8192,512,ck,0,0,15.1085,a8w8_blockscale_1x128x128_256x128x128x128_16x16_32x32_2x2_8x32x1_8x32x1_1x32x1x8_8_1x1_intrawave_v3,524.13,1333.3,0.0
256,934,8192,512,ck,0,0,15.1093,a8w8_blockscale_1x128x128_256x128x128x128_16x16_32x32_2x2_8x32x1_8x32x1_1x32x1x8_8_1x1_intrawave_v3,518.55,1322.04,0.0
256,923,8192,512,ck,0,0,15.1179,a8w8_blockscale_1x128x128_256x128x128x128_16x16_32x32_2x2_8x32x1_8x32x1_1x32x1x8_8_1x1_intrawave_v3,512.15,1309.0,0.0
256,948,8192,512,ck,0,0,15.1196,a8w8_blockscale_1x128x128_256x128x128x128_16x16_32x32_2x2_8x32x1_8x32x1_1x32x1x8_8_1x1_intrawave_v3,525.97,1336.79,0.0
256,924,8192,512,ck,0,0,15.122,a8w8_blockscale_1x128x128_256x128x128x128_16x16_32x32_2x2_8x32x1_8x32x1_1x32x1x8_8_1x1_intrawave_v3,512.57,1309.76,0.0
256,917,8192,512,ck,0,0,15.1242,a8w8_blockscale_1x128x128_256x128x128x128_16x16_32x32_2x2_8x32x1_8x32x1_1x32x1x8_8_1x1_intrawave_v3,508.61,1301.75,0.0
256,898,8192,512,ck,0,0,15.1291,a8w8_blockscale_1x128x128_256x128x128x128_16x16_32x32_2x2_8x32x1_8x32x1_1x32x1x8_8_1x1_intrawave_v3,497.91,1280.11,0.0
256,919,8192,512,ck,0,0,15.1364,a8w8_blockscale_1x128x128_256x128x128x128_16x16_32x32_2x2_8x32x1_8x32x1_1x32x1x8_8_1x1_intrawave_v3,509.31,1302.93,0.0
256,931,8192,512,ck,0,0,15.1411,a8w8_blockscale_1x128x128_256x128x128x128_16x16_32x32_2x2_8x32x1_8x32x1_1x32x1x8_8_1x1_intrawave_v3,515.8,1315.92,0.0
256,958,8192,512,ck,0,0,15.1435,a8w8_blockscale_1x128x128_256x128x128x128_16x16_32x32_2x2_8x32x1_8x32x1_1x32x1x8_8_1x1_intrawave_v3,530.68,1345.84,0.0
256,954,8192,512,ck,0,0,15.1442,a8w8_blockscale_1x128x128_256x128x128x128_16x16_32x32_2x2_8x32x1_8x32x1_1x32x1x8_8_1x1_intrawave_v3,528.44,1341.31,0.0
256,918,8192,512,ck,0,0,15.1483,a8w8_blockscale_1x128x128_256x128x128x128_16x16_32x32_2x2_8x32x1_8x32x1_1x32x1x8_8_1x1_intrawave_v3,508.36,1300.79,0.0
256,946,8192,512,ck,0,0,15.1497,a8w8_blockscale_1x128x128_256x128x128x128_16x16_32x32_2x2_8x32x1_8x32x1_1x32x1x8_8_1x1_intrawave_v3,523.81,1331.9,0.0
256,939,8192,512,ck,0,0,15.1519,a8w8_blockscale_1x128x128_256x128x128x128_16x16_32x32_2x2_8x32x1_8x32x1_1x32x1x8_8_1x1_intrawave_v3,519.86,1323.9,0.0
256,936,8192,512,ck,0,0,15.1556,a8w8_blockscale_1x128x128_256x128x128x128_16x16_32x32_2x2_8x32x1_8x32x1_1x32x1x8_8_1x1_intrawave_v3,518.07,1320.24,0.0
256,957,8192,512,ck,0,0,15.1565,a8w8_blockscale_1x128x128_256x128x128x128_16x16_32x32_2x2_8x32x1_8x32x1_1x32x1x8_8_1x1_intrawave_v3,529.67,1343.57,0.0
256,945,8192,512,ck,0,0,15.1584,a8w8_blockscale_1x128x128_256x128x128x128_16x16_32x32_2x2_8x32x1_8x32x1_1x32x1x8_8_1x1_intrawave_v3,522.96,1330.02,0.0
256,960,8192,512,ck,0,0,15.1591,a8w8_blockscale_1x128x128_256x128x128x128_16x16_32x32_2x2_8x32x1_8x32x1_1x32x1x8_8_1x1_intrawave_v3,531.24,1346.68,0.0
256,974,8192,512,ck,0,0,15.1608,a8w8_blockscale_1x128x128_256x128x128x128_16x16_32x32_2x2_8x32x1_8x32x1_1x32x1x8_8_1x1_intrawave_v3,538.92,1362.13,0.0
256,952,8192,512,ck,0,0,15.162,a8w8_blockscale_1x128x128_256x128x128x128_16x16_32x32_2x2_8x32x1_8x32x1_1x32x1x8_8_1x1_intrawave_v3,526.71,1337.51,0.0
256,933,8192,512,ck,0,0,15.164,a8w8_blockscale_1x128x128_256x128x128x128_16x16_32x32_2x2_8x32x1_8x32x1_1x32x1x8_8_1x1_intrawave_v3,516.13,1316.16,0.0
256,968,8192,512,ck,0,0,15.1749,a8w8_blockscale_1x128x128_256x128x128x128_16x16_32x32_2x2_8x32x1_8x32x1_1x32x1x8_8_1x1_intrawave_v3,535.11,1354.19,0.0
256,950,8192,512,ck,0,0,15.1761,a8w8_blockscale_1x128x128_256x128x128x128_16x16_32x32_2x2_8x32x1_8x32x1_1x32x1x8_8_1x1_intrawave_v3,525.11,1334.04,0.0
256,965,8192,512,ck,0,0,15.1984,a8w8_blockscale_1x128x128_256x128x128x128_16x16_32x32_2x2_8x32x1_8x32x1_1x32x1x8_8_1x1_intrawave_v3,532.62,1348.76,0.0
256,964,8192,512,ck,0,0,15.2004,a8w8_blockscale_1x128x128_256x128x128x128_16x16_32x32_2x2_8x32x1_8x32x1_1x32x1x8_8_1x1_intrawave_v3,532.0,1347.47,0.0
256,951,8192,512,ck,0,0,15.2052,a8w8_blockscale_1x128x128_256x128x128x128_16x16_32x32_2x2_8x32x1_8x32x1_1x32x1x8_8_1x1_intrawave_v3,524.66,1332.6,0.0
256,943,8192,512,ck,0,0,15.2064,a8w8_blockscale_1x128x128_256x128x128x128_16x16_32x32_2x2_8x32x1_8x32x1_1x32x1x8_8_1x1_intrawave_v3,520.21,1323.6,0.0
256,949,8192,512,ck,0,0,15.2096,a8w8_blockscale_1x128x128_256x128x128x128_16x16_32x32_2x2_8x32x1_8x32x1_1x32x1x8_8_1x1_intrawave_v3,523.41,1329.99,0.0
256,971,8192,512,ck,0,0,15.2113,a8w8_blockscale_1x128x128_256x128x128x128_16x16_32x32_2x2_8x32x1_8x32x1_1x32x1x8_8_1x1_intrawave_v3,535.48,1354.28,0.0
256,941,8192,512,ck,0,0,15.2214,a8w8_blockscale_1x128x128_256x128x128x128_16x16_32x32_2x2_8x32x1_8x32x1_1x32x1x8_8_1x1_intrawave_v3,518.59,1320.08,0.0
256,1000,8192,512,ck,0,0,15.2281,a8w8_blockscale_1x128x128_256x128x128x128_16x16_32x32_2x2_8x32x1_8x32x1_1x32x1x8_8_1x1_intrawave_v3,550.86,1384.96,0.0
256,940,8192,512,ck,0,0,15.2306,a8w8_blockscale_1x128x128_256x128x128x128_16x16_32x32_2x2_8x32x1_8x32x1_1x32x1x8_8_1x1_intrawave_v3,517.73,1318.17,0.0
256,999,8192,512,ck,0,0,15.2408,a8w8_blockscale_1x128x128_256x128x128x128_16x16_32x32_2x2_8x32x1_8x32x1_1x32x1x8_8_1x1_intrawave_v3,549.85,1382.7,0.0
256,992,8192,512,ck,0,0,15.2456,a8w8_blockscale_1x128x128_256x128x128x128_16x16_32x32_2x2_8x32x1_8x32x1_1x32x1x8_8_1x1_intrawave_v3,545.83,1374.5,0.0
256,1001,8192,512,ck,0,0,15.266,a8w8_blockscale_1x128x128_256x128x128x128_16x16_32x32_2x2_8x32x1_8x32x1_1x32x1x8_8_1x1_intrawave_v3,550.05,1382.63,0.0
256,993,8192,512,ck,0,0,15.2667,a8w8_blockscale_1x128x128_256x128x128x128_16x16_32x32_2x2_8x32x1_8x32x1_1x32x1x8_8_1x1_intrawave_v3,545.62,1373.71,0.0
256,963,8192,512,ck,0,0,15.2771,a8w8_blockscale_1x128x128_256x128x128x128_16x16_32x32_2x2_8x32x1_8x32x1_1x32x1x8_8_1x1_intrawave_v3,528.78,1339.6,0.0
256,1008,8192,512,ck,0,0,15.2817,a8w8_blockscale_1x128x128_256x128x128x128_16x16_32x32_2x2_8x32x1_8x32x1_1x32x1x8_8_1x1_intrawave_v3,553.32,1388.95,0.0
256,981,8192,512,ck,0,0,15.282,a8w8_blockscale_1x128x128_256x128x128x128_16x16_32x32_2x2_8x32x1_8x32x1_1x32x1x8_8_1x1_intrawave_v3,538.49,1359.07,0.0
256,985,8192,512,ck,0,0,15.2872,a8w8_blockscale_1x128x128_256x128x128x128_16x16_32x32_2x2_8x32x1_8x32x1_1x32x1x8_8_1x1_intrawave_v3,540.5,1363.03,0.0
256,128,7168,4096,ck,18,0,15.2896,a8w8_blockscale_1x128x128_256x64x64x256_16x16_32x32_1x1_16x16x1_16x16x1_1x32x1x8_8_1x1_intrawave_v1,491.59,2074.58,0.0
256,1024,8192,512,ck,0,0,15.2925,a8w8_blockscale_1x128x128_256x128x128x128_16x16_32x32_2x2_8x32x1_8x32x1_1x32x1x8_8_1x1_intrawave_v3,561.71,1405.64,0.0
256,979,8192,512,ck,0,0,15.3057,a8w8_blockscale_1x128x128_256x128x128x128_16x16_32x32_2x2_8x32x1_8x32x1_1x32x1x8_8_1x1_intrawave_v3,536.56,1354.76,0.0
256,1002,8192,512,ck,0,0,15.308,a8w8_blockscale_1x128x128_256x128x128x128_16x16_32x32_2x2_8x32x1_8x32x1_1x32x1x8_8_1x1_intrawave_v3,549.08,1379.94,0.0
256,1006,8192,512,ck,0,0,15.3142,a8w8_blockscale_1x128x128_256x128x128x128_16x16_32x32_2x2_8x32x1_8x32x1_1x32x1x8_8_1x1_intrawave_v3,551.05,1383.79,0.0
256,1015,8192,512,ck,0,0,15.3254,a8w8_blockscale_1x128x128_256x128x128x128_16x16_32x32_2x2_8x32x1_8x32x1_1x32x1x8_8_1x1_intrawave_v3,555.58,1392.7,0.0
256,987,8192,512,ck,0,0,15.3345,a8w8_blockscale_1x128x128_256x128x128x128_16x16_32x32_2x2_8x32x1_8x32x1_1x32x1x8_8_1x1_intrawave_v3,539.93,1361.03,0.0
256,996,8192,512,ck,0,0,15.3383,a8w8_blockscale_1x128x128_256x128x128x128_16x16_32x32_2x2_8x32x1_8x32x1_1x32x1x8_8_1x1_intrawave_v3,544.72,1370.6,0.0
256,1012,8192,512,ck,0,0,15.3609,a8w8_blockscale_1x128x128_256x128x128x128_16x16_32x32_2x2_8x32x1_8x32x1_1x32x1x8_8_1x1_intrawave_v3,552.65,1386.19,0.0
256,1011,8192,512,ck,0,0,15.3749,a8w8_blockscale_1x128x128_256x128x128x128_16x16_32x32_2x2_8x32x1_8x32x1_1x32x1x8_8_1x1_intrawave_v3,551.61,1383.82,0.0
256,144,128,7168,ck,8,0,15.3822,a8w8_blockscale_1x128x128_256x16x64x256_16x16_16x16_1x1_16x16x1_16x16x1_1x16x1x16_4_1x1_intrawave_v1,17.18,129.15,0.0
256,1005,8192,512,ck,0,0,15.4212,a8w8_blockscale_1x128x128_256x128x128x128_16x16_32x32_2x2_8x32x1_8x32x1_1x32x1x8_8_1x1_intrawave_v3,546.69,1373.1,0.0
256,1019,8192,512,ck,0,0,15.451,a8w8_blockscale_1x128x128_256x128x128x128_16x16_32x32_2x2_8x32x1_8x32x1_1x32x1x8_8_1x1_intrawave_v3,553.23,1385.76,0.0
256,1010,8192,512,ck,0,0,15.4592,a8w8_blockscale_1x128x128_256x128x128x128_16x16_32x32_2x2_8x32x1_8x32x1_1x32x1x8_8_1x1_intrawave_v3,548.06,1375.19,0.0
256,176,128,7168,ck,8,0,15.5448,a8w8_blockscale_1x128x128_256x16x64x256_16x16_16x16_1x1_16x16x1_16x16x1_1x16x1x16_4_1x1_intrawave_v1,20.78,143.08,0.0
256,40,7168,4608,ck,18,0,15.6778,a8w8_blockscale_1x128x128_256x64x64x256_16x16_32x32_1x1_16x16x1_16x16x1_1x32x1x8_8_1x1_intrawave_v1,168.54,2155.14,0.0
256,208,128,7168,ck,8,0,15.692,a8w8_blockscale_1x128x128_256x16x64x256_16x16_16x16_1x1_16x16x1_16x16x1_1x16x1x16_4_1x1_intrawave_v1,24.32,156.88,0.0
256,48,7168,4608,ck,18,0,15.8779,a8w8_blockscale_1x128x128_256x64x64x256_16x16_32x32_1x1_16x16x1_16x16x1_1x32x1x8_8_1x1_intrawave_v1,199.7,2137.53,0.0
256,80,7168,4608,ck,18,0,15.9936,a8w8_blockscale_1x128x128_256x64x64x256_16x16_32x32_1x1_16x16x1_16x16x1_1x32x1x8_8_1x1_intrawave_v1,330.43,2159.97,0.0
256,96,7168,4608,ck,18,0,16.0581,a8w8_blockscale_1x128x128_256x64x64x256_16x16_32x32_1x1_16x16x1_16x16x1_1x32x1x8_8_1x1_intrawave_v1,394.93,2170.17,0.0
256,72,7168,4608,ck,18,0,16.0594,a8w8_blockscale_1x128x128_256x64x64x256_16x16_32x32_1x1_16x16x1_16x16x1_1x32x1x8_8_1x1_intrawave_v1,296.17,2141.68,0.0
256,400,8192,1536,ck,0,0,16.0698,a8w8_blockscale_1x128x128_256x128x128x128_16x16_32x32_2x2_8x32x1_8x32x1_1x32x1x8_8_1x1_intrawave_v3,626.41,1229.07,0.0
256,56,7168,4608,ck,18,0,16.0771,a8w8_blockscale_1x128x128_256x64x64x256_16x16_32x32_1x1_16x16x1_16x16x1_1x32x1x8_8_1x1_intrawave_v1,230.1,2120.47,0.0
256,88,7168,4608,ck,18,0,16.0921,a8w8_blockscale_1x128x128_256x64x64x256_16x16_32x32_1x1_16x16x1_16x16x1_1x32x1x8_8_1x1_intrawave_v1,361.25,2156.16,0.0
256,416,8192,1536,ck,0,0,16.1028,a8w8_blockscale_1x128x128_256x128x128x128_16x16_32x32_2x2_8x32x1_8x32x1_1x32x1x8_8_1x1_intrawave_v3,650.13,1244.36,0.0
256,64,7168,4608,ck,18,0,16.208,a8w8_blockscale_1x128x128_256x64x64x256_16x16_32x32_1x1_16x16x1_16x16x1_1x32x1x8_8_1x1_intrawave_v1,260.85,2112.69,0.0
256,104,7168,4608,ck,18,0,16.2179,a8w8_blockscale_1x128x128_256x64x64x256_16x16_32x32_1x1_16x16x1_16x16x1_1x32x1x8_8_1x1_intrawave_v1,423.62,2158.13,0.0
256,432,8192,1536,ck,0,0,16.221,a8w8_blockscale_1x128x128_256x128x128x128_16x16_32x32_2x2_8x32x1_8x32x1_1x32x1x8_8_1x1_intrawave_v3,670.22,1252.97,0.0
256,448,8192,1536,ck,0,0,16.2613,a8w8_blockscale_1x128x128_256x128x128x128_16x16_32x32_2x2_8x32x1_8x32x1_1x32x1x8_8_1x1_intrawave_v3,693.32,1267.49,0.0
256,112,7168,4608,ck,18,0,16.2871,a8w8_blockscale_1x128x128_256x64x64x256_16x16_32x32_1x1_16x16x1_16x16x1_1x32x1x8_8_1x1_intrawave_v1,454.27,2158.26,0.0
256,128,7168,4608,ck,18,0,16.373,a8w8_blockscale_1x128x128_256x64x64x256_16x16_32x32_1x1_16x16x1_16x16x1_1x32x1x8_8_1x1_intrawave_v1,516.44,2165.45,0.0
256,120,7168,4608,ck,18,0,16.4153,a8w8_blockscale_1x128x128_256x64x64x256_16x16_32x32_1x1_16x16x1_16x16x1_1x32x1x8_8_1x1_intrawave_v1,482.92,2150.64,0.0
256,464,8192,1536,ck,0,0,16.4194,a8w8_blockscale_1x128x128_256x128x128x128_16x16_32x32_2x2_8x32x1_8x32x1_1x32x1x8_8_1x1_intrawave_v3,711.17,1272.75,0.0
256,192,128,7168,ck,8,0,16.4212,a8w8_blockscale_1x128x128_256x16x64x256_16x16_16x16_1x1_16x16x1_16x16x1_1x16x1x16_4_1x1_intrawave_v1,21.46,142.68,0.0
256,480,8192,1536,ck,0,0,16.5076,a8w8_blockscale_1x128x128_256x128x128x128_16x16_32x32_2x2_8x32x1_8x32x1_1x32x1x8_8_1x1_intrawave_v3,731.76,1283.32,0.0
256,512,8192,1536,ck,0,0,16.5137,a8w8_blockscale_1x128x128_256x128x128x128_16x16_32x32_2x2_8x32x1_8x32x1_1x32x1x8_8_1x1_intrawave_v3,780.26,1317.57,0.0
256,496,8192,1536,ck,0,0,16.5654,a8w8_blockscale_1x128x128_256x128x128x128_16x16_32x32_2x2_8x32x1_8x32x1_1x32x1x8_8_1x1_intrawave_v3,753.51,1296.15,0.0
256,1046,8192,512,ck,18,0,16.6095,a8w8_blockscale_1x128x128_256x64x64x256_16x16_32x32_1x1_16x16x1_16x16x1_1x32x1x8_8_1x1_intrawave_v1,528.28,1316.57,0.0
256,1037,8192,512,ck,18,0,16.6122,a8w8_blockscale_1x128x128_256x64x64x256_16x16_32x32_1x1_16x16x1_16x16x1_1x32x1x8_8_1x1_intrawave_v1,523.65,1307.2,0.0
256,1038,8192,512,ck,18,0,16.6484,a8w8_blockscale_1x128x128_256x64x64x256_16x16_32x32_1x1_16x16x1_16x16x1_1x32x1x8_8_1x1_intrawave_v1,523.02,1305.37,0.0
256,1029,8192,512,ck,18,0,16.6716,a8w8_blockscale_1x128x128_256x64x64x256_16x16_32x32_1x1_16x16x1_16x16x1_1x32x1x8_8_1x1_intrawave_v1,517.76,1294.43,0.0
256,1053,8192,512,ck,18,0,16.6719,a8w8_blockscale_1x128x128_256x64x64x256_16x16_32x32_1x1_16x16x1_16x16x1_1x32x1x8_8_1x1_intrawave_v1,529.83,1318.73,0.0
256,1040,8192,512,ck,18,0,16.6732,a8w8_blockscale_1x128x128_256x64x64x256_16x16_32x32_1x1_16x16x1_16x16x1_1x32x1x8_8_1x1_intrawave_v1,523.24,1305.46,0.0
256,1042,8192,512,ck,18,0,16.6857,a8w8_blockscale_1x128x128_256x64x64x256_16x16_32x32_1x1_16x16x1_16x16x1_1x32x1x8_8_1x1_intrawave_v1,523.86,1306.5,0.0
256,621,6144,1536,ck,0,0,16.6961,a8w8_blockscale_1x128x128_256x128x128x128_16x16_32x32_2x2_8x32x1_8x32x1_1x32x1x8_8_1x1_intrawave_v3,702.02,1079.41,0.0
256,1084,8192,512,ck,18,0,16.6974,a8w8_blockscale_1x128x128_256x64x64x256_16x16_32x32_1x1_16x16x1_16x16x1_1x32x1x8_8_1x1_intrawave_v1,544.59,1348.09,0.0
256,1050,8192,512,ck,18,0,16.7077,a8w8_blockscale_1x128x128_256x64x64x256_16x16_32x32_1x1_16x16x1_16x16x1_1x32x1x8_8_1x1_intrawave_v1,527.18,1312.87,0.0
256,1069,8192,512,ck,18,0,16.7238,a8w8_blockscale_1x128x128_256x64x64x256_16x16_32x32_1x1_16x16x1_16x16x1_1x32x1x8_8_1x1_intrawave_v1,536.21,1330.81,0.0
256,1076,8192,512,ck,18,0,16.7258,a8w8_blockscale_1x128x128_256x64x64x256_16x16_32x32_1x1_16x16x1_16x16x1_1x32x1x8_8_1x1_intrawave_v1,539.65,1337.72,0.0
256,1073,8192,512,ck,18,0,16.7266,a8w8_blockscale_1x128x128_256x64x64x256_16x16_32x32_1x1_16x16x1_16x16x1_1x32x1x8_8_1x1_intrawave_v1,538.12,1334.62,0.0
256,1056,8192,512,ck,18,0,16.7285,a8w8_blockscale_1x128x128_256x64x64x256_16x16_32x32_1x1_16x16x1_16x16x1_1x32x1x8_8_1x1_intrawave_v1,529.54,1317.3,0.0
256,1051,8192,512,ck,18,0,16.7292,a8w8_blockscale_1x128x128_256x64x64x256_16x16_32x32_1x1_16x16x1_16x16x1_1x32x1x8_8_1x1_intrawave_v1,527.01,1312.2,0.0
256,1085,8192,512,ck,18,0,16.7531,a8w8_blockscale_1x128x128_256x64x64x256_16x16_32x32_1x1_16x16x1_16x16x1_1x32x1x8_8_1x1_intrawave_v1,543.28,1344.61,0.0
256,1072,8192,512,ck,18,0,16.7571,a8w8_blockscale_1x128x128_256x64x64x256_16x16_32x32_1x1_16x16x1_16x16x1_1x32x1x8_8_1x1_intrawave_v1,536.64,1331.19,0.0
256,1048,8192,512,ck,18,0,16.7574,a8w8_blockscale_1x128x128_256x64x64x256_16x16_32x32_1x1_16x16x1_16x16x1_1x32x1x8_8_1x1_intrawave_v1,524.62,1306.96,0.0
256,1061,8192,512,ck,18,0,16.7579,a8w8_blockscale_1x128x128_256x64x64x256_16x16_32x32_1x1_16x16x1_16x16x1_1x32x1x8_8_1x1_intrawave_v1,531.11,1320.03,0.0
256,1035,8192,512,ck,18,0,16.7584,a8w8_blockscale_1x128x128_256x64x64x256_16x16_32x32_1x1_16x16x1_16x16x1_1x32x1x8_8_1x1_intrawave_v1,518.08,1293.78,0.0
256,1036,8192,512,ck,18,0,16.7596,a8w8_blockscale_1x128x128_256x64x64x256_16x16_32x32_1x1_16x16x1_16x16x1_1x32x1x8_8_1x1_intrawave_v1,518.54,1294.69,0.0
256,1071,8192,512,ck,18,0,16.7722,a8w8_blockscale_1x128x128_256x64x64x256_16x16_32x32_1x1_16x16x1_16x16x1_1x32x1x8_8_1x1_intrawave_v1,535.66,1328.98,0.0
256,1047,8192,512,ck,18,0,16.8139,a8w8_blockscale_1x128x128_256x64x64x256_16x16_32x32_1x1_16x16x1_16x16x1_1x32x1x8_8_1x1_intrawave_v1,522.36,1301.57,0.0
256,216,128,7168,ck,8,0,16.8232,a8w8_blockscale_1x128x128_256x16x64x256_16x16_16x16_1x1_16x16x1_16x16x1_1x16x1x16_4_1x1_intrawave_v1,23.56,149.86,0.0
256,1063,8192,512,ck,18,0,16.8261,a8w8_blockscale_1x128x128_256x64x64x256_16x16_32x32_1x1_16x16x1_16x16x1_1x32x1x8_8_1x1_intrawave_v1,529.96,1316.69,0.0
256,240,128,7168,ck,8,0,16.8482,a8w8_blockscale_1x128x128_256x16x64x256_16x16_16x16_1x1_16x16x1_16x16x1_1x16x1x16_4_1x1_intrawave_v1,26.14,160.21,0.0
256,1080,8192,512,ck,18,0,16.8489,a8w8_blockscale_1x128x128_256x64x64x256_16x16_32x32_1x1_16x16x1_16x16x1_1x32x1x8_8_1x1_intrawave_v1,537.7,1331.96,0.0
256,1075,8192,512,ck,18,0,16.8748,a8w8_blockscale_1x128x128_256x64x64x256_16x16_32x32_1x1_16x16x1_16x16x1_1x32x1x8_8_1x1_intrawave_v1,534.39,1324.9,0.0
256,1116,8192,512,ck,18,0,16.9507,a8w8_blockscale_1x128x128_256x64x64x256_16x16_32x32_1x1_16x16x1_16x16x1_1x32x1x8_8_1x1_intrawave_v1,552.29,1359.84,0.0
256,1124,8192,512,ck,18,0,17.0641,a8w8_blockscale_1x128x128_256x64x64x256_16x16_32x32_1x1_16x16x1_16x16x1_1x32x1x8_8_1x1_intrawave_v1,552.55,1358.72,0.0
256,1120,8192,512,ck,18,0,17.084,a8w8_blockscale_1x128x128_256x64x64x256_16x16_32x32_1x1_16x16x1_16x16x1_1x32x1x8_8_1x1_intrawave_v1,549.94,1353.19,0.0
256,224,128,7168,ck,8,0,17.0992,a8w8_blockscale_1x128x128_256x16x64x256_16x16_16x16_1x1_16x16x1_16x16x1_1x16x1x16_4_1x1_intrawave_v1,24.04,150.91,0.0
256,1091,8192,512,ck,18,0,17.1013,a8w8_blockscale_1x128x128_256x64x64x256_16x16_32x32_1x1_16x16x1_16x16x1_1x32x1x8_8_1x1_intrawave_v1,535.16,1323.16,0.0
256,1098,8192,512,ck,18,0,17.1031,a8w8_blockscale_1x128x128_256x64x64x256_16x16_32x32_1x1_16x16x1_16x16x1_1x32x1x8_8_1x1_intrawave_v1,538.54,1329.94,0.0
256,1106,8192,512,ck,18,0,17.1084,a8w8_blockscale_1x128x128_256x64x64x256_16x16_32x32_1x1_16x16x1_16x16x1_1x32x1x8_8_1x1_intrawave_v1,542.3,1337.43,0.0
256,1150,8192,512,ck,18,0,17.1216,a8w8_blockscale_1x128x128_256x64x64x256_16x16_32x32_1x1_16x16x1_16x16x1_1x32x1x8_8_1x1_intrawave_v1,563.43,1379.82,0.0
256,1142,8192,512,ck,18,0,17.1237,a8w8_blockscale_1x128x128_256x64x64x256_16x16_32x32_1x1_16x16x1_16x16x1_1x32x1x8_8_1x1_intrawave_v1,559.45,1371.76,0.0
256,1149,8192,512,ck,18,0,17.1312,a8w8_blockscale_1x128x128_256x64x64x256_16x16_32x32_1x1_16x16x1_16x16x1_1x32x1x8_8_1x1_intrawave_v1,562.63,1378.06,0.0
256,184,128,7168,ck,7,0,17.1347,a8w8_blockscale_1x128x128_256x16x128x256_16x16_16x16_1x2_16x16x1_16x16x1_1x16x1x16_8_1x2_intrawave_v1,19.71,133.27,0.0
256,1136,8192,512,ck,18,0,17.1433,a8w8_blockscale_1x128x128_256x64x64x256_16x16_32x32_1x1_16x16x1_16x16x1_1x32x1x8_8_1x1_intrawave_v1,555.87,1364.27,0.0
256,1144,8192,512,ck,18,0,17.16,a8w8_blockscale_1x128x128_256x64x64x256_16x16_32x32_1x1_16x16x1_16x16x1_1x32x1x8_8_1x1_intrawave_v1,559.24,1370.82,0.0
256,1134,8192,512,ck,18,0,17.1721,a8w8_blockscale_1x128x128_256x64x64x256_16x16_32x32_1x1_16x16x1_16x16x1_1x32x1x8_8_1x1_intrawave_v1,553.96,1360.02,0.0
256,1122,8192,512,ck,18,0,17.1738,a8w8_blockscale_1x128x128_256x64x64x256_16x16_32x32_1x1_16x16x1_16x16x1_1x32x1x8_8_1x1_intrawave_v1,548.05,1348.08,0.0
256,1126,8192,512,ck,18,0,17.179,a8w8_blockscale_1x128x128_256x64x64x256_16x16_32x32_1x1_16x16x1_16x16x1_1x32x1x8_8_1x1_intrawave_v1,549.83,1351.6,0.0
256,1097,8192,512,ck,18,0,17.1904,a8w8_blockscale_1x128x128_256x64x64x256_16x16_32x32_1x1_16x16x1_16x16x1_1x32x1x8_8_1x1_intrawave_v1,535.32,1322.2,0.0
256,1108,8192,512,ck,18,0,17.2064,a8w8_blockscale_1x128x128_256x64x64x256_16x16_32x32_1x1_16x16x1_16x16x1_1x32x1x8_8_1x1_intrawave_v1,540.18,1331.78,0.0
256,1115,8192,512,ck,18,0,17.207,a8w8_blockscale_1x128x128_256x64x64x256_16x16_32x32_1x1_16x16x1_16x16x1_1x32x1x8_8_1x1_intrawave_v1,543.58,1338.6,0.0
256,1099,8192,512,ck,18,0,17.2155,a8w8_blockscale_1x128x128_256x64x64x256_16x16_32x32_1x1_16x16x1_16x16x1_1x32x1x8_8_1x1_intrawave_v1,535.51,1322.24,0.0
256,1140,8192,512,ck,18,0,17.2555,a8w8_blockscale_1x128x128_256x64x64x256_16x16_32x32_1x1_16x16x1_16x16x1_1x32x1x8_8_1x1_intrawave_v1,554.2,1359.32,0.0
256,168,128,7168,ck,8,0,17.4424,a8w8_blockscale_1x128x128_256x16x64x256_16x16_16x16_1x1_16x16x1_16x16x1_1x16x1x16_4_1x1_intrawave_v1,17.67,124.11,0.0
256,256,128,7168,ck,8,0,17.7407,a8w8_blockscale_1x128x128_256x16x64x256_16x16_16x16_1x1_16x16x1_16x16x1_1x16x1x16_4_1x1_intrawave_v1,26.48,158.85,0.0
256,200,128,7168,ck,8,0,17.766,a8w8_blockscale_1x128x128_256x16x64x256_16x16_16x16_1x1_16x16x1_16x16x1_1x16x1x16_4_1x1_intrawave_v1,20.66,135.22,0.0
256,1173,8192,512,ck,18,0,17.9507,a8w8_blockscale_1x128x128_256x64x64x256_16x16_32x32_1x1_16x16x1_16x16x1_1x32x1x8_8_1x1_intrawave_v1,548.16,1337.74,0.0
256,1172,8192,512,ck,18,0,17.9919,a8w8_blockscale_1x128x128_256x64x64x256_16x16_32x32_1x1_16x16x1_16x16x1_1x32x1x8_8_1x1_intrawave_v1,546.44,1333.73,0.0
256,1213,8192,512,ck,18,0,18.0063,a8w8_blockscale_1x128x128_256x64x64x256_16x16_32x32_1x1_16x16x1_16x16x1_1x32x1x8_8_1x1_intrawave_v1,565.1,1371.14,0.0
256,1155,8192,512,ck,18,0,18.0561,a8w8_blockscale_1x128x128_256x64x64x256_16x16_32x32_1x1_16x16x1_16x16x1_1x32x1x8_8_1x1_intrawave_v1,536.6,1313.08,0.0
256,1167,8192,512,ck,18,0,18.0828,a8w8_blockscale_1x128x128_256x64x64x256_16x16_32x32_1x1_16x16x1_16x16x1_1x32x1x8_8_1x1_intrawave_v1,541.37,1322.36,0.0
256,1211,8192,512,ck,18,0,18.0849,a8w8_blockscale_1x128x128_256x64x64x256_16x16_32x32_1x1_16x16x1_16x16x1_1x32x1x8_8_1x1_intrawave_v1,561.72,1363.31,0.0
256,1177,8192,512,ck,18,0,18.0854,a8w8_blockscale_1x128x128_256x64x64x256_16x16_32x32_1x1_16x16x1_16x16x1_1x32x1x8_8_1x1_intrawave_v1,545.93,1331.51,0.0
256,1179,8192,512,ck,18,0,18.0861,a8w8_blockscale_1x128x128_256x64x64x256_16x16_32x32_1x1_16x16x1_16x16x1_1x32x1x8_8_1x1_intrawave_v1,546.84,1333.33,0.0
256,1208,8192,512,ck,18,0,18.1061,a8w8_blockscale_1x128x128_256x64x64x256_16x16_32x32_1x1_16x16x1_16x16x1_1x32x1x8_8_1x1_intrawave_v1,559.67,1358.92,0.0
256,1180,8192,512,ck,18,0,18.1213,a8w8_blockscale_1x128x128_256x64x64x256_16x16_32x32_1x1_16x16x1_16x16x1_1x32x1x8_8_1x1_intrawave_v1,546.24,1331.67,0.0
256,1210,8192,512,ck,18,0,18.1234,a8w8_blockscale_1x128x128_256x64x64x256_16x16_32x32_1x1_16x16x1_16x16x1_1x32x1x8_8_1x1_intrawave_v1,560.06,1359.48,0.0
256,1206,8192,512,ck,18,0,18.1335,a8w8_blockscale_1x128x128_256x64x64x256_16x16_32x32_1x1_16x16x1_16x16x1_1x32x1x8_8_1x1_intrawave_v1,557.9,1355.0,0.0
256,1181,8192,512,ck,18,0,18.1357,a8w8_blockscale_1x128x128_256x64x64x256_16x16_32x32_1x1_16x16x1_16x16x1_1x32x1x8_8_1x1_intrawave_v1,546.27,1331.54,0.0
256,1159,8192,512,ck,18,0,18.1477,a8w8_blockscale_1x128x128_256x64x64x256_16x16_32x32_1x1_16x16x1_16x16x1_1x32x1x8_8_1x1_intrawave_v1,535.74,1310.18,0.0
256,1153,8192,512,ck,18,0,18.1498,a8w8_blockscale_1x128x128_256x64x64x256_16x16_32x32_1x1_16x16x1_16x16x1_1x32x1x8_8_1x1_intrawave_v1,532.9,1304.44,0.0
256,1170,8192,512,ck,18,0,18.1604,a8w8_blockscale_1x128x128_256x64x64x256_16x16_32x32_1x1_16x16x1_16x16x1_1x32x1x8_8_1x1_intrawave_v1,540.44,1319.5,0.0
256,1215,8192,512,ck,18,0,18.1782,a8w8_blockscale_1x128x128_256x64x64x256_16x16_32x32_1x1_16x16x1_16x16x1_1x32x1x8_8_1x1_intrawave_v1,560.68,1360.03,0.0
256,1169,8192,512,ck,18,0,18.2005,a8w8_blockscale_1x128x128_256x64x64x256_16x16_32x32_1x1_16x16x1_16x16x1_1x32x1x8_8_1x1_intrawave_v1,538.79,1315.66,0.0
256,1203,8192,512,ck,18,0,18.2021,a8w8_blockscale_1x128x128_256x64x64x256_16x16_32x32_1x1_16x16x1_16x16x1_1x32x1x8_8_1x1_intrawave_v1,554.41,1347.11,0.0
256,1188,8192,512,ck,18,0,18.2053,a8w8_blockscale_1x128x128_256x64x64x256_16x16_32x32_1x1_16x16x1_16x16x1_1x32x1x8_8_1x1_intrawave_v1,547.4,1332.95,0.0
256,1253,8192,512,ck,18,0,18.2547,a8w8_blockscale_1x128x128_256x64x64x256_16x16_32x32_1x1_16x16x1_16x16x1_1x32x1x8_8_1x1_intrawave_v1,575.79,1389.5,0.0
256,1207,8192,512,ck,18,0,18.2645,a8w8_blockscale_1x128x128_256x64x64x256_16x16_32x32_1x1_16x16x1_16x16x1_1x32x1x8_8_1x1_intrawave_v1,554.36,1346.21,0.0
256,1261,8192,512,ck,18,0,18.2689,a8w8_blockscale_1x128x128_256x64x64x256_16x16_32x32_1x1_16x16x1_16x16x1_1x32x1x8_8_1x1_intrawave_v1,579.02,1395.82,0.0
256,288,128,7168,ck,8,0,18.2796,a8w8_blockscale_1x128x128_256x16x64x256_16x16_16x16_1x1_16x16x1_16x16x1_1x16x1x16_4_1x1_intrawave_v1,28.91,167.16,0.0
256,1192,8192,512,ck,18,0,18.2832,a8w8_blockscale_1x128x128_256x64x64x256_16x16_32x32_1x1_16x16x1_16x16x1_1x32x1x8_8_1x1_intrawave_v1,546.91,1330.97,0.0
256,1246,8192,512,ck,18,0,18.3179,a8w8_blockscale_1x128x128_256x64x64x256_16x16_32x32_1x1_16x16x1_16x16x1_1x32x1x8_8_1x1_intrawave_v1,570.6,1378.25,0.0
256,1176,8192,512,ck,18,0,18.32,a8w8_blockscale_1x128x128_256x64x64x256_16x16_32x32_1x1_16x16x1_16x16x1_1x32x1x8_8_1x1_intrawave_v1,538.48,1313.54,0.0
256,1255,8192,512,ck,18,0,18.3209,a8w8_blockscale_1x128x128_256x64x64x256_16x16_32x32_1x1_16x16x1_16x16x1_1x32x1x8_8_1x1_intrawave_v1,574.63,1386.33,0.0
256,1247,8192,512,ck,18,0,18.3433,a8w8_blockscale_1x128x128_256x64x64x256_16x16_32x32_1x1_16x16x1_16x16x1_1x32x1x8_8_1x1_intrawave_v1,570.27,1377.27,0.0
256,1197,8192,512,ck,18,0,18.3446,a8w8_blockscale_1x128x128_256x64x64x256_16x16_32x32_1x1_16x16x1_16x16x1_1x32x1x8_8_1x1_intrawave_v1,547.36,1331.12,0.0
256,1164,8192,512,ck,18,0,18.3506,a8w8_blockscale_1x128x128_256x64x64x256_16x16_32x32_1x1_16x16x1_16x16x1_1x32x1x8_8_1x1_intrawave_v1,532.1,1300.3,0.0
256,1161,8192,512,ck,18,0,18.3506,a8w8_blockscale_1x128x128_256x64x64x256_16x16_32x32_1x1_16x16x1_16x16x1_1x32x1x8_8_1x1_intrawave_v1,530.73,1297.54,0.0
256,1168,8192,512,ck,18,0,18.3709,a8w8_blockscale_1x128x128_256x64x64x256_16x16_32x32_1x1_16x16x1_16x16x1_1x32x1x8_8_1x1_intrawave_v1,533.34,1302.54,0.0
256,1225,8192,512,ck,18,0,18.3872,a8w8_blockscale_1x128x128_256x64x64x256_16x16_32x32_1x1_16x16x1_16x16x1_1x32x1x8_8_1x1_intrawave_v1,558.87,1353.76,0.0
256,1227,8192,512,ck,18,0,18.3947,a8w8_blockscale_1x128x128_256x64x64x256_16x16_32x32_1x1_16x16x1_16x16x1_1x32x1x8_8_1x1_intrawave_v1,559.55,1355.05,0.0
256,1231,8192,512,ck,18,0,18.3947,a8w8_blockscale_1x128x128_256x64x64x256_16x16_32x32_1x1_16x16x1_16x16x1_1x32x1x8_8_1x1_intrawave_v1,561.38,1358.72,0.0
256,1249,8192,512,ck,18,0,18.3947,a8w8_blockscale_1x128x128_256x64x64x256_16x16_32x32_1x1_16x16x1_16x16x1_1x32x1x8_8_1x1_intrawave_v1,569.59,1375.26,0.0
256,1265,8192,512,ck,18,0,18.3983,a8w8_blockscale_1x128x128_256x64x64x256_16x16_32x32_1x1_16x16x1_16x16x1_1x32x1x8_8_1x1_intrawave_v1,576.77,1389.68,0.0
256,272,128,7168,ck,8,0,18.4325,a8w8_blockscale_1x128x128_256x16x64x256_16x16_16x16_1x1_16x16x1_16x16x1_1x16x1x16_4_1x1_intrawave_v1,27.08,159.33,0.0
256,1262,8192,512,ck,18,0,18.4371,a8w8_blockscale_1x128x128_256x64x64x256_16x16_32x32_1x1_16x16x1_16x16x1_1x32x1x8_8_1x1_intrawave_v1,574.19,1384.01,0.0
256,1234,8192,512,ck,18,0,18.4432,a8w8_blockscale_1x128x128_256x64x64x256_16x16_32x32_1x1_16x16x1_16x16x1_1x32x1x8_8_1x1_intrawave_v1,561.27,1357.9,0.0
256,1252,8192,512,ck,18,0,18.4486,a8w8_blockscale_1x128x128_256x64x64x256_16x16_32x32_1x1_16x16x1_16x16x1_1x32x1x8_8_1x1_intrawave_v1,569.29,1373.98,0.0
256,1267,8192,512,ck,18,0,18.4532,a8w8_blockscale_1x128x128_256x64x64x256_16x16_32x32_1x1_16x16x1_16x16x1_1x32x1x8_8_1x1_intrawave_v1,575.96,1387.38,0.0
256,1229,8192,512,ck,18,0,18.4613,a8w8_blockscale_1x128x128_256x64x64x256_16x16_32x32_1x1_16x16x1_16x16x1_1x32x1x8_8_1x1_intrawave_v1,558.44,1351.99,0.0
256,1222,8192,512,ck,18,0,18.4633,a8w8_blockscale_1x128x128_256x64x64x256_16x16_32x32_1x1_16x16x1_16x16x1_1x32x1x8_8_1x1_intrawave_v1,555.2,1345.44,0.0
256,1256,8192,512,ck,18,0,18.4671,a8w8_blockscale_1x128x128_256x64x64x256_16x16_32x32_1x1_16x16x1_16x16x1_1x32x1x8_8_1x1_intrawave_v1,570.53,1376.27,0.0
256,1259,8192,512,ck,18,0,18.4773,a8w8_blockscale_1x128x128_256x64x64x256_16x16_32x32_1x1_16x16x1_16x16x1_1x32x1x8_8_1x1_intrawave_v1,571.58,1378.25,0.0
256,1244,8192,512,ck,18,0,18.478,a8w8_blockscale_1x128x128_256x64x64x256_16x16_32x32_1x1_16x16x1_16x16x1_1x32x1x8_8_1x1_intrawave_v1,564.75,1364.48,0.0
256,1260,8192,512,ck,18,0,18.4796,a8w8_blockscale_1x128x128_256x64x64x256_16x16_32x32_1x1_16x16x1_16x16x1_1x32x1x8_8_1x1_intrawave_v1,571.96,1378.99,0.0
256,1279,8192,512,ck,18,0,18.4982,a8w8_blockscale_1x128x128_256x64x64x256_16x16_32x32_1x1_16x16x1_16x16x1_1x32x1x8_8_1x1_intrawave_v1,580.0,1394.96,0.0
256,1241,8192,512,ck,18,0,18.5091,a8w8_blockscale_1x128x128_256x64x64x256_16x16_32x32_1x1_16x16x1_16x16x1_1x32x1x8_8_1x1_intrawave_v1,562.44,1359.45,0.0
256,1224,8192,512,ck,18,0,18.516,a8w8_blockscale_1x128x128_256x64x64x256_16x16_32x32_1x1_16x16x1_16x16x1_1x32x1x8_8_1x1_intrawave_v1,554.53,1343.43,0.0
256,1271,8192,512,ck,18,0,18.5184,a8w8_blockscale_1x128x128_256x64x64x256_16x16_32x32_1x1_16x16x1_16x16x1_1x32x1x8_8_1x1_intrawave_v1,575.75,1386.14,0.0
256,1275,8192,512,ck,18,0,18.5369,a8w8_blockscale_1x128x128_256x64x64x256_16x16_32x32_1x1_16x16x1_16x16x1_1x32x1x8_8_1x1_intrawave_v1,576.98,1388.4,0.0
256,1263,8192,512,ck,18,0,18.5425,a8w8_blockscale_1x128x128_256x64x64x256_16x16_32x32_1x1_16x16x1_16x16x1_1x32x1x8_8_1x1_intrawave_v1,571.38,1377.05,0.0
256,1221,8192,512,ck,18,0,18.5653,a8w8_blockscale_1x128x128_256x64x64x256_16x16_32x32_1x1_16x16x1_16x16x1_1x32x1x8_8_1x1_intrawave_v1,551.7,1337.14,0.0
256,1266,8192,512,ck,18,0,18.5699,a8w8_blockscale_1x128x128_256x64x64x256_16x16_32x32_1x1_16x16x1_16x16x1_1x32x1x8_8_1x1_intrawave_v1,571.89,1377.75,0.0
256,1218,8192,512,ck,18,0,18.5888,a8w8_blockscale_1x128x128_256x64x64x256_16x16_32x32_1x1_16x16x1_16x16x1_1x32x1x8_8_1x1_intrawave_v1,549.65,1332.72,0.0
256,1264,8192,512,ck,18,0,18.5923,a8w8_blockscale_1x128x128_256x64x64x256_16x16_32x32_1x1_16x16x1_16x16x1_1x32x1x8_8_1x1_intrawave_v1,570.3,1374.27,0.0
256,1220,8192,512,ck,18,0,18.6145,a8w8_blockscale_1x128x128_256x64x64x256_16x16_32x32_1x1_16x16x1_16x16x1_1x32x1x8_8_1x1_intrawave_v1,549.79,1332.69,0.0
256,1236,8192,512,ck,18,0,18.6206,a8w8_blockscale_1x128x128_256x64x64x256_16x16_32x32_1x1_16x16x1_16x16x1_1x32x1x8_8_1x1_intrawave_v1,556.82,1346.78,0.0
256,232,128,7168,ck,8,0,18.6281,a8w8_blockscale_1x128x128_256x16x64x256_16x16_16x16_1x1_16x16x1_16x16x1_1x16x1x16_4_1x1_intrawave_v1,22.85,141.71,0.0
256,1268,8192,512,ck,18,0,18.7112,a8w8_blockscale_1x128x128_256x64x64x256_16x16_32x32_1x1_16x16x1_16x16x1_1x32x1x8_8_1x1_intrawave_v1,568.47,1369.15,0.0
256,336,128,7168,ck,8,0,18.715,a8w8_blockscale_1x128x128_256x16x64x256_16x16_16x16_1x1_16x16x1_16x16x1_1x16x1x16_4_1x1_intrawave_v1,32.94,182.31,0.0
256,352,128,7168,ck,8,0,18.7894,a8w8_blockscale_1x128x128_256x16x64x256_16x16_16x16_1x1_16x16x1_16x16x1_1x16x1x16_4_1x1_intrawave_v1,34.38,187.91,0.0
256,304,128,7168,ck,8,0,18.8197,a8w8_blockscale_1x128x128_256x16x64x256_16x16_16x16_1x1_16x16x1_16x16x1_1x16x1x16_4_1x1_intrawave_v1,29.64,168.67,0.0
256,320,128,7168,ck,8,0,18.837,a8w8_blockscale_1x128x128_256x16x64x256_16x16_16x16_1x1_16x16x1_16x16x1_1x16x1x16_4_1x1_intrawave_v1,31.17,174.83,0.0
256,384,128,7168,ck,8,0,18.9737,a8w8_blockscale_1x128x128_256x16x64x256_16x16_16x16_1x1_16x16x1_16x16x1_1x16x1x16_4_1x1_intrawave_v1,37.14,198.61,0.0
256,248,128,7168,ck,8,0,19.0678,a8w8_blockscale_1x128x128_256x16x64x256_16x16_16x16_1x1_16x16x1_16x16x1_1x16x1x16_4_1x1_intrawave_v1,23.87,144.68,0.0
256,400,128,7168,ck,8,0,19.0881,a8w8_blockscale_1x128x128_256x16x64x256_16x16_16x16_1x1_16x16x1_16x16x1_1x16x1x16_4_1x1_intrawave_v1,38.45,203.64,0.0
256,368,128,7168,ck,8,0,19.1103,a8w8_blockscale_1x128x128_256x16x64x256_16x16_16x16_1x1_16x16x1_16x16x1_1x16x1x16_4_1x1_intrawave_v1,35.34,190.97,0.0
256,1314,8192,512,ck,18,0,19.1436,a8w8_blockscale_1x128x128_256x64x64x256_16x16_32x32_1x1_16x16x1_16x16x1_1x32x1x8_8_1x1_intrawave_v1,575.79,1378.82,0.0
256,1311,8192,512,ck,18,0,19.1825,a8w8_blockscale_1x128x128_256x64x64x256_16x16_32x32_1x1_16x16x1_16x16x1_1x32x1x8_8_1x1_intrawave_v1,573.31,1373.39,0.0
256,432,128,7168,ck,8,0,19.1955,a8w8_blockscale_1x128x128_256x16x64x256_16x16_16x16_1x1_16x16x1_16x16x1_1x16x1x16_4_1x1_intrawave_v1,41.3,214.88,0.0
256,416,128,7168,ck,8,0,19.198,a8w8_blockscale_1x128x128_256x16x64x256_16x16_16x16_1x1_16x16x1_16x16x1_1x16x1x16_4_1x1_intrawave_v1,39.76,208.66,0.0
256,464,128,7168,ck,8,0,19.2016,a8w8_blockscale_1x128x128_256x16x64x256_16x16_16x16_1x1_16x16x1_16x16x1_1x16x1x16_4_1x1_intrawave_v1,44.34,227.18,0.0
256,1308,8192,512,ck,18,0,19.2531,a8w8_blockscale_1x128x128_256x64x64x256_16x16_32x32_1x1_16x16x1_16x16x1_1x32x1x8_8_1x1_intrawave_v1,569.9,1365.72,0.0
256,1348,8192,512,ck,18,0,19.2721,a8w8_blockscale_1x128x128_256x64x64x256_16x16_32x32_1x1_16x16x1_16x16x1_1x32x1x8_8_1x1_intrawave_v1,586.75,1399.44,0.0
256,480,128,7168,ck,8,0,19.2888,a8w8_blockscale_1x128x128_256x16x64x256_16x16_16x16_1x1_16x16x1_16x16x1_1x16x1x16_4_1x1_intrawave_v1,45.66,232.31,0.0
256,496,128,7168,ck,8,0,19.292,a8w8_blockscale_1x128x128_256x16x64x256_16x16_16x16_1x1_16x16x1_16x16x1_1x16x1x16_4_1x1_intrawave_v1,47.18,238.43,0.0
256,1289,8192,512,ck,18,0,19.32,a8w8_blockscale_1x128x128_256x64x64x256_16x16_32x32_1x1_16x16x1_16x16x1_1x32x1x8_8_1x1_intrawave_v1,559.67,1344.37,0.0
256,1808,128,7168,ck,8,0,19.3459,a8w8_blockscale_1x128x128_256x16x64x256_16x16_16x16_1x1_16x16x1_16x16x1_1x16x1x16_4_1x1_intrawave_v1,171.49,741.25,0.0
256,1341,8192,512,ck,18,0,19.3695,a8w8_blockscale_1x128x128_256x64x64x256_16x16_32x32_1x1_16x16x1_16x16x1_1x32x1x8_8_1x1_intrawave_v1,580.76,1386.29,0.0
256,1301,8192,512,ck,18,0,19.3857,a8w8_blockscale_1x128x128_256x64x64x256_16x16_32x32_1x1_16x16x1_16x16x1_1x32x1x8_8_1x1_intrawave_v1,562.97,1350.27,0.0
256,1331,8192,512,ck,18,0,19.3859,a8w8_blockscale_1x128x128_256x64x64x256_16x16_32x32_1x1_16x16x1_16x16x1_1x32x1x8_8_1x1_intrawave_v1,575.95,1376.41,0.0
256,1352,8192,512,ck,18,0,19.3875,a8w8_blockscale_1x128x128_256x64x64x256_16x16_32x32_1x1_16x16x1_16x16x1_1x32x1x8_8_1x1_intrawave_v1,584.99,1394.59,0.0
256,1361,8192,512,ck,18,0,19.3879,a8w8_blockscale_1x128x128_256x64x64x256_16x16_32x32_1x1_16x16x1_16x16x1_1x32x1x8_8_1x1_intrawave_v1,588.87,1402.41,0.0
256,512,128,7168,ck,8,0,19.394,a8w8_blockscale_1x128x128_256x16x64x256_16x16_16x16_1x1_16x16x1_16x16x1_1x16x1x16_4_1x1_intrawave_v1,48.44,243.3,0.0
256,1323,8192,512,ck,18,0,19.3945,a8w8_blockscale_1x128x128_256x64x64x256_16x16_32x32_1x1_16x16x1_16x16x1_1x32x1x8_8_1x1_intrawave_v1,572.23,1368.83,0.0
256,1359,8192,512,ck,18,0,19.395,a8w8_blockscale_1x128x128_256x64x64x256_16x16_32x32_1x1_16x16x1_16x16x1_1x32x1x8_8_1x1_intrawave_v1,587.79,1400.15,0.0
256,1337,8192,512,ck,18,0,19.3992,a8w8_blockscale_1x128x128_256x64x64x256_16x16_32x32_1x1_16x16x1_16x16x1_1x32x1x8_8_1x1_intrawave_v1,578.15,1380.69,0.0
256,1297,8192,512,ck,18,0,19.4036,a8w8_blockscale_1x128x128_256x64x64x256_16x16_32x32_1x1_16x16x1_16x16x1_1x32x1x8_8_1x1_intrawave_v1,560.72,1345.54,0.0
256,1381,8192,512,ck,18,0,19.4194,a8w8_blockscale_1x128x128_256x64x64x256_16x16_32x32_1x1_16x16x1_16x16x1_1x32x1x8_8_1x1_intrawave_v1,596.55,1417.54,0.0
256,1312,8192,512,ck,18,0,19.4198,a8w8_blockscale_1x128x128_256x64x64x256_16x16_32x32_1x1_16x16x1_16x16x1_1x32x1x8_8_1x1_intrawave_v1,566.73,1357.47,0.0
256,1309,8192,512,ck,18,0,19.4228,a8w8_blockscale_1x128x128_256x64x64x256_16x16_32x32_1x1_16x16x1_16x16x1_1x32x1x8_8_1x1_intrawave_v1,565.35,1354.65,0.0
256,1968,128,7168,ck,8,0,19.4303,a8w8_blockscale_1x128x128_256x16x64x256_16x16_16x16_1x1_16x16x1_16x16x1_1x16x1x16_4_1x1_intrawave_v1,185.86,799.16,0.0
256,448,128,7168,ck,8,0,19.4314,a8w8_blockscale_1x128x128_256x16x64x256_16x16_16x16_1x1_16x16x1_16x16x1_1x16x1x16_4_1x1_intrawave_v1,42.31,218.38,0.0
256,1292,8192,512,ck,18,0,19.4664,a8w8_blockscale_1x128x128_256x64x64x256_16x16_32x32_1x1_16x16x1_16x16x1_1x32x1x8_8_1x1_intrawave_v1,556.76,1336.86,0.0
256,1326,8192,512,ck,18,0,19.4792,a8w8_blockscale_1x128x128_256x64x64x256_16x16_32x32_1x1_16x16x1_16x16x1_1x32x1x8_8_1x1_intrawave_v1,571.03,1365.48,0.0
256,2000,128,7168,ck,8,0,19.4809,a8w8_blockscale_1x128x128_256x16x64x256_16x16_16x16_1x1_16x16x1_16x16x1_1x16x1x16_4_1x1_intrawave_v1,188.39,809.28,0.0
256,1338,8192,512,ck,18,0,19.4963,a8w8_blockscale_1x128x128_256x64x64x256_16x16_32x32_1x1_16x16x1_16x16x1_1x32x1x8_8_1x1_intrawave_v1,575.7,1374.68,0.0
256,1345,8192,512,ck,18,0,19.5021,a8w8_blockscale_1x128x128_256x64x64x256_16x16_32x32_1x1_16x16x1_16x16x1_1x32x1x8_8_1x1_intrawave_v1,578.54,1380.33,0.0
256,2032,128,7168,ck,8,0,19.5057,a8w8_blockscale_1x128x128_256x16x64x256_16x16_16x16_1x1_16x16x1_16x16x1_1x16x1x16_4_1x1_intrawave_v1,191.16,820.43,0.0
256,1396,8192,512,ck,18,0,19.5083,a8w8_blockscale_1x128x128_256x64x64x256_16x16_32x32_1x1_16x16x1_16x16x1_1x32x1x8_8_1x1_intrawave_v1,600.28,1424.07,0.0
256,1343,8192,512,ck,18,0,19.5109,a8w8_blockscale_1x128x128_256x64x64x256_16x16_32x32_1x1_16x16x1_16x16x1_1x32x1x8_8_1x1_intrawave_v1,577.42,1377.98,0.0
256,1354,8192,512,ck,18,0,19.5117,a8w8_blockscale_1x128x128_256x64x64x256_16x16_32x32_1x1_16x16x1_16x16x1_1x32x1x8_8_1x1_intrawave_v1,582.12,1387.45,0.0
256,1379,8192,512,ck,18,0,19.5212,a8w8_blockscale_1x128x128_256x64x64x256_16x16_32x32_1x1_16x16x1_16x16x1_1x32x1x8_8_1x1_intrawave_v1,592.58,1408.41,0.0
256,1347,8192,512,ck,18,0,19.5239,a8w8_blockscale_1x128x128_256x64x64x256_16x16_32x32_1x1_16x16x1_16x16x1_1x32x1x8_8_1x1_intrawave_v1,578.75,1380.52,0.0
256,1294,8192,512,ck,18,0,19.5274,a8w8_blockscale_1x128x128_256x64x64x256_16x16_32x32_1x1_16x16x1_16x16x1_1x32x1x8_8_1x1_intrawave_v1,555.88,1334.42,0.0
256,2048,128,7168,ck,8,0,19.5321,a8w8_blockscale_1x128x128_256x16x64x256_16x16_16x16_1x1_16x16x1_16x16x1_1x16x1x16_4_1x1_intrawave_v1,192.41,825.4,0.0
256,1393,8192,512,ck,18,0,19.541,a8w8_blockscale_1x128x128_256x64x64x256_16x16_32x32_1x1_16x16x1_16x16x1_1x32x1x8_8_1x1_intrawave_v1,597.99,1419.09,0.0
256,1295,8192,512,ck,18,0,19.5483,a8w8_blockscale_1x128x128_256x64x64x256_16x16_32x32_1x1_16x16x1_16x16x1_1x32x1x8_8_1x1_intrawave_v1,555.71,1333.86,0.0
256,1358,8192,512,ck,18,0,19.5601,a8w8_blockscale_1x128x128_256x64x64x256_16x16_32x32_1x1_16x16x1_16x16x1_1x32x1x8_8_1x1_intrawave_v1,582.4,1387.47,0.0
256,1376,8192,512,ck,18,0,19.5623,a8w8_blockscale_1x128x128_256x64x64x256_16x16_32x32_1x1_16x16x1_16x16x1_1x32x1x8_8_1x1_intrawave_v1,590.05,1402.86,0.0
256,1395,8192,512,ck,18,0,19.5658,a8w8_blockscale_1x128x128_256x64x64x256_16x16_32x32_1x1_16x16x1_16x16x1_1x32x1x8_8_1x1_intrawave_v1,598.09,1419.02,0.0
256,1316,8192,512,ck,18,0,19.5682,a8w8_blockscale_1x128x128_256x64x64x256_16x16_32x32_1x1_16x16x1_16x16x1_1x32x1x8_8_1x1_intrawave_v1,564.15,1350.63,0.0
256,1374,8192,512,ck,18,0,19.5691,a8w8_blockscale_1x128x128_256x64x64x256_16x16_32x32_1x1_16x16x1_16x16x1_1x32x1x8_8_1x1_intrawave_v1,588.99,1400.65,0.0
256,1329,8192,512,ck,18,0,19.5713,a8w8_blockscale_1x128x128_256x64x64x256_16x16_32x32_1x1_16x16x1_16x16x1_1x32x1x8_8_1x1_intrawave_v1,569.63,1361.64,0.0
256,1403,8192,512,ck,18,0,19.5798,a8w8_blockscale_1x128x128_256x64x64x256_16x16_32x32_1x1_16x16x1_16x16x1_1x32x1x8_8_1x1_intrawave_v1,601.09,1424.91,0.0
256,1377,8192,512,ck,18,0,19.5818,a8w8_blockscale_1x128x128_256x64x64x256_16x16_32x32_1x1_16x16x1_16x16x1_1x32x1x8_8_1x1_intrawave_v1,589.89,1402.33,0.0
256,1367,8192,512,ck,18,0,19.5965,a8w8_blockscale_1x128x128_256x64x64x256_16x16_32x32_1x1_16x16x1_16x16x1_1x32x1x8_8_1x1_intrawave_v1,585.17,1392.65,0.0
256,1300,8192,512,ck,18,0,19.5996,a8w8_blockscale_1x128x128_256x64x64x256_16x16_32x32_1x1_16x16x1_16x16x1_1x32x1x8_8_1x1_intrawave_v1,556.4,1334.68,0.0
256,1310,8192,512,ck,18,0,19.6012,a8w8_blockscale_1x128x128_256x64x64x256_16x16_32x32_1x1_16x16x1_16x16x1_1x32x1x8_8_1x1_intrawave_v1,560.63,1343.19,0.0
256,1406,8192,512,ck,18,0,19.603,a8w8_blockscale_1x128x128_256x64x64x256_16x16_32x32_1x1_16x16x1_16x16x1_1x32x1x8_8_1x1_intrawave_v1,601.66,1425.81,0.0
256,1385,8192,512,ck,18,0,19.6048,a8w8_blockscale_1x128x128_256x64x64x256_16x16_32x32_1x1_16x16x1_16x16x1_1x32x1x8_8_1x1_intrawave_v1,592.62,1407.58,0.0
256,1401,8192,512,ck,18,0,19.6056,a8w8_blockscale_1x128x128_256x64x64x256_16x16_32x32_1x1_16x16x1_16x16x1_1x32x1x8_8_1x1_intrawave_v1,599.44,1421.31,0.0
256,1375,8192,512,ck,18,0,19.6058,a8w8_blockscale_1x128x128_256x64x64x256_16x16_32x32_1x1_16x16x1_16x16x1_1x32x1x8_8_1x1_intrawave_v1,588.31,1398.89,0.0
256,1302,8192,512,ck,18,0,19.6116,a8w8_blockscale_1x128x128_256x64x64x256_16x16_32x32_1x1_16x16x1_16x16x1_1x32x1x8_8_1x1_intrawave_v1,556.91,1335.58,0.0
256,1040,128,7168,ck,8,0,19.612,a8w8_blockscale_1x128x128_256x16x64x256_16x16_16x16_1x1_16x16x1_16x16x1_1x16x1x16_4_1x1_intrawave_v1,97.31,440.47,0.0
256,1303,8192,512,ck,18,0,19.6154,a8w8_blockscale_1x128x128_256x64x64x256_16x16_32x32_1x1_16x16x1_16x16x1_1x32x1x8_8_1x1_intrawave_v1,557.23,1336.18,0.0
256,1383,8192,512,ck,18,0,19.6186,a8w8_blockscale_1x128x128_256x64x64x256_16x16_32x32_1x1_16x16x1_16x16x1_1x32x1x8_8_1x1_intrawave_v1,591.35,1404.86,0.0
256,1369,8192,512,ck,18,0,19.6362,a8w8_blockscale_1x128x128_256x64x64x256_16x16_32x32_1x1_16x16x1_16x16x1_1x32x1x8_8_1x1_intrawave_v1,584.84,1391.56,0.0
256,1360,8192,512,ck,18,0,19.6707,a8w8_blockscale_1x128x128_256x64x64x256_16x16_32x32_1x1_16x16x1_16x16x1_1x32x1x8_8_1x1_intrawave_v1,579.97,1381.39,0.0
256,1388,8192,512,ck,18,0,19.6894,a8w8_blockscale_1x128x128_256x64x64x256_16x16_32x32_1x1_16x16x1_16x16x1_1x32x1x8_8_1x1_intrawave_v1,591.35,1404.1,0.0
256,1397,8192,512,ck,18,0,19.7292,a8w8_blockscale_1x128x128_256x64x64x256_16x16_32x32_1x1_16x16x1_16x16x1_1x32x1x8_8_1x1_intrawave_v1,593.99,1408.98,0.0
256,1404,8192,512,ck,18,0,19.7592,a8w8_blockscale_1x128x128_256x64x64x256_16x16_32x32_1x1_16x16x1_16x16x1_1x32x1x8_8_1x1_intrawave_v1,596.06,1412.82,0.0
256,1384,8192,512,ck,18,0,19.7656,a8w8_blockscale_1x128x128_256x64x64x256_16x16_32x32_1x1_16x16x1_16x16x1_1x32x1x8_8_1x1_intrawave_v1,587.38,1395.27,0.0
256,1365,8192,512,ck,18,0,19.7842,a8w8_blockscale_1x128x128_256x64x64x256_16x16_32x32_1x1_16x16x1_16x16x1_1x32x1x8_8_1x1_intrawave_v1,578.77,1377.73,0.0
256,1382,8192,512,ck,18,0,19.8069,a8w8_blockscale_1x128x128_256x64x64x256_16x16_32x32_1x1_16x16x1_16x16x1_1x32x1x8_8_1x1_intrawave_v1,585.3,1390.66,0.0
256,1344,8192,512,ck,18,0,19.8271,a8w8_blockscale_1x128x128_256x64x64x256_16x16_32x32_1x1_16x16x1_16x16x1_1x32x1x8_8_1x1_intrawave_v1,568.63,1356.86,0.0
256,1351,8192,512,ck,18,0,19.8275,a8w8_blockscale_1x128x128_256x64x64x256_16x16_32x32_1x1_16x16x1_16x16x1_1x32x1x8_8_1x1_intrawave_v1,571.58,1362.79,0.0
256,1380,8192,512,ck,18,0,19.8296,a8w8_blockscale_1x128x128_256x64x64x256_16x16_32x32_1x1_16x16x1_16x16x1_1x32x1x8_8_1x1_intrawave_v1,583.79,1387.36,0.0
256,1371,8192,512,ck,18,0,19.8485,a8w8_blockscale_1x128x128_256x64x64x256_16x16_32x32_1x1_16x16x1_16x16x1_1x32x1x8_8_1x1_intrawave_v1,579.43,1378.38,0.0
256,1387,8192,512,ck,18,0,19.8528,a8w8_blockscale_1x128x128_256x64x64x256_16x16_32x32_1x1_16x16x1_16x16x1_1x32x1x8_8_1x1_intrawave_v1,586.06,1391.7,0.0
256,1399,8192,512,ck,18,0,19.8564,a8w8_blockscale_1x128x128_256x64x64x256_16x16_32x32_1x1_16x16x1_16x16x1_1x32x1x8_8_1x1_intrawave_v1,591.03,1401.65,0.0
256,1469,8192,512,ck,0,0,19.939,a8w8_blockscale_1x128x128_256x128x128x128_16x16_32x32_2x2_8x32x1_8x32x1_1x32x1x8_8_1x1_intrawave_v3,618.03,1455.16,0.0
256,1428,8192,512,ck,0,0,19.951,a8w8_blockscale_1x128x128_256x128x128x128_16x16_32x32_2x2_8x32x1_8x32x1_1x32x1x8_8_1x1_intrawave_v3,600.42,1419.57,0.0
256,1417,8192,512,ck,0,0,20.0008,a8w8_blockscale_1x128x128_256x128x128x128_16x16_32x32_2x2_8x32x1_8x32x1_1x32x1x8_8_1x1_intrawave_v3,594.31,1406.74,0.0
256,1506,8192,512,ck,0,0,20.0233,a8w8_blockscale_1x128x128_256x128x128x128_16x16_32x32_2x2_8x32x1_8x32x1_1x32x1x8_8_1x1_intrawave_v3,630.93,1480.26,0.0
256,1450,8192,512,ck,0,0,20.0256,a8w8_blockscale_1x128x128_256x128x128x128_16x16_32x32_2x2_8x32x1_8x32x1_1x32x1x8_8_1x1_intrawave_v3,607.4,1432.84,0.0
256,1255,128,7168,ck,8,0,20.0599,a8w8_blockscale_1x128x128_256x16x64x256_16x16_16x16_1x1_16x16x1_16x16x1_1x16x1x16_4_1x1_intrawave_v1,114.8,510.2,0.0
256,1430,8192,512,ck,0,0,20.0699,a8w8_blockscale_1x128x128_256x128x128x128_16x16_32x32_2x2_8x32x1_8x32x1_1x32x1x8_8_1x1_intrawave_v3,597.7,1412.84,0.0
256,1410,8192,512,ck,0,0,20.0705,a8w8_blockscale_1x128x128_256x128x128x128_16x16_32x32_2x2_8x32x1_8x32x1_1x32x1x8_8_1x1_intrawave_v3,589.32,1395.96,0.0
256,1511,8192,512,ck,0,0,20.0762,a8w8_blockscale_1x128x128_256x128x128x128_16x16_32x32_2x2_8x32x1_8x32x1_1x32x1x8_8_1x1_intrawave_v3,631.35,1480.57,0.0
256,1471,8192,512,ck,0,0,20.0902,a8w8_blockscale_1x128x128_256x128x128x128_16x16_32x32_2x2_8x32x1_8x32x1_1x32x1x8_8_1x1_intrawave_v3,614.21,1445.9,0.0
256,1496,8192,512,ck,0,0,20.0971,a8w8_blockscale_1x128x128_256x128x128x128_16x16_32x32_2x2_8x32x1_8x32x1_1x32x1x8_8_1x1_intrawave_v3,624.44,1466.42,0.0
256,1265,128,7168,ck,8,0,20.1045,a8w8_blockscale_1x128x128_256x16x64x256_16x16_16x16_1x1_16x16x1_16x16x1_1x16x1x16_4_1x1_intrawave_v1,115.46,512.76,0.0
256,1425,8192,512,ck,0,0,20.1053,a8w8_blockscale_1x128x128_256x128x128x128_16x16_32x32_2x2_8x32x1_8x32x1_1x32x1x8_8_1x1_intrawave_v3,594.56,1406.15,0.0
256,1454,8192,512,ck,0,0,20.1064,a8w8_blockscale_1x128x128_256x128x128x128_16x16_32x32_2x2_8x32x1_8x32x1_1x32x1x8_8_1x1_intrawave_v3,606.62,1430.44,0.0
256,830,128,7168,ck,8,0,20.1068,a8w8_blockscale_1x128x128_256x16x64x256_16x16_16x16_1x1_16x16x1_16x16x1_1x16x1x16_4_1x1_intrawave_v1,75.75,352.09,0.0
256,1435,8192,512,ck,0,0,20.1075,a8w8_blockscale_1x128x128_256x128x128x128_16x16_32x32_2x2_8x32x1_8x32x1_1x32x1x8_8_1x1_intrawave_v3,598.66,1414.4,0.0
256,1485,128,7168,ck,8,0,20.1264,a8w8_blockscale_1x128x128_256x16x64x256_16x16_16x16_1x1_16x16x1_16x16x1_1x16x1x16_4_1x1_intrawave_v1,135.39,593.36,0.0
256,1459,8192,512,ck,0,0,20.1271,a8w8_blockscale_1x128x128_256x128x128x128_16x16_32x32_2x2_8x32x1_8x32x1_1x32x1x8_8_1x1_intrawave_v3,608.08,1433.17,0.0
256,1444,8192,512,ck,0,0,20.128,a8w8_blockscale_1x128x128_256x128x128x128_16x16_32x32_2x2_8x32x1_8x32x1_1x32x1x8_8_1x1_intrawave_v3,601.81,1420.52,0.0
256,1500,8192,512,ck,0,0,20.1287,a8w8_blockscale_1x128x128_256x128x128x128_16x16_32x32_2x2_8x32x1_8x32x1_1x32x1x8_8_1x1_intrawave_v3,625.12,1467.47,0.0
256,1521,8192,512,ck,0,0,20.1357,a8w8_blockscale_1x128x128_256x128x128x128_16x16_32x32_2x2_8x32x1_8x32x1_1x32x1x8_8_1x1_intrawave_v3,633.65,1484.58,0.0
256,1514,8192,512,ck,0,0,20.1452,a8w8_blockscale_1x128x128_256x128x128x128_16x16_32x32_2x2_8x32x1_8x32x1_1x32x1x8_8_1x1_intrawave_v3,630.44,1478.01,0.0
256,1482,8192,512,ck,0,0,20.1466,a8w8_blockscale_1x128x128_256x128x128x128_16x16_32x32_2x2_8x32x1_8x32x1_1x32x1x8_8_1x1_intrawave_v3,617.07,1451.07,0.0
256,1490,8192,512,ck,0,0,20.1531,a8w8_blockscale_1x128x128_256x128x128x128_16x16_32x32_2x2_8x32x1_8x32x1_1x32x1x8_8_1x1_intrawave_v3,620.2,1457.31,0.0
256,1441,8192,512,ck,0,0,20.1574,a8w8_blockscale_1x128x128_256x128x128x128_16x16_32x32_2x2_8x32x1_8x32x1_1x32x1x8_8_1x1_intrawave_v3,599.68,1415.93,0.0
256,1492,8192,512,ck,0,0,20.1584,a8w8_blockscale_1x128x128_256x128x128x128_16x16_32x32_2x2_8x32x1_8x32x1_1x32x1x8_8_1x1_intrawave_v3,620.87,1458.6,0.0
256,1476,8192,512,ck,0,0,20.1628,a8w8_blockscale_1x128x128_256x128x128x128_16x16_32x32_2x2_8x32x1_8x32x1_1x32x1x8_8_1x1_intrawave_v3,614.08,1444.88,0.0
256,1333,128,7168,ck,8,0,20.164,a8w8_blockscale_1x128x128_256x16x64x256_16x16_16x16_1x1_16x16x1_16x16x1_1x16x1x16_4_1x1_intrawave_v1,121.31,536.29,0.0
256,1519,8192,512,ck,0,0,20.1641,a8w8_blockscale_1x128x128_256x128x128x128_16x16_32x32_2x2_8x32x1_8x32x1_1x32x1x8_8_1x1_intrawave_v3,631.93,1480.82,0.0
256,1502,8192,512,ck,0,0,20.1734,a8w8_blockscale_1x128x128_256x128x128x128_16x16_32x32_2x2_8x32x1_8x32x1_1x32x1x8_8_1x1_intrawave_v3,624.57,1465.9,0.0
256,1516,8192,512,ck,0,0,20.1735,a8w8_blockscale_1x128x128_256x128x128x128_16x16_32x32_2x2_8x32x1_8x32x1_1x32x1x8_8_1x1_intrawave_v3,630.39,1477.61,0.0
256,1467,8192,512,ck,0,0,20.1749,a8w8_blockscale_1x128x128_256x128x128x128_16x16_32x32_2x2_8x32x1_8x32x1_1x32x1x8_8_1x1_intrawave_v3,609.97,1436.47,0.0
256,1517,128,7168,ck,8,0,20.1873,a8w8_blockscale_1x128x128_256x16x64x256_16x16_16x16_1x1_16x16x1_16x16x1_1x16x1x16_4_1x1_intrawave_v1,137.89,603.34,0.0
256,1601,128,7168,ck,8,0,20.1922,a8w8_blockscale_1x128x128_256x16x64x256_16x16_16x16_1x1_16x16x1_16x16x1_1x16x1x16_4_1x1_intrawave_v1,145.49,634.07,0.0
256,1497,8192,512,ck,0,0,20.1931,a8w8_blockscale_1x128x128_256x128x128x128_16x16_32x32_2x2_8x32x1_8x32x1_1x32x1x8_8_1x1_intrawave_v3,621.88,1460.28,0.0
256,1495,8192,512,ck,0,0,20.1963,a8w8_blockscale_1x128x128_256x128x128x128_16x16_32x32_2x2_8x32x1_8x32x1_1x32x1x8_8_1x1_intrawave_v3,620.95,1458.38,0.0
256,1477,8192,512,ck,0,0,20.1992,a8w8_blockscale_1x128x128_256x128x128x128_16x16_32x32_2x2_8x32x1_8x32x1_1x32x1x8_8_1x1_intrawave_v3,613.39,1443.11,0.0
256,1710,128,7168,ck,8,0,20.1993,a8w8_blockscale_1x128x128_256x16x64x256_16x16_16x16_1x1_16x16x1_16x16x1_1x16x1x16_4_1x1_intrawave_v1,155.35,673.91,0.0
256,1452,8192,512,ck,0,0,20.2077,a8w8_blockscale_1x128x128_256x128x128x128_16x16_32x32_2x2_8x32x1_8x32x1_1x32x1x8_8_1x1_intrawave_v3,602.75,1421.6,0.0
256,1490,128,7168,ck,8,0,20.2159,a8w8_blockscale_1x128x128_256x16x64x256_16x16_16x16_1x1_16x16x1_16x16x1_1x16x1x16_4_1x1_intrawave_v1,135.25,592.57,0.0
256,1498,8192,512,ck,0,0,20.2178,a8w8_blockscale_1x128x128_256x128x128x128_16x16_32x32_2x2_8x32x1_8x32x1_1x32x1x8_8_1x1_intrawave_v3,621.54,1459.33,0.0
256,1423,8192,512,ck,0,0,20.2317,a8w8_blockscale_1x128x128_256x128x128x128_16x16_32x32_2x2_8x32x1_8x32x1_1x32x1x8_8_1x1_intrawave_v3,590.01,1395.7,0.0
256,1639,128,7168,ck,8,0,20.2348,a8w8_blockscale_1x128x128_256x16x64x256_16x16_16x16_1x1_16x16x1_16x16x1_1x16x1x16_4_1x1_intrawave_v1,148.63,646.68,0.0
256,1523,8192,512,ck,0,0,20.2396,a8w8_blockscale_1x128x128_256x128x128x128_16x16_32x32_2x2_8x32x1_8x32x1_1x32x1x8_8_1x1_intrawave_v3,631.23,1478.63,0.0
256,1431,8192,512,ck,0,0,20.2422,a8w8_blockscale_1x128x128_256x128x128x128_16x16_32x32_2x2_8x32x1_8x32x1_1x32x1x8_8_1x1_intrawave_v3,593.02,1401.65,0.0
256,856,128,7168,ck,8,0,20.2436,a8w8_blockscale_1x128x128_256x16x64x256_16x16_16x16_1x1_16x16x1_16x16x1_1x16x1x16_4_1x1_intrawave_v1,77.59,359.25,0.0
256,1533,8192,512,ck,0,0,20.2481,a8w8_blockscale_1x128x128_256x128x128x128_16x16_32x32_2x2_8x32x1_8x32x1_1x32x1x8_8_1x1_intrawave_v3,635.11,1486.36,0.0
256,1493,8192,512,ck,0,0,20.2496,a8w8_blockscale_1x128x128_256x128x128x128_16x16_32x32_2x2_8x32x1_8x32x1_1x32x1x8_8_1x1_intrawave_v3,618.49,1452.87,0.0
256,1590,128,7168,ck,8,0,20.2529,a8w8_blockscale_1x128x128_256x16x64x256_16x16_16x16_1x1_16x16x1_16x16x1_1x16x1x16_4_1x1_intrawave_v1,144.06,628.14,0.0
256,1424,8192,512,ck,0,0,20.2704,a8w8_blockscale_1x128x128_256x128x128x128_16x16_32x32_2x2_8x32x1_8x32x1_1x32x1x8_8_1x1_intrawave_v3,589.3,1393.87,0.0
256,1437,8192,512,ck,0,0,20.2817,a8w8_blockscale_1x128x128_256x128x128x128_16x16_32x32_2x2_8x32x1_8x32x1_1x32x1x8_8_1x1_intrawave_v3,594.35,1403.92,0.0
256,1685,128,7168,ck,8,0,20.2817,a8w8_blockscale_1x128x128_256x16x64x256_16x16_16x16_1x1_16x16x1_16x16x1_1x16x1x16_4_1x1_intrawave_v1,152.45,662.02,0.0
256,1461,8192,512,ck,0,0,20.2846,a8w8_blockscale_1x128x128_256x128x128x128_16x16_32x32_2x2_8x32x1_8x32x1_1x32x1x8_8_1x1_intrawave_v3,604.19,1423.71,0.0
256,1599,128,7168,ck,8,0,20.2964,a8w8_blockscale_1x128x128_256x16x64x256_16x16_16x16_1x1_16x16x1_16x16x1_1x16x1x16_4_1x1_intrawave_v1,144.57,630.09,0.0
256,1503,8192,512,ck,0,0,20.3089,a8w8_blockscale_1x128x128_256x128x128x128_16x16_32x32_2x2_8x32x1_8x32x1_1x32x1x8_8_1x1_intrawave_v3,620.82,1456.95,0.0
256,1442,8192,512,ck,0,0,20.3123,a8w8_blockscale_1x128x128_256x128x128x128_16x16_32x32_2x2_8x32x1_8x32x1_1x32x1x8_8_1x1_intrawave_v3,595.52,1405.96,0.0
256,1447,8192,512,ck,0,0,20.318,a8w8_blockscale_1x128x128_256x128x128x128_16x16_32x32_2x2_8x32x1_8x32x1_1x32x1x8_8_1x1_intrawave_v3,597.42,1409.73,0.0
256,1531,8192,512,ck,0,0,20.3205,a8w8_blockscale_1x128x128_256x128x128x128_16x16_32x32_2x2_8x32x1_8x32x1_1x32x1x8_8_1x1_intrawave_v3,632.02,1479.4,0.0
256,1499,8192,512,ck,0,0,20.3285,a8w8_blockscale_1x128x128_256x128x128x128_16x16_32x32_2x2_8x32x1_8x32x1_1x32x1x8_8_1x1_intrawave_v3,618.57,1452.22,0.0
256,813,128,7168,ck,8,0,20.3352,a8w8_blockscale_1x128x128_256x16x64x256_16x16_16x16_1x1_16x16x1_16x16x1_1x16x1x16_4_1x1_intrawave_v1,73.36,341.93,0.0
256,1432,8192,512,ck,0,0,20.3358,a8w8_blockscale_1x128x128_256x128x128x128_16x16_32x32_2x2_8x32x1_8x32x1_1x32x1x8_8_1x1_intrawave_v3,590.71,1396.03,0.0
256,1718,128,7168,ck,8,0,20.3495,a8w8_blockscale_1x128x128_256x16x64x256_16x16_16x16_1x1_16x16x1_16x16x1_1x16x1x16_4_1x1_intrawave_v1,154.92,671.86,0.0
256,1000,128,7168,ck,8,0,20.3548,a8w8_blockscale_1x128x128_256x16x64x256_16x16_16x16_1x1_16x16x1_16x16x1_1x16x1x16_4_1x1_intrawave_v1,90.15,409.81,0.0
256,1580,128,7168,ck,8,0,20.3766,a8w8_blockscale_1x128x128_256x16x64x256_16x16_16x16_1x1_16x16x1_16x16x1_1x16x1x16_4_1x1_intrawave_v1,142.29,620.68,0.0
256,809,128,7168,ck,8,0,20.3796,a8w8_blockscale_1x128x128_256x16x64x256_16x16_16x16_1x1_16x16x1_16x16x1_1x16x1x16_4_1x1_intrawave_v1,72.84,339.73,0.0
256,849,128,7168,ck,8,0,20.3835,a8w8_blockscale_1x128x128_256x16x64x256_16x16_16x16_1x1_16x16x1_16x16x1_1x16x1x16_4_1x1_intrawave_v1,76.43,354.23,0.0
256,1809,128,7168,ck,8,0,20.3968,a8w8_blockscale_1x128x128_256x16x64x256_16x16_16x16_1x1_16x16x1_16x16x1_1x16x1x16_4_1x1_intrawave_v1,162.75,703.42,0.0
256,869,128,7168,ck,8,0,20.398,a8w8_blockscale_1x128x128_256x16x64x256_16x16_16x16_1x1_16x16x1_16x16x1_1x16x1x16_4_1x1_intrawave_v1,78.18,361.26,0.0
256,1334,128,7168,ck,8,0,20.4019,a8w8_blockscale_1x128x128_256x16x64x256_16x16_16x16_1x1_16x16x1_16x16x1_1x16x1x16_4_1x1_intrawave_v1,119.98,530.4,0.0
256,1553,128,7168,ck,8,0,20.4172,a8w8_blockscale_1x128x128_256x16x64x256_16x16_16x16_1x1_16x16x1_16x16x1_1x16x1x16_4_1x1_intrawave_v1,139.58,609.63,0.0
256,1816,128,7168,ck,8,0,20.4175,a8w8_blockscale_1x128x128_256x16x64x256_16x16_16x16_1x1_16x16x1_16x16x1_1x16x1x16_4_1x1_intrawave_v1,163.21,705.25,0.0
256,1623,128,7168,ck,8,0,20.419,a8w8_blockscale_1x128x128_256x16x64x256_16x16_16x16_1x1_16x16x1_16x16x1_1x16x1x16_4_1x1_intrawave_v1,145.86,635.03,0.0
256,1944,128,7168,ck,8,0,20.4354,a8w8_blockscale_1x128x128_256x16x64x256_16x16_16x16_1x1_16x16x1_16x16x1_1x16x1x16_4_1x1_intrawave_v1,174.56,751.14,0.0
256,1817,128,7168,ck,8,0,20.4402,a8w8_blockscale_1x128x128_256x16x64x256_16x16_16x16_1x1_16x16x1_16x16x1_1x16x1x16_4_1x1_intrawave_v1,163.12,704.83,0.0
256,920,128,7168,ck,8,0,20.4416,a8w8_blockscale_1x128x128_256x16x64x256_16x16_16x16_1x1_16x16x1_16x16x1_1x16x1x16_4_1x1_intrawave_v1,82.59,379.01,0.0
256,806,128,7168,ck,8,0,20.4458,a8w8_blockscale_1x128x128_256x16x64x256_16x16_16x16_1x1_16x16x1_16x16x1_1x16x1x16_4_1x1_intrawave_v1,72.34,337.54,0.0
256,1987,128,7168,ck,8,0,20.4485,a8w8_blockscale_1x128x128_256x16x64x256_16x16_16x16_1x1_16x16x1_16x16x1_1x16x1x16_4_1x1_intrawave_v1,178.31,766.27,0.0
256,1548,128,7168,ck,8,0,20.4533,a8w8_blockscale_1x128x128_256x16x64x256_16x16_16x16_1x1_16x16x1_16x16x1_1x16x1x16_4_1x1_intrawave_v1,138.88,606.74,0.0
256,1047,128,7168,ck,8,0,20.4566,a8w8_blockscale_1x128x128_256x16x64x256_16x16_16x16_1x1_16x16x1_16x16x1_1x16x1x16_4_1x1_intrawave_v1,93.92,424.82,0.0
256,2002,128,7168,ck,8,0,20.4731,a8w8_blockscale_1x128x128_256x16x64x256_16x16_16x16_1x1_16x16x1_16x16x1_1x16x1x16_4_1x1_intrawave_v1,179.44,770.78,0.0
256,910,128,7168,ck,8,0,20.4801,a8w8_blockscale_1x128x128_256x16x64x256_16x16_16x16_1x1_16x16x1_16x16x1_1x16x1x16_4_1x1_intrawave_v1,81.54,374.67,0.0
256,1978,128,7168,ck,8,0,20.4845,a8w8_blockscale_1x128x128_256x16x64x256_16x16_16x16_1x1_16x16x1_16x16x1_1x16x1x16_4_1x1_intrawave_v1,177.19,761.66,0.0
256,1185,128,7168,ck,8,0,20.4892,a8w8_blockscale_1x128x128_256x16x64x256_16x16_16x16_1x1_16x16x1_16x16x1_1x16x1x16_4_1x1_intrawave_v1,106.13,474.15,0.0
256,1821,128,7168,ck,8,0,20.4916,a8w8_blockscale_1x128x128_256x16x64x256_16x16_16x16_1x1_16x16x1_16x16x1_1x16x1x16_4_1x1_intrawave_v1,163.07,704.51,0.0
256,2041,128,7168,ck,8,0,20.5033,a8w8_blockscale_1x128x128_256x16x64x256_16x16_16x16_1x1_16x16x1_16x16x1_1x16x1x16_4_1x1_intrawave_v1,182.67,783.77,0.0
256,2012,128,7168,ck,8,0,20.513,a8w8_blockscale_1x128x128_256x16x64x256_16x16_16x16_1x1_16x16x1_16x16x1_1x16x1x16_4_1x1_intrawave_v1,179.99,772.9,0.0
256,734,128,7168,ck,8,0,20.5132,a8w8_blockscale_1x128x128_256x16x64x256_16x16_16x16_1x1_16x16x1_16x16x1_1x16x1x16_4_1x1_intrawave_v1,65.66,310.37,0.0
256,1443,8192,512,ck,0,0,20.5164,a8w8_blockscale_1x128x128_256x128x128x128_16x16_32x32_2x2_8x32x1_8x32x1_1x32x1x8_8_1x1_intrawave_v3,590.0,1392.8,0.0
256,2004,128,7168,ck,8,0,20.5297,a8w8_blockscale_1x128x128_256x16x64x256_16x16_16x16_1x1_16x16x1_16x16x1_1x16x1x16_4_1x1_intrawave_v1,179.12,769.38,0.0
256,2009,128,7168,ck,8,0,20.5334,a8w8_blockscale_1x128x128_256x16x64x256_16x16_16x16_1x1_16x16x1_16x16x1_1x16x1x16_4_1x1_intrawave_v1,179.54,771.05,0.0
256,2035,128,7168,ck,8,0,20.5359,a8w8_blockscale_1x128x128_256x16x64x256_16x16_16x16_1x1_16x16x1_16x16x1_1x16x1x16_4_1x1_intrawave_v1,181.84,780.36,0.0
256,1007,128,7168,ck,8,0,20.5396,a8w8_blockscale_1x128x128_256x16x64x256_16x16_16x16_1x1_16x16x1_16x16x1_1x16x1x16_4_1x1_intrawave_v1,89.97,408.65,0.0
256,1009,128,7168,ck,8,0,20.5406,a8w8_blockscale_1x128x128_256x16x64x256_16x16_16x16_1x1_16x16x1_16x16x1_1x16x1x16_4_1x1_intrawave_v1,90.14,409.35,0.0
256,2006,128,7168,ck,8,0,20.5414,a8w8_blockscale_1x128x128_256x16x64x256_16x16_16x16_1x1_16x16x1_16x16x1_1x16x1x16_4_1x1_intrawave_v1,179.2,769.67,0.0
256,1991,128,7168,ck,8,0,20.5415,a8w8_blockscale_1x128x128_256x16x64x256_16x16_16x16_1x1_16x16x1_16x16x1_1x16x1x16_4_1x1_intrawave_v1,177.86,764.24,0.0
256,1934,128,7168,ck,8,0,20.5456,a8w8_blockscale_1x128x128_256x16x64x256_16x16_16x16_1x1_16x16x1_16x16x1_1x16x1x16_4_1x1_intrawave_v1,172.73,743.49,0.0
256,1015,128,7168,ck,8,0,20.5476,a8w8_blockscale_1x128x128_256x16x64x256_16x16_16x16_1x1_16x16x1_16x16x1_1x16x1x16_4_1x1_intrawave_v1,90.64,411.38,0.0
256,677,6144,1536,ck,18,0,20.565,a8w8_blockscale_1x128x128_256x64x64x256_16x16_32x32_1x1_16x16x1_16x16x1_1x32x1x8_8_1x1_intrawave_v1,621.34,913.98,0.0
256,930,128,7168,ck,8,0,20.586,a8w8_blockscale_1x128x128_256x16x64x256_16x16_16x16_1x1_16x16x1_16x16x1_1x16x1x16_4_1x1_intrawave_v1,82.9,379.96,0.0
256,1144,128,7168,ck,8,0,20.59,a8w8_blockscale_1x128x128_256x16x64x256_16x16_16x16_1x1_16x16x1_16x16x1_1x16x1x16_4_1x1_intrawave_v1,101.95,457.05,0.0
256,2003,128,7168,ck,8,0,20.5916,a8w8_blockscale_1x128x128_256x16x64x256_16x16_16x16_1x1_16x16x1_16x16x1_1x16x1x16_4_1x1_intrawave_v1,178.5,766.71,0.0
256,814,128,7168,ck,8,0,20.5946,a8w8_blockscale_1x128x128_256x16x64x256_16x16_16x16_1x1_16x16x1_16x16x1_1x16x1x16_4_1x1_intrawave_v1,72.53,337.98,0.0
256,2011,128,7168,ck,8,0,20.605,a8w8_blockscale_1x128x128_256x16x64x256_16x16_16x16_1x1_16x16x1_16x16x1_1x16x1x16_4_1x1_intrawave_v1,179.09,769.09,0.0
256,1001,128,7168,ck,8,0,20.6061,a8w8_blockscale_1x128x128_256x16x64x256_16x16_16x16_1x1_16x16x1_16x16x1_1x16x1x16_4_1x1_intrawave_v1,89.14,405.17,0.0
256,1112,128,7168,ck,8,0,20.61,a8w8_blockscale_1x128x128_256x16x64x256_16x16_16x16_1x1_16x16x1_16x16x1_1x16x1x16_4_1x1_intrawave_v1,99.01,445.07,0.0
256,1003,128,7168,ck,8,0,20.6136,a8w8_blockscale_1x128x128_256x16x64x256_16x16_16x16_1x1_16x16x1_16x16x1_1x16x1x16_4_1x1_intrawave_v1,89.29,405.74,0.0
256,1023,128,7168,ck,8,0,20.6136,a8w8_blockscale_1x128x128_256x16x64x256_16x16_16x16_1x1_16x16x1_16x16x1_1x16x1x16_4_1x1_intrawave_v1,91.07,412.94,0.0
256,2037,128,7168,ck,8,0,20.634,a8w8_blockscale_1x128x128_256x16x64x256_16x16_16x16_1x1_16x16x1_16x16x1_1x16x1x16_4_1x1_intrawave_v1,181.15,777.37,0.0
256,1980,128,7168,ck,8,0,20.6374,a8w8_blockscale_1x128x128_256x16x64x256_16x16_16x16_1x1_16x16x1_16x16x1_1x16x1x16_4_1x1_intrawave_v1,176.05,756.73,0.0
256,902,128,7168,ck,8,0,20.658,a8w8_blockscale_1x128x128_256x16x64x256_16x16_16x16_1x1_16x16x1_16x16x1_1x16x1x16_4_1x1_intrawave_v1,80.12,368.57,0.0
256,1087,128,7168,ck,8,0,20.6824,a8w8_blockscale_1x128x128_256x16x64x256_16x16_16x16_1x1_16x16x1_16x16x1_1x16x1x16_4_1x1_intrawave_v1,96.44,434.54,0.0
256,2112,128,7168,ck,8,0,20.7086,a8w8_blockscale_1x128x128_256x16x64x256_16x16_16x16_1x1_16x16x1_16x16x1_1x16x1x16_4_1x1_intrawave_v1,187.15,801.45,0.0
256,2128,128,7168,ck,8,0,20.7811,a8w8_blockscale_1x128x128_256x16x64x256_16x16_16x16_1x1_16x16x1_16x16x1_1x16x1x16_4_1x1_intrawave_v1,187.91,804.37,0.0
256,1132,128,7168,ck,8,0,20.7832,a8w8_blockscale_1x128x128_256x16x64x256_16x16_16x16_1x1_16x16x1_16x16x1_1x16x1x16_4_1x1_intrawave_v1,99.95,448.51,0.0
256,877,128,7168,ck,8,0,20.7832,a8w8_blockscale_1x128x128_256x16x64x256_16x16_16x16_1x1_16x16x1_16x16x1_1x16x1x16_4_1x1_intrawave_v1,77.43,357.42,0.0
256,2160,128,7168,ck,8,0,20.793,a8w8_blockscale_1x128x128_256x16x64x256_16x16_16x16_1x1_16x16x1_16x16x1_1x16x1x16_4_1x1_intrawave_v1,190.62,815.34,0.0
256,136,7168,4096,ck,18,0,21.0649,a8w8_blockscale_1x128x128_256x64x64x256_16x16_32x32_1x1_16x16x1_16x16x1_1x32x1x8_8_1x1_intrawave_v1,379.11,1512.8,0.0
256,144,7168,4096,ck,18,0,21.0657,a8w8_blockscale_1x128x128_256x64x64x256_16x16_32x32_1x1_16x16x1_16x16x1_1x32x1x8_8_1x1_intrawave_v1,401.4,1519.74,0.0
256,200,7168,4096,ck,18,0,21.0827,a8w8_blockscale_1x128x128_256x64x64x256_16x16_32x32_1x1_16x16x1_16x16x1_1x32x1x8_8_1x1_intrawave_v1,557.05,1567.47,0.0
256,2056,128,7168,ck,8,0,21.2071,a8w8_blockscale_1x128x128_256x16x64x256_16x16_16x16_1x1_16x16x1_16x16x1_1x16x1x16_4_1x1_intrawave_v1,177.9,763.01,0.0
256,152,7168,4096,ck,18,0,21.2133,a8w8_blockscale_1x128x128_256x64x64x256_16x16_32x32_1x1_16x16x1_16x16x1_1x32x1x8_8_1x1_intrawave_v1,420.75,1516.11,0.0
256,734,6144,1536,ck,18,0,21.3155,a8w8_blockscale_1x128x128_256x64x64x256_16x16_32x32_1x1_16x16x1_16x16x1_1x32x1x8_8_1x1_intrawave_v1,649.94,918.77,0.0
256,2054,128,7168,ck,8,0,21.3497,a8w8_blockscale_1x128x128_256x16x64x256_16x16_16x16_1x1_16x16x1_16x16x1_1x16x1x16_4_1x1_intrawave_v1,176.54,757.22,0.0
256,160,7168,4096,ck,18,0,21.3667,a8w8_blockscale_1x128x128_256x64x64x256_16x16_32x32_1x1_16x16x1_16x16x1_1x32x1x8_8_1x1_intrawave_v1,439.71,1512.13,0.0
256,2088,128,7168,ck,8,0,21.3678,a8w8_blockscale_1x128x128_256x16x64x256_16x16_16x16_1x1_16x16x1_16x16x1_1x16x1x16_4_1x1_intrawave_v1,179.31,768.39,0.0
256,809,6144,1536,ck,18,0,21.3738,a8w8_blockscale_1x128x128_256x64x64x256_16x16_32x32_1x1_16x16x1_16x16x1_1x32x1x8_8_1x1_intrawave_v1,714.4,964.77,0.0
256,2146,128,7168,ck,7,0,21.3925,a8w8_blockscale_1x128x128_256x16x128x256_16x16_16x16_1x2_16x16x1_16x16x1_1x16x1x16_8_1x2_intrawave_v1,184.08,787.63,0.0
256,2111,128,7168,ck,8,0,21.3963,a8w8_blockscale_1x128x128_256x16x64x256_16x16_16x16_1x1_16x16x1_16x16x1_1x16x1x16_4_1x1_intrawave_v1,181.05,775.35,0.0
256,2087,128,7168,ck,8,0,21.4166,a8w8_blockscale_1x128x128_256x16x64x256_16x16_16x16_1x1_16x16x1_16x16x1_1x16x1x16_4_1x1_intrawave_v1,178.82,766.29,0.0
256,208,7168,4096,ck,18,0,21.4243,a8w8_blockscale_1x128x128_256x64x64x256_16x16_32x32_1x1_16x16x1_16x16x1_1x32x1x8_8_1x1_intrawave_v1,570.09,1549.36,0.0
256,2304,128,7168,ck,7,0,21.4341,a8w8_blockscale_1x128x128_256x16x128x256_16x16_16x16_1x2_16x16x1_16x16x1_1x16x1x16_8_1x2_intrawave_v1,197.25,840.83,0.0
256,2368,128,7168,ck,7,0,21.4439,a8w8_blockscale_1x128x128_256x16x128x256_16x16_16x16_1x2_16x16x1_16x16x1_1x16x1x16_8_1x2_intrawave_v1,202.64,862.6,0.0
256,2101,128,7168,ck,7,0,21.4554,a8w8_blockscale_1x128x128_256x16x128x256_16x16_16x16_1x2_16x16x1_16x16x1_1x16x1x16_8_1x2_intrawave_v1,179.69,769.75,0.0
256,2086,128,7168,ck,8,0,21.4597,a8w8_blockscale_1x128x128_256x16x64x256_16x16_16x16_1x1_16x16x1_16x16x1_1x16x1x16_4_1x1_intrawave_v1,178.37,764.41,0.0
256,2091,128,7168,ck,8,0,21.4632,a8w8_blockscale_1x128x128_256x16x64x256_16x16_16x16_1x1_16x16x1_16x16x1_1x16x1x16_4_1x1_intrawave_v1,178.77,766.01,0.0
256,2149,128,7168,ck,8,0,21.4753,a8w8_blockscale_1x128x128_256x16x64x256_16x16_16x16_1x1_16x16x1_16x16x1_1x16x1x16_4_1x1_intrawave_v1,183.63,785.63,0.0
256,2219,128,7168,ck,7,0,21.4831,a8w8_blockscale_1x128x128_256x16x128x256_16x16_16x16_1x2_16x16x1_16x16x1_1x16x1x16_8_1x2_intrawave_v1,189.54,809.54,0.0
256,2226,128,7168,ck,7,0,21.4876,a8w8_blockscale_1x128x128_256x16x128x256_16x16_16x16_1x2_16x16x1_16x16x1_1x16x1x16_8_1x2_intrawave_v1,190.1,811.79,0.0
256,2163,128,7168,ck,7,0,21.4921,a8w8_blockscale_1x128x128_256x16x128x256_16x16_16x16_1x2_16x16x1_16x16x1_1x16x1x16_8_1x2_intrawave_v1,184.68,789.85,0.0
256,2166,128,7168,ck,8,0,21.5028,a8w8_blockscale_1x128x128_256x16x64x256_16x16_16x16_1x1_16x16x1_16x16x1_1x16x1x16_4_1x1_intrawave_v1,184.84,790.5,0.0
256,2085,128,7168,ck,8,0,21.5033,a8w8_blockscale_1x128x128_256x16x64x256_16x16_16x16_1x1_16x16x1_16x16x1_1x16x1x16_4_1x1_intrawave_v1,177.93,762.51,0.0
256,2109,128,7168,ck,8,0,21.5041,a8w8_blockscale_1x128x128_256x16x64x256_16x16_16x16_1x1_16x16x1_16x16x1_1x16x1x16_4_1x1_intrawave_v1,179.97,770.77,0.0
256,2126,128,7168,ck,8,0,21.5052,a8w8_blockscale_1x128x128_256x16x64x256_16x16_16x16_1x1_16x16x1_16x16x1_1x16x1x16_4_1x1_intrawave_v1,181.41,776.6,0.0
256,2235,128,7168,ck,7,0,21.5066,a8w8_blockscale_1x128x128_256x16x128x256_16x16_16x16_1x2_16x16x1_16x16x1_1x16x1x16_8_1x2_intrawave_v1,190.7,814.18,0.0
256,2185,128,7168,ck,7,0,21.5234,a8w8_blockscale_1x128x128_256x16x128x256_16x16_16x16_1x2_16x16x1_16x16x1_1x16x1x16_8_1x2_intrawave_v1,186.29,796.29,0.0
256,2207,128,7168,ck,7,0,21.5254,a8w8_blockscale_1x128x128_256x16x128x256_16x16_16x16_1x2_16x16x1_16x16x1_1x16x1x16_8_1x2_intrawave_v1,188.14,803.81,0.0
256,2164,128,7168,ck,7,0,21.5288,a8w8_blockscale_1x128x128_256x16x128x256_16x16_16x16_1x2_16x16x1_16x16x1_1x16x1x16_8_1x2_intrawave_v1,184.45,788.85,0.0
256,216,7168,4096,ck,18,0,21.5318,a8w8_blockscale_1x128x128_256x64x64x256_16x16_32x32_1x1_16x16x1_16x16x1_1x32x1x8_8_1x1_intrawave_v1,589.06,1548.47,0.0
256,2148,128,7168,ck,7,0,21.5465,a8w8_blockscale_1x128x128_256x16x128x256_16x16_16x16_1x2_16x16x1_16x16x1_1x16x1x16_8_1x2_intrawave_v1,182.93,782.69,0.0
256,2090,128,7168,ck,7,0,21.5472,a8w8_blockscale_1x128x128_256x16x128x256_16x16_16x16_1x2_16x16x1_16x16x1_1x16x1x16_8_1x2_intrawave_v1,177.99,762.68,0.0
256,2358,128,7168,ck,7,0,21.5476,a8w8_blockscale_1x128x128_256x16x128x256_16x16_16x16_1x2_16x16x1_16x16x1_1x16x1x16_8_1x2_intrawave_v1,200.81,855.0,0.0
256,2129,128,7168,ck,8,0,21.5503,a8w8_blockscale_1x128x128_256x16x64x256_16x16_16x16_1x1_16x16x1_16x16x1_1x16x1x16_4_1x1_intrawave_v1,181.28,776.01,0.0
256,2268,128,7168,ck,7,0,21.5518,a8w8_blockscale_1x128x128_256x16x128x256_16x16_16x16_1x2_16x16x1_16x16x1_1x16x1x16_8_1x2_intrawave_v1,193.11,823.84,0.0
256,2161,128,7168,ck,8,0,21.5577,a8w8_blockscale_1x128x128_256x16x64x256_16x16_16x16_1x1_16x16x1_16x16x1_1x16x1x16_4_1x1_intrawave_v1,183.95,786.76,0.0
256,2116,128,7168,ck,7,0,21.5607,a8w8_blockscale_1x128x128_256x16x128x256_16x16_16x16_1x2_16x16x1_16x16x1_1x16x1x16_8_1x2_intrawave_v1,180.09,771.16,0.0
256,2119,128,7168,ck,7,0,21.5641,a8w8_blockscale_1x128x128_256x16x128x256_16x16_16x16_1x2_16x16x1_16x16x1_1x16x1x16_8_1x2_intrawave_v1,180.32,772.07,0.0
256,2150,128,7168,ck,7,0,21.5729,a8w8_blockscale_1x128x128_256x16x128x256_16x16_16x16_1x2_16x16x1_16x16x1_1x16x1x16_8_1x2_intrawave_v1,182.88,782.42,0.0
256,2544,128,7168,ck,7,0,21.577,a8w8_blockscale_1x128x128_256x16x128x256_16x16_16x16_1x2_16x16x1_16x16x1_1x16x1x16_8_1x2_intrawave_v1,216.35,917.84,0.0
256,2216,128,7168,ck,7,0,21.5874,a8w8_blockscale_1x128x128_256x16x128x256_16x16_16x16_1x2_16x16x1_16x16x1_1x16x1x16_8_1x2_intrawave_v1,188.37,804.59,0.0
256,2248,128,7168,ck,7,0,21.5916,a8w8_blockscale_1x128x128_256x16x128x256_16x16_16x16_1x2_16x16x1_16x16x1_1x16x1x16_8_1x2_intrawave_v1,191.05,815.44,0.0
256,2189,128,7168,ck,7,0,21.5929,a8w8_blockscale_1x128x128_256x16x128x256_16x16_16x16_1x2_16x16x1_16x16x1_1x16x1x16_8_1x2_intrawave_v1,186.03,795.11,0.0
256,2130,128,7168,ck,7,0,21.5932,a8w8_blockscale_1x128x128_256x16x128x256_16x16_16x16_1x2_16x16x1_16x16x1_1x16x1x16_8_1x2_intrawave_v1,181.01,774.81,0.0
256,2127,128,7168,ck,8,0,21.5973,a8w8_blockscale_1x128x128_256x16x64x256_16x16_16x16_1x1_16x16x1_16x16x1_1x16x1x16_4_1x1_intrawave_v1,180.72,773.63,0.0
256,2356,128,7168,ck,7,0,21.5987,a8w8_blockscale_1x128x128_256x16x128x256_16x16_16x16_1x2_16x16x1_16x16x1_1x16x1x16_8_1x2_intrawave_v1,200.16,852.29,0.0
256,2387,128,7168,ck,7,0,21.603,a8w8_blockscale_1x128x128_256x16x128x256_16x16_16x16_1x2_16x16x1_16x16x1_1x16x1x16_8_1x2_intrawave_v1,202.76,862.78,0.0
256,2186,128,7168,ck,7,0,21.6063,a8w8_blockscale_1x128x128_256x16x128x256_16x16_16x16_1x2_16x16x1_16x16x1_1x16x1x16_8_1x2_intrawave_v1,185.66,793.58,0.0
256,2215,128,7168,ck,7,0,21.6183,a8w8_blockscale_1x128x128_256x16x128x256_16x16_16x16_1x2_16x16x1_16x16x1_1x16x1x16_8_1x2_intrawave_v1,188.01,803.1,0.0
256,2301,128,7168,ck,7,0,21.627,a8w8_blockscale_1x128x128_256x16x128x256_16x16_16x16_1x2_16x16x1_16x16x1_1x16x1x16_8_1x2_intrawave_v1,195.24,832.3,0.0
256,168,7168,4096,ck,18,0,21.6361,a8w8_blockscale_1x128x128_256x64x64x256_16x16_32x32_1x1_16x16x1_16x16x1_1x32x1x8_8_1x1_intrawave_v1,455.95,1500.12,0.0
256,2344,128,7168,ck,7,0,21.6407,a8w8_blockscale_1x128x128_256x16x128x256_16x16_16x16_1x2_16x16x1_16x16x1_1x16x1x16_8_1x2_intrawave_v1,198.76,846.52,0.0
256,2188,128,7168,ck,7,0,21.6421,a8w8_blockscale_1x128x128_256x16x128x256_16x16_16x16_1x2_16x16x1_16x16x1_1x16x1x16_8_1x2_intrawave_v1,185.52,792.96,0.0
256,2441,128,7168,ck,7,0,21.6497,a8w8_blockscale_1x128x128_256x16x128x256_16x16_16x16_1x2_16x16x1_16x16x1_1x16x1x16_8_1x2_intrawave_v1,206.9,879.43,0.0
256,2249,128,7168,ck,7,0,21.6505,a8w8_blockscale_1x128x128_256x16x128x256_16x16_16x16_1x2_16x16x1_16x16x1_1x16x1x16_8_1x2_intrawave_v1,190.62,813.56,0.0
256,816,6144,1536,ck,18,0,21.6514,a8w8_blockscale_1x128x128_256x64x64x256_16x16_32x32_1x1_16x16x1_16x16x1_1x32x1x8_8_1x1_intrawave_v1,711.34,956.87,0.0
256,2365,128,7168,ck,7,0,21.6593,a8w8_blockscale_1x128x128_256x16x128x256_16x16_16x16_1x2_16x16x1_16x16x1_1x16x1x16_8_1x2_intrawave_v1,200.37,852.99,0.0
256,2250,128,7168,ck,7,0,21.6599,a8w8_blockscale_1x128x128_256x16x128x256_16x16_16x16_1x2_16x16x1_16x16x1_1x16x1x16_8_1x2_intrawave_v1,190.62,813.55,0.0
256,2464,128,7168,ck,7,0,21.668,a8w8_blockscale_1x128x128_256x16x128x256_16x16_16x16_1x2_16x16x1_16x16x1_1x16x1x16_8_1x2_intrawave_v1,208.67,886.57,0.0
256,2390,128,7168,ck,7,0,21.6826,a8w8_blockscale_1x128x128_256x16x128x256_16x16_16x16_1x2_16x16x1_16x16x1_1x16x1x16_8_1x2_intrawave_v1,202.27,860.64,0.0
256,2369,128,7168,ck,7,0,21.6902,a8w8_blockscale_1x128x128_256x16x128x256_16x16_16x16_1x2_16x16x1_16x16x1_1x16x1x16_8_1x2_intrawave_v1,200.42,853.15,0.0
256,2252,128,7168,ck,7,0,21.6929,a8w8_blockscale_1x128x128_256x16x128x256_16x16_16x16_1x2_16x16x1_16x16x1_1x16x1x16_8_1x2_intrawave_v1,190.5,813.0,0.0
256,830,6144,1536,ck,18,0,21.694,a8w8_blockscale_1x128x128_256x64x64x256_16x16_32x32_1x1_16x16x1_16x16x1_1x32x1x8_8_1x1_intrawave_v1,722.12,963.91,0.0
256,2445,128,7168,ck,7,0,21.701,a8w8_blockscale_1x128x128_256x16x128x256_16x16_16x16_1x2_16x16x1_16x16x1_1x16x1x16_8_1x2_intrawave_v1,206.75,878.72,0.0
256,2403,128,7168,ck,7,0,21.7024,a8w8_blockscale_1x128x128_256x16x128x256_16x16_16x16_1x2_16x16x1_16x16x1_1x16x1x16_8_1x2_intrawave_v1,203.18,864.3,0.0
256,2282,128,7168,ck,7,0,21.7059,a8w8_blockscale_1x128x128_256x16x128x256_16x16_16x16_1x2_16x16x1_16x16x1_1x16x1x16_8_1x2_intrawave_v1,192.92,822.78,0.0
256,2251,128,7168,ck,7,0,21.7127,a8w8_blockscale_1x128x128_256x16x128x256_16x16_16x16_1x2_16x16x1_16x16x1_1x16x1x16_8_1x2_intrawave_v1,190.24,811.92,0.0
256,2479,128,7168,ck,7,0,21.733,a8w8_blockscale_1x128x128_256x16x128x256_16x16_16x16_1x2_16x16x1_16x16x1_1x16x1x16_8_1x2_intrawave_v1,209.31,889.04,0.0
256,2355,128,7168,ck,7,0,21.7376,a8w8_blockscale_1x128x128_256x16x128x256_16x16_16x16_1x2_16x16x1_16x16x1_1x16x1x16_8_1x2_intrawave_v1,198.8,846.51,0.0
256,814,6144,1536,ck,18,0,21.7468,a8w8_blockscale_1x128x128_256x64x64x256_16x16_32x32_1x1_16x16x1_16x16x1_1x32x1x8_8_1x1_intrawave_v1,706.48,951.4,0.0
256,2515,128,7168,ck,7,0,21.7683,a8w8_blockscale_1x128x128_256x16x128x256_16x16_16x16_1x2_16x16x1_16x16x1_1x16x1x16_8_1x2_intrawave_v1,212.01,899.88,0.0
256,176,7168,4096,ck,18,0,21.7684,a8w8_blockscale_1x128x128_256x64x64x256_16x16_32x32_1x1_16x16x1_16x16x1_1x32x1x8_8_1x1_intrawave_v1,474.76,1497.77,0.0
256,2254,128,7168,ck,7,0,21.7825,a8w8_blockscale_1x128x128_256x16x128x256_16x16_16x16_1x2_16x16x1_16x16x1_1x16x1x16_8_1x2_intrawave_v1,189.88,810.34,0.0
256,813,6144,1536,ck,18,0,21.7928,a8w8_blockscale_1x128x128_256x64x64x256_16x16_32x32_1x1_16x16x1_16x16x1_1x32x1x8_8_1x1_intrawave_v1,704.13,948.76,0.0
256,2412,128,7168,ck,7,0,21.7973,a8w8_blockscale_1x128x128_256x16x128x256_16x16_16x16_1x2_16x16x1_16x16x1_1x16x1x16_8_1x2_intrawave_v1,203.05,863.6,0.0
256,2443,128,7168,ck,7,0,21.8089,a8w8_blockscale_1x128x128_256x16x128x256_16x16_16x16_1x2_16x16x1_16x16x1_1x16x1x16_8_1x2_intrawave_v1,205.55,873.7,0.0
256,806,6144,1536,ck,18,0,21.8095,a8w8_blockscale_1x128x128_256x64x64x256_16x16_32x32_1x1_16x16x1_16x16x1_1x32x1x8_8_1x1_intrawave_v1,697.53,943.59,0.0
256,1594,8192,512,ck,18,0,21.8213,a8w8_blockscale_1x128x128_256x64x64x256_16x16_32x32_1x1_16x16x1_16x16x1_1x32x1x8_8_1x1_intrawave_v1,612.77,1426.43,0.0
256,2217,128,7168,ck,7,0,21.8374,a8w8_blockscale_1x128x128_256x16x128x256_16x16_16x16_1x2_16x16x1_16x16x1_1x16x1x16_8_1x2_intrawave_v1,186.3,795.72,0.0
256,2658,128,7168,ck,7,0,21.8423,a8w8_blockscale_1x128x128_256x16x128x256_16x16_16x16_1x2_16x16x1_16x16x1_1x16x1x16_8_1x2_intrawave_v1,223.3,945.44,0.0
256,2444,128,7168,ck,7,0,21.8443,a8w8_blockscale_1x128x128_256x16x128x256_16x16_16x16_1x2_16x16x1_16x16x1_1x16x1x16_8_1x2_intrawave_v1,205.31,872.62,0.0
256,2415,128,7168,ck,7,0,21.8449,a8w8_blockscale_1x128x128_256x16x128x256_16x16_16x16_1x2_16x16x1_16x16x1_1x16x1x16_8_1x2_intrawave_v1,202.86,862.74,0.0
256,2843,128,7168,ck,7,0,21.8535,a8w8_blockscale_1x128x128_256x16x128x256_16x16_16x16_1x2_16x16x1_16x16x1_1x16x1x16_8_1x2_intrawave_v1,238.72,1007.8,0.0
256,2567,128,7168,ck,7,0,21.8536,a8w8_blockscale_1x128x128_256x16x128x256_16x16_16x16_1x2_16x16x1_16x16x1_1x16x1x16_8_1x2_intrawave_v1,215.55,914.03,0.0
256,2713,128,7168,ck,7,0,21.8676,a8w8_blockscale_1x128x128_256x16x128x256_16x16_16x16_1x2_16x16x1_16x16x1_1x16x1x16_8_1x2_intrawave_v1,227.66,963.01,0.0
256,2841,128,7168,ck,7,0,21.8778,a8w8_blockscale_1x128x128_256x16x128x256_16x16_16x16_1x2_16x16x1_16x16x1_1x16x1x16_8_1x2_intrawave_v1,238.29,1006.0,0.0
256,2378,128,7168,ck,7,0,21.8792,a8w8_blockscale_1x128x128_256x16x128x256_16x16_16x16_1x2_16x16x1_16x16x1_1x16x1x16_8_1x2_intrawave_v1,199.44,848.83,0.0
256,2636,128,7168,ck,7,0,21.9023,a8w8_blockscale_1x128x128_256x16x128x256_16x16_16x16_1x2_16x16x1_16x16x1_1x16x1x16_8_1x2_intrawave_v1,220.85,935.39,0.0
256,2486,128,7168,ck,7,0,21.9116,a8w8_blockscale_1x128x128_256x16x128x256_16x16_16x16_1x2_16x16x1_16x16x1_1x16x1x16_8_1x2_intrawave_v1,208.19,884.17,0.0
256,2570,128,7168,ck,7,0,21.9132,a8w8_blockscale_1x128x128_256x16x128x256_16x16_16x16_1x2_16x16x1_16x16x1_1x16x1x16_8_1x2_intrawave_v1,215.21,912.56,0.0
256,2548,128,7168,ck,7,0,21.9237,a8w8_blockscale_1x128x128_256x16x128x256_16x16_16x16_1x2_16x16x1_16x16x1_1x16x1x16_8_1x2_intrawave_v1,213.27,904.68,0.0
256,224,7168,4096,ck,18,0,21.9269,a8w8_blockscale_1x128x128_256x64x64x256_16x16_32x32_1x1_16x16x1_16x16x1_1x32x1x8_8_1x1_intrawave_v1,599.87,1527.3,0.0
256,2593,128,7168,ck,7,0,21.9344,a8w8_blockscale_1x128x128_256x16x128x256_16x16_16x16_1x2_16x16x1_16x16x1_1x16x1x16_8_1x2_intrawave_v1,216.93,919.47,0.0
256,2757,128,7168,ck,7,0,21.936,a8w8_blockscale_1x128x128_256x16x128x256_16x16_16x16_1x2_16x16x1_16x16x1_1x16x1x16_8_1x2_intrawave_v1,230.63,974.9,0.0
256,2597,128,7168,ck,7,0,21.936,a8w8_blockscale_1x128x128_256x16x128x256_16x16_16x16_1x2_16x16x1_16x16x1_1x16x1x16_8_1x2_intrawave_v1,217.25,920.75,0.0
256,2534,128,7168,ck,7,0,21.955,a8w8_blockscale_1x128x128_256x16x128x256_16x16_16x16_1x2_16x16x1_16x16x1_1x16x1x16_8_1x2_intrawave_v1,211.79,898.65,0.0
256,2794,128,7168,ck,7,0,21.9669,a8w8_blockscale_1x128x128_256x16x128x256_16x16_16x16_1x2_16x16x1_16x16x1_1x16x1x16_8_1x2_intrawave_v1,233.4,986.04,0.0
256,1564,8192,512,ck,18,0,21.9798,a8w8_blockscale_1x128x128_256x64x64x256_16x16_32x32_1x1_16x16x1_16x16x1_1x32x1x8_8_1x1_intrawave_v1,596.9,1393.08,0.0
256,2748,128,7168,ck,7,0,21.984,a8w8_blockscale_1x128x128_256x16x128x256_16x16_16x16_1x2_16x16x1_16x16x1_1x16x1x16_8_1x2_intrawave_v1,229.38,969.74,0.0
256,2734,128,7168,ck,7,0,21.9856,a8w8_blockscale_1x128x128_256x16x128x256_16x16_16x16_1x2_16x16x1_16x16x1_1x16x1x16_8_1x2_intrawave_v1,228.19,964.94,0.0
256,2955,128,7168,ck,7,0,22.0035,a8w8_blockscale_1x128x128_256x16x128x256_16x16_16x16_1x2_16x16x1_16x16x1_1x16x1x16_8_1x2_intrawave_v1,246.44,1038.72,0.0
256,2947,128,7168,ck,7,0,22.0095,a8w8_blockscale_1x128x128_256x16x128x256_16x16_16x16_1x2_16x16x1_16x16x1_1x16x1x16_8_1x2_intrawave_v1,245.7,1035.74,0.0
256,2964,128,7168,ck,7,0,22.0109,a8w8_blockscale_1x128x128_256x16x128x256_16x16_16x16_1x2_16x16x1_16x16x1_1x16x1x16_8_1x2_intrawave_v1,247.1,1041.4,0.0
256,2740,128,7168,ck,7,0,22.0118,a8w8_blockscale_1x128x128_256x16x128x256_16x16_16x16_1x2_16x16x1_16x16x1_1x16x1x16_8_1x2_intrawave_v1,228.42,965.81,0.0
256,2747,128,7168,ck,7,0,22.0329,a8w8_blockscale_1x128x128_256x16x128x256_16x16_16x16_1x2_16x16x1_16x16x1_1x16x1x16_8_1x2_intrawave_v1,228.78,967.25,0.0
256,1654,8192,512,ck,18,0,22.0371,a8w8_blockscale_1x128x128_256x64x64x256_16x16_32x32_1x1_16x16x1_16x16x1_1x32x1x8_8_1x1_intrawave_v1,629.61,1458.46,0.0
256,2876,128,7168,ck,7,0,22.0384,a8w8_blockscale_1x128x128_256x16x128x256_16x16_16x16_1x2_16x16x1_16x16x1_1x16x1x16_8_1x2_intrawave_v1,239.47,1010.46,0.0
256,2889,128,7168,ck,7,0,22.042,a8w8_blockscale_1x128x128_256x16x128x256_16x16_16x16_1x2_16x16x1_16x16x1_1x16x1x16_8_1x2_intrawave_v1,240.51,1014.67,0.0
256,1590,8192,512,ck,18,0,22.0439,a8w8_blockscale_1x128x128_256x64x64x256_16x16_32x32_1x1_16x16x1_16x16x1_1x32x1x8_8_1x1_intrawave_v1,605.06,1408.96,0.0
256,2729,128,7168,ck,7,0,22.0464,a8w8_blockscale_1x128x128_256x16x128x256_16x16_16x16_1x2_16x16x1_16x16x1_1x16x1x16_8_1x2_intrawave_v1,227.15,960.59,0.0
256,2594,128,7168,ck,7,0,22.0543,a8w8_blockscale_1x128x128_256x16x128x256_16x16_16x16_1x2_16x16x1_16x16x1_1x16x1x16_8_1x2_intrawave_v1,215.83,914.8,0.0
256,1627,8192,512,ck,18,0,22.0566,a8w8_blockscale_1x128x128_256x64x64x256_16x16_32x32_1x1_16x16x1_16x16x1_1x32x1x8_8_1x1_intrawave_v1,618.78,1436.49,0.0
256,3000,128,7168,ck,7,0,22.0648,a8w8_blockscale_1x128x128_256x16x128x256_16x16_16x16_1x2_16x16x1_16x16x1_1x16x1x16_8_1x2_intrawave_v1,249.49,1050.97,0.0
256,1546,8192,512,ck,18,0,22.0655,a8w8_blockscale_1x128x128_256x64x64x256_16x16_32x32_1x1_16x16x1_16x16x1_1x32x1x8_8_1x1_intrawave_v1,587.74,1373.89,0.0
256,3004,128,7168,ck,7,0,22.0696,a8w8_blockscale_1x128x128_256x16x128x256_16x16_16x16_1x2_16x16x1_16x16x1_1x16x1x16_8_1x2_intrawave_v1,249.77,1052.09,0.0
256,2946,128,7168,ck,7,0,22.0788,a8w8_blockscale_1x128x128_256x16x128x256_16x16_16x16_1x2_16x16x1_16x16x1_1x16x1x16_8_1x2_intrawave_v1,244.85,1032.15,0.0
256,2918,128,7168,ck,7,0,22.0852,a8w8_blockscale_1x128x128_256x16x128x256_16x16_16x16_1x2_16x16x1_16x16x1_1x16x1x16_8_1x2_intrawave_v1,242.45,1022.44,0.0
256,1615,8192,512,ck,18,0,22.0856,a8w8_blockscale_1x128x128_256x64x64x256_16x16_32x32_1x1_16x16x1_16x16x1_1x32x1x8_8_1x1_intrawave_v1,613.41,1425.42,0.0
256,1632,8192,512,ck,18,0,22.0945,a8w8_blockscale_1x128x128_256x64x64x256_16x16_32x32_1x1_16x16x1_16x16x1_1x32x1x8_8_1x1_intrawave_v1,619.62,1437.85,0.0
256,2952,128,7168,ck,7,0,22.1161,a8w8_blockscale_1x128x128_256x16x128x256_16x16_16x16_1x2_16x16x1_16x16x1_1x16x1x16_8_1x2_intrawave_v1,244.93,1032.42,0.0
256,1553,8192,512,ck,18,0,22.124,a8w8_blockscale_1x128x128_256x64x64x256_16x16_32x32_1x1_16x16x1_16x16x1_1x32x1x8_8_1x1_intrawave_v1,588.84,1375.6,0.0
256,2861,128,7168,ck,7,0,22.1388,a8w8_blockscale_1x128x128_256x16x128x256_16x16_16x16_1x2_16x16x1_16x16x1_1x16x1x16_8_1x2_intrawave_v1,237.14,1000.85,0.0
256,1572,8192,512,ck,18,0,22.1467,a8w8_blockscale_1x128x128_256x64x64x256_16x16_32x32_1x1_16x16x1_16x16x1_1x32x1x8_8_1x1_intrawave_v1,595.43,1388.69,0.0
256,1599,8192,512,ck,18,0,22.1592,a8w8_blockscale_1x128x128_256x64x64x256_16x16_32x32_1x1_16x16x1_16x16x1_1x32x1x8_8_1x1_intrawave_v1,605.32,1408.49,0.0
256,3019,128,7168,ck,7,0,22.1706,a8w8_blockscale_1x128x128_256x16x128x256_16x16_16x16_1x2_16x16x1_16x16x1_1x16x1x16_8_1x2_intrawave_v1,249.88,1052.32,0.0
256,1561,8192,512,ck,18,0,22.171,a8w8_blockscale_1x128x128_256x64x64x256_16x16_32x32_1x1_16x16x1_16x16x1_1x32x1x8_8_1x1_intrawave_v1,590.62,1378.78,0.0
256,1606,8192,512,ck,18,0,22.1719,a8w8_blockscale_1x128x128_256x64x64x256_16x16_32x32_1x1_16x16x1_16x16x1_1x32x1x8_8_1x1_intrawave_v1,607.62,1413.02,0.0
256,1580,8192,512,ck,18,0,22.1721,a8w8_blockscale_1x128x128_256x64x64x256_16x16_32x32_1x1_16x16x1_16x16x1_1x32x1x8_8_1x1_intrawave_v1,597.78,1393.19,0.0
256,1571,8192,512,ck,18,0,22.1773,a8w8_blockscale_1x128x128_256x64x64x256_16x16_32x32_1x1_16x16x1_16x16x1_1x32x1x8_8_1x1_intrawave_v1,594.23,1386.01,0.0
256,1636,8192,512,ck,18,0,22.2026,a8w8_blockscale_1x128x128_256x64x64x256_16x16_32x32_1x1_16x16x1_16x16x1_1x32x1x8_8_1x1_intrawave_v1,618.12,1433.89,0.0
256,1601,8192,512,ck,18,0,22.2076,a8w8_blockscale_1x128x128_256x64x64x256_16x16_32x32_1x1_16x16x1_16x16x1_1x32x1x8_8_1x1_intrawave_v1,604.76,1406.94,0.0
256,232,7168,4096,ck,18,0,22.2182,a8w8_blockscale_1x128x128_256x64x64x256_16x16_32x32_1x1_16x16x1_16x16x1_1x32x1x8_8_1x1_intrawave_v1,613.15,1513.91,0.0
256,3005,128,7168,ck,7,0,22.2184,a8w8_blockscale_1x128x128_256x16x128x256_16x16_16x16_1x2_16x16x1_16x16x1_1x16x1x16_8_1x2_intrawave_v1,248.18,1045.38,0.0
256,1538,8192,512,ck,18,0,22.222,a8w8_blockscale_1x128x128_256x64x64x256_16x16_32x32_1x1_16x16x1_16x16x1_1x32x1x8_8_1x1_intrawave_v1,580.58,1358.13,0.0
256,1545,8192,512,ck,18,0,22.2283,a8w8_blockscale_1x128x128_256x64x64x256_16x16_32x32_1x1_16x16x1_16x16x1_1x32x1x8_8_1x1_intrawave_v1,583.06,1363.07,0.0
256,1591,8192,512,ck,18,0,22.2344,a8w8_blockscale_1x128x128_256x64x64x256_16x16_32x32_1x1_16x16x1_16x16x1_1x32x1x8_8_1x1_intrawave_v1,600.25,1397.65,0.0
256,1567,8192,512,ck,18,0,22.2365,a8w8_blockscale_1x128x128_256x64x64x256_16x16_32x32_1x1_16x16x1_16x16x1_1x32x1x8_8_1x1_intrawave_v1,591.14,1379.28,0.0
256,1570,8192,512,ck,18,0,22.2388,a8w8_blockscale_1x128x128_256x64x64x256_16x16_32x32_1x1_16x16x1_16x16x1_1x32x1x8_8_1x1_intrawave_v1,592.21,1381.42,0.0
256,1598,8192,512,ck,18,0,22.2453,a8w8_blockscale_1x128x128_256x64x64x256_16x16_32x32_1x1_16x16x1_16x16x1_1x32x1x8_8_1x1_intrawave_v1,602.6,1402.28,0.0
256,1589,8192,512,ck,18,0,22.2476,a8w8_blockscale_1x128x128_256x64x64x256_16x16_32x32_1x1_16x16x1_16x16x1_1x32x1x8_8_1x1_intrawave_v1,599.14,1395.3,0.0
256,1573,8192,512,ck,18,0,22.2497,a8w8_blockscale_1x128x128_256x64x64x256_16x16_32x32_1x1_16x16x1_16x16x1_1x32x1x8_8_1x1_intrawave_v1,593.05,1383.02,0.0
256,1562,8192,512,ck,18,0,22.2551,a8w8_blockscale_1x128x128_256x64x64x256_16x16_32x32_1x1_16x16x1_16x16x1_1x32x1x8_8_1x1_intrawave_v1,588.76,1374.33,0.0
256,1549,8192,512,ck,18,0,22.314,a8w8_blockscale_1x128x128_256x64x64x256_16x16_32x32_1x1_16x16x1_16x16x1_1x32x1x8_8_1x1_intrawave_v1,582.32,1360.86,0.0
256,1543,8192,512,ck,18,0,22.3468,a8w8_blockscale_1x128x128_256x64x64x256_16x16_32x32_1x1_16x16x1_16x16x1_1x32x1x8_8_1x1_intrawave_v1,579.22,1354.33,0.0
256,3258,128,7168,ck,7,0,22.3628,a8w8_blockscale_1x128x128_256x16x128x256_16x16_16x16_1x2_16x16x1_16x16x1_1x16x1x16_8_1x2_intrawave_v1,267.34,1122.62,0.0
256,1626,8192,512,ck,18,0,22.3755,a8w8_blockscale_1x128x128_256x64x64x256_16x16_32x32_1x1_16x16x1_16x16x1_1x32x1x8_8_1x1_intrawave_v1,609.59,1415.26,0.0
256,1541,8192,512,ck,18,0,22.39,a8w8_blockscale_1x128x128_256x64x64x256_16x16_32x32_1x1_16x16x1_16x16x1_1x32x1x8_8_1x1_intrawave_v1,577.35,1350.2,0.0
256,1568,8192,512,ck,18,0,22.3956,a8w8_blockscale_1x128x128_256x64x64x256_16x16_32x32_1x1_16x16x1_16x16x1_1x32x1x8_8_1x1_intrawave_v1,587.32,1370.23,0.0
256,184,7168,4096,ck,18,0,22.4018,a8w8_blockscale_1x128x128_256x64x64x256_16x16_32x32_1x1_16x16x1_16x16x1_1x32x1x8_8_1x1_intrawave_v1,482.31,1462.01,0.0
256,16,9216,7168,ck,8,0,22.403,a8w8_blockscale_1x128x128_256x16x64x256_16x16_16x16_1x1_16x16x1_16x16x1_1x16x1x16_4_1x1_intrawave_v1,94.36,2967.01,0.0
256,1554,8192,512,ck,18,0,22.4092,a8w8_blockscale_1x128x128_256x64x64x256_16x16_32x32_1x1_16x16x1_16x16x1_1x32x1x8_8_1x1_intrawave_v1,581.72,1358.85,0.0
256,1660,8192,512,ck,18,0,22.4104,a8w8_blockscale_1x128x128_256x64x64x256_16x16_32x32_1x1_16x16x1_16x16x1_1x32x1x8_8_1x1_intrawave_v1,621.37,1438.69,0.0
256,3632,128,7168,ck,7,0,22.4524,a8w8_blockscale_1x128x128_256x16x128x256_16x16_16x16_1x2_16x16x1_16x16x1_1x16x1x16_8_1x2_intrawave_v1,296.84,1241.8,0.0
256,1648,8192,512,ck,18,0,22.4548,a8w8_blockscale_1x128x128_256x64x64x256_16x16_32x32_1x1_16x16x1_16x16x1_1x32x1x8_8_1x1_intrawave_v1,615.66,1426.82,0.0
256,3840,128,7168,ck,7,0,22.4731,a8w8_blockscale_1x128x128_256x16x128x256_16x16_16x16_1x2_16x16x1_16x16x1_1x16x1x16_8_1x2_intrawave_v1,313.55,1309.37,0.0
256,1609,8192,512,ck,18,0,22.4748,a8w8_blockscale_1x128x128_256x64x64x256_16x16_32x32_1x1_16x16x1_16x16x1_1x32x1x8_8_1x1_intrawave_v1,600.55,1396.23,0.0
256,1608,8192,512,ck,18,0,22.4848,a8w8_blockscale_1x128x128_256x64x64x256_16x16_32x32_1x1_16x16x1_16x16x1_1x32x1x8_8_1x1_intrawave_v1,599.91,1394.86,0.0
256,1563,8192,512,ck,18,0,22.4988,a8w8_blockscale_1x128x128_256x64x64x256_16x16_32x32_1x1_16x16x1_16x16x1_1x32x1x8_8_1x1_intrawave_v1,582.76,1360.19,0.0
256,1611,8192,512,ck,18,0,22.5172,a8w8_blockscale_1x128x128_256x64x64x256_16x16_32x32_1x1_16x16x1_16x16x1_1x32x1x8_8_1x1_intrawave_v1,600.17,1395.1,0.0
256,3587,128,7168,ck,7,0,22.5219,a8w8_blockscale_1x128x128_256x16x128x256_16x16_16x16_1x2_16x16x1_16x16x1_1x16x1x16_8_1x2_intrawave_v1,292.26,1223.14,0.0
256,1647,8192,512,ck,18,0,22.5253,a8w8_blockscale_1x128x128_256x64x64x256_16x16_32x32_1x1_16x16x1_16x16x1_1x32x1x8_8_1x1_intrawave_v1,613.36,1421.6,0.0
256,1,9216,7168,ck,8,0,22.5311,a8w8_blockscale_1x128x128_256x16x64x256_16x16_16x16_1x1_16x16x1_16x16x1_1x16x1x16_4_1x1_intrawave_v1,5.86,2933.1,0.0
256,1640,8192,512,ck,18,0,22.5324,a8w8_blockscale_1x128x128_256x64x64x256_16x16_32x32_1x1_16x16x1_16x16x1_1x32x1x8_8_1x1_intrawave_v1,610.56,1415.91,0.0
256,1631,8192,512,ck,18,0,22.5448,a8w8_blockscale_1x128x128_256x64x64x256_16x16_32x32_1x1_16x16x1_16x16x1_1x32x1x8_8_1x1_intrawave_v1,606.87,1408.38,0.0
256,240,7168,4096,ck,18,0,22.5571,a8w8_blockscale_1x128x128_256x64x64x256_16x16_32x32_1x1_16x16x1_16x16x1_1x32x1x8_8_1x1_intrawave_v1,624.76,1497.7,0.0
256,2,9216,7168,ck,8,0,22.5606,a8w8_blockscale_1x128x128_256x16x64x256_16x16_16x16_1x1_16x16x1_16x16x1_1x16x1x16_4_1x1_intrawave_v1,11.71,2930.4,0.0
256,1646,8192,512,ck,18,0,22.568,a8w8_blockscale_1x128x128_256x64x64x256_16x16_32x32_1x1_16x16x1_16x16x1_1x32x1x8_8_1x1_intrawave_v1,611.82,1418.16,0.0
256,3620,128,7168,ck,7,0,22.5757,a8w8_blockscale_1x128x128_256x16x128x256_16x16_16x16_1x2_16x16x1_16x16x1_1x16x1x16_8_1x2_intrawave_v1,294.24,1231.08,0.0
256,1607,8192,512,ck,18,0,22.5772,a8w8_blockscale_1x128x128_256x64x64x256_16x16_32x32_1x1_16x16x1_16x16x1_1x32x1x8_8_1x1_intrawave_v1,597.08,1388.4,0.0
256,3451,128,7168,ck,7,0,22.5909,a8w8_blockscale_1x128x128_256x16x128x256_16x16_16x16_1x2_16x16x1_16x16x1_1x16x1x16_8_1x2_intrawave_v1,280.32,1174.71,0.0
256,8,9216,7168,ck,8,0,22.5941,a8w8_blockscale_1x128x128_256x16x64x256_16x16_16x16_1x1_16x16x1_16x16x1_1x16x1x16_4_1x1_intrawave_v1,46.78,2932.85,0.0
256,3617,128,7168,ck,7,0,22.6041,a8w8_blockscale_1x128x128_256x16x128x256_16x16_16x16_1x2_16x16x1_16x16x1_1x16x1x16_8_1x2_intrawave_v1,293.63,1228.54,0.0
256,3824,128,7168,ck,7,0,22.6106,a8w8_blockscale_1x128x128_256x16x128x256_16x16_16x16_1x2_16x16x1_16x16x1_1x16x1x16_8_1x2_intrawave_v1,310.34,1296.16,0.0
256,3831,128,7168,ck,7,0,22.6164,a8w8_blockscale_1x128x128_256x16x128x256_16x16_16x16_1x2_16x16x1_16x16x1_1x16x1x16_8_1x2_intrawave_v1,310.83,1298.12,0.0
256,4,9216,7168,ck,8,0,22.6214,a8w8_blockscale_1x128x128_256x16x64x256_16x16_16x16_1x1_16x16x1_16x16x1_1x16x1x16_4_1x1_intrawave_v1,23.36,2924.78,0.0
256,4000,128,7168,ck,7,0,22.6338,a8w8_blockscale_1x128x128_256x16x128x256_16x16_16x16_1x2_16x16x1_16x16x1_1x16x1x16_8_1x2_intrawave_v1,324.3,1352.56,0.0
256,1652,8192,512,ck,18,0,22.6509,a8w8_blockscale_1x128x128_256x64x64x256_16x16_32x32_1x1_16x16x1_16x16x1_1x32x1x8_8_1x1_intrawave_v1,611.81,1417.45,0.0
256,1655,8192,512,ck,18,0,22.6572,a8w8_blockscale_1x128x128_256x64x64x256_16x16_32x32_1x1_16x16x1_16x16x1_1x32x1x8_8_1x1_intrawave_v1,612.75,1419.29,0.0
256,1613,8192,512,ck,18,0,22.6696,a8w8_blockscale_1x128x128_256x64x64x256_16x16_32x32_1x1_16x16x1_16x16x1_1x32x1x8_8_1x1_intrawave_v1,596.87,1387.21,0.0
256,192,7168,4096,ck,18,0,22.6723,a8w8_blockscale_1x128x128_256x64x64x256_16x16_32x32_1x1_16x16x1_16x16x1_1x32x1x8_8_1x1_intrawave_v1,497.27,1451.07,0.0
256,1653,8192,512,ck,18,0,22.673,a8w8_blockscale_1x128x128_256x64x64x256_16x16_32x32_1x1_16x16x1_16x16x1_1x32x1x8_8_1x1_intrawave_v1,611.58,1416.81,0.0
256,1658,8192,512,ck,18,0,22.6832,a8w8_blockscale_1x128x128_256x64x64x256_16x16_32x32_1x1_16x16x1_16x16x1_1x32x1x8_8_1x1_intrawave_v1,613.15,1419.9,0.0
256,1649,8192,512,ck,18,0,22.6992,a8w8_blockscale_1x128x128_256x64x64x256_16x16_32x32_1x1_16x16x1_16x16x1_1x32x1x8_8_1x1_intrawave_v1,609.4,1412.2,0.0
256,3655,128,7168,ck,7,0,22.7267,a8w8_blockscale_1x128x128_256x16x128x256_16x16_16x16_1x2_16x16x1_16x16x1_1x16x1x16_8_1x2_intrawave_v1,295.11,1234.33,0.0
256,136,7168,4608,ck,18,0,22.745,a8w8_blockscale_1x128x128_256x64x64x256_16x16_32x32_1x1_16x16x1_16x16x1_1x32x1x8_8_1x1_intrawave_v1,395.0,1565.47,0.0
256,3749,128,7168,ck,7,0,22.758,a8w8_blockscale_1x128x128_256x16x128x256_16x16_16x16_1x2_16x16x1_16x16x1_1x16x1x16_8_1x2_intrawave_v1,302.29,1263.3,0.0
256,4002,128,7168,ck,7,0,22.7781,a8w8_blockscale_1x128x128_256x16x128x256_16x16_16x16_1x2_16x16x1_16x16x1_1x16x1x16_8_1x2_intrawave_v1,322.4,1344.64,0.0
256,200,7168,4608,ck,18,0,22.7803,a8w8_blockscale_1x128x128_256x64x64x256_16x16_32x32_1x1_16x16x1_16x16x1_1x32x1x8_8_1x1_intrawave_v1,579.98,1616.26,0.0
256,1659,8192,512,ck,18,0,22.8176,a8w8_blockscale_1x128x128_256x64x64x256_16x16_32x32_1x1_16x16x1_16x16x1_1x32x1x8_8_1x1_intrawave_v1,609.91,1412.28,0.0
256,3894,128,7168,ck,7,0,22.819,a8w8_blockscale_1x128x128_256x16x128x256_16x16_16x16_1x2_16x16x1_16x16x1_1x16x1x16_8_1x2_intrawave_v1,313.14,1307.09,0.0
256,144,7168,4608,ck,18,0,22.8328,a8w8_blockscale_1x128x128_256x64x64x256_16x16_32x32_1x1_16x16x1_16x16x1_1x32x1x8_8_1x1_intrawave_v1,416.62,1566.08,0.0
256,3971,128,7168,ck,7,0,22.8352,a8w8_blockscale_1x128x128_256x16x128x256_16x16_16x16_1x2_16x16x1_16x16x1_1x16x1x16_8_1x2_intrawave_v1,319.1,1331.2,0.0
256,3925,128,7168,ck,7,0,22.9206,a8w8_blockscale_1x128x128_256x16x128x256_16x16_16x16_1x2_16x16x1_16x16x1_1x16x1x16_8_1x2_intrawave_v1,314.23,1311.34,0.0
256,248,7168,4096,ck,18,0,22.945,a8w8_blockscale_1x128x128_256x64x64x256_16x16_32x32_1x1_16x16x1_16x16x1_1x32x1x8_8_1x1_intrawave_v1,634.68,1478.81,0.0
256,152,7168,4608,ck,18,0,22.9751,a8w8_blockscale_1x128x128_256x64x64x256_16x16_32x32_1x1_16x16x1_16x16x1_1x32x1x8_8_1x1_intrawave_v1,437.05,1562.98,0.0
256,4050,128,7168,ck,7,0,22.9877,a8w8_blockscale_1x128x128_256x16x128x256_16x16_16x16_1x2_16x16x1_16x16x1_1x16x1x16_8_1x2_intrawave_v1,323.29,1347.88,0.0
256,1664,8192,512,ck,18,0,23.0137,a8w8_blockscale_1x128x128_256x64x64x256_16x16_32x32_1x1_16x16x1_16x16x1_1x32x1x8_8_1x1_intrawave_v1,606.54,1403.91,0.0
256,4046,128,7168,ck,7,0,23.0582,a8w8_blockscale_1x128x128_256x16x128x256_16x16_16x16_1x2_16x16x1_16x16x1_1x16x1x16_8_1x2_intrawave_v1,321.99,1342.47,0.0
256,1721,8192,512,ck,18,0,23.0798,a8w8_blockscale_1x128x128_256x64x64x256_16x16_32x32_1x1_16x16x1_16x16x1_1x32x1x8_8_1x1_intrawave_v1,625.52,1441.62,0.0
256,1709,8192,512,ck,18,0,23.1386,a8w8_blockscale_1x128x128_256x64x64x256_16x16_32x32_1x1_16x16x1_16x16x1_1x32x1x8_8_1x1_intrawave_v1,619.58,1429.19,0.0
256,168,7168,4608,ck,18,0,23.1605,a8w8_blockscale_1x128x128_256x64x64x256_16x16_32x32_1x1_16x16x1_16x16x1_1x32x1x8_8_1x1_intrawave_v1,479.18,1563.56,0.0
256,160,7168,4608,ck,18,0,23.1614,a8w8_blockscale_1x128x128_256x64x64x256_16x16_32x32_1x1_16x16x1_16x16x1_1x32x1x8_8_1x1_intrawave_v1,456.35,1556.95,0.0
256,1667,8192,512,ck,18,0,23.2127,a8w8_blockscale_1x128x128_256x64x64x256_16x16_32x32_1x1_16x16x1_16x16x1_1x32x1x8_8_1x1_intrawave_v1,602.42,1394.06,0.0
256,1680,8192,512,ck,18,0,23.246,a8w8_blockscale_1x128x128_256x64x64x256_16x16_32x32_1x1_16x16x1_16x16x1_1x32x1x8_8_1x1_intrawave_v1,606.25,1401.51,0.0
256,256,7168,4096,ck,18,0,23.2642,a8w8_blockscale_1x128x128_256x64x64x256_16x16_32x32_1x1_16x16x1_16x16x1_1x32x1x8_8_1x1_intrawave_v1,646.16,1464.86,0.0
256,1690,8192,512,ck,18,0,23.2938,a8w8_blockscale_1x128x128_256x64x64x256_16x16_32x32_1x1_16x16x1_16x16x1_1x32x1x8_8_1x1_intrawave_v1,608.61,1405.89,0.0
256,1714,8192,512,ck,18,0,23.2964,a8w8_blockscale_1x128x128_256x64x64x256_16x16_32x32_1x1_16x16x1_16x16x1_1x32x1x8_8_1x1_intrawave_v1,617.18,1423.14,0.0
256,1675,8192,512,ck,18,0,23.307,a8w8_blockscale_1x128x128_256x64x64x256_16x16_32x32_1x1_16x16x1_16x16x1_1x32x1x8_8_1x1_intrawave_v1,602.86,1394.22,0.0
256,216,7168,4608,ck,18,0,23.318,a8w8_blockscale_1x128x128_256x64x64x256_16x16_32x32_1x1_16x16x1_16x16x1_1x32x1x8_8_1x1_intrawave_v1,611.93,1591.99,0.0
256,1711,8192,512,ck,18,0,23.3508,a8w8_blockscale_1x128x128_256x64x64x256_16x16_32x32_1x1_16x16x1_16x16x1_1x32x1x8_8_1x1_intrawave_v1,614.66,1417.65,0.0
256,1692,8192,512,ck,18,0,23.358,a8w8_blockscale_1x128x128_256x64x64x256_16x16_32x32_1x1_16x16x1_16x16x1_1x32x1x8_8_1x1_intrawave_v1,607.65,1403.47,0.0
256,176,7168,4608,ck,18,0,23.361,a8w8_blockscale_1x128x128_256x64x64x256_16x16_32x32_1x1_16x16x1_16x16x1_1x32x1x8_8_1x1_intrawave_v1,497.69,1556.62,0.0
256,1716,8192,512,ck,18,0,23.3639,a8w8_blockscale_1x128x128_256x64x64x256_16x16_32x32_1x1_16x16x1_16x16x1_1x32x1x8_8_1x1_intrawave_v1,616.12,1420.48,0.0
256,1706,8192,512,ck,18,0,23.3682,a8w8_blockscale_1x128x128_256x64x64x256_16x16_32x32_1x1_16x16x1_16x16x1_1x32x1x8_8_1x1_intrawave_v1,612.41,1412.98,0.0
256,1735,8192,512,ck,18,0,23.3739,a8w8_blockscale_1x128x128_256x64x64x256_16x16_32x32_1x1_16x16x1_16x16x1_1x32x1x8_8_1x1_intrawave_v1,622.67,1433.6,0.0
256,1739,8192,512,ck,18,0,23.3862,a8w8_blockscale_1x128x128_256x64x64x256_16x16_32x32_1x1_16x16x1_16x16x1_1x32x1x8_8_1x1_intrawave_v1,623.78,1435.74,0.0
256,1783,8192,512,ck,18,0,23.3879,a8w8_blockscale_1x128x128_256x64x64x256_16x16_32x32_1x1_16x16x1_16x16x1_1x32x1x8_8_1x1_intrawave_v1,639.51,1467.42,0.0
256,1694,8192,512,ck,18,0,23.3925,a8w8_blockscale_1x128x128_256x64x64x256_16x16_32x32_1x1_16x16x1_16x16x1_1x32x1x8_8_1x1_intrawave_v1,607.47,1402.85,0.0
256,1703,8192,512,ck,18,0,23.4096,a8w8_blockscale_1x128x128_256x64x64x256_16x16_32x32_1x1_16x16x1_16x16x1_1x32x1x8_8_1x1_intrawave_v1,610.25,1408.32,0.0
256,1697,8192,512,ck,18,0,23.4109,a8w8_blockscale_1x128x128_256x64x64x256_16x16_32x32_1x1_16x16x1_16x16x1_1x32x1x8_8_1x1_intrawave_v1,608.07,1403.91,0.0
256,1726,8192,512,ck,18,0,23.4111,a8w8_blockscale_1x128x128_256x64x64x256_16x16_32x32_1x1_16x16x1_16x16x1_1x32x1x8_8_1x1_intrawave_v1,618.46,1424.83,0.0
256,4123,128,7168,ck,18,0,23.4177,a8w8_blockscale_1x128x128_256x64x64x256_16x16_32x32_1x1_16x16x1_16x16x1_1x32x1x8_8_1x1_intrawave_v1,323.08,1346.27,0.0
256,1722,8192,512,ck,18,0,23.4261,a8w8_blockscale_1x128x128_256x64x64x256_16x16_32x32_1x1_16x16x1_16x16x1_1x32x1x8_8_1x1_intrawave_v1,616.63,1421.03,0.0
256,208,7168,4608,ck,18,0,23.4274,a8w8_blockscale_1x128x128_256x64x64x256_16x16_32x32_1x1_16x16x1_16x16x1_1x32x1x8_8_1x1_intrawave_v1,586.52,1578.09,0.0
256,1743,8192,512,ck,18,0,23.4552,a8w8_blockscale_1x128x128_256x64x64x256_16x16_32x32_1x1_16x16x1_16x16x1_1x32x1x8_8_1x1_intrawave_v1,623.37,1434.4,0.0
256,1719,8192,512,ck,18,0,23.4641,a8w8_blockscale_1x128x128_256x64x64x256_16x16_32x32_1x1_16x16x1_16x16x1_1x32x1x8_8_1x1_intrawave_v1,614.56,1416.57,0.0
256,5440,128,7168,ck,18,0,23.4678,a8w8_blockscale_1x128x128_256x64x64x256_16x16_32x32_1x1_16x16x1_16x16x1_1x32x1x8_8_1x1_intrawave_v1,425.37,1760.03,0.0
256,4294,128,7168,ck,18,0,23.4828,a8w8_blockscale_1x128x128_256x64x64x256_16x16_32x32_1x1_16x16x1_16x16x1_1x32x1x8_8_1x1_intrawave_v1,335.54,1396.6,0.0
256,4522,128,7168,ck,18,0,23.4893,a8w8_blockscale_1x128x128_256x64x64x256_16x16_32x32_1x1_16x16x1_16x16x1_1x32x1x8_8_1x1_intrawave_v1,353.26,1468.28,0.0
256,4180,128,7168,ck,18,0,23.4988,a8w8_blockscale_1x128x128_256x64x64x256_16x16_32x32_1x1_16x16x1_16x16x1_1x32x1x8_8_1x1_intrawave_v1,326.41,1359.64,0.0
256,1701,8192,512,ck,18,0,23.5019,a8w8_blockscale_1x128x128_256x64x64x256_16x16_32x32_1x1_16x16x1_16x16x1_1x32x1x8_8_1x1_intrawave_v1,607.14,1401.35,0.0
256,1752,8192,512,ck,18,0,23.5048,a8w8_blockscale_1x128x128_256x64x64x256_16x16_32x32_1x1_16x16x1_16x16x1_1x32x1x8_8_1x1_intrawave_v1,625.27,1437.84,0.0
256,4507,128,7168,ck,18,0,23.5333,a8w8_blockscale_1x128x128_256x64x64x256_16x16_32x32_1x1_16x16x1_16x16x1_1x32x1x8_8_1x1_intrawave_v1,351.43,1460.8,0.0
256,4598,128,7168,ck,18,0,23.544,a8w8_blockscale_1x128x128_256x64x64x256_16x16_32x32_1x1_16x16x1_16x16x1_1x32x1x8_8_1x1_intrawave_v1,358.37,1488.83,0.0
256,4176,128,7168,ck,18,0,23.5449,a8w8_blockscale_1x128x128_256x64x64x256_16x16_32x32_1x1_16x16x1_16x16x1_1x32x1x8_8_1x1_intrawave_v1,325.46,1355.71,0.0
256,1738,8192,512,ck,18,0,23.5459,a8w8_blockscale_1x128x128_256x64x64x256_16x16_32x32_1x1_16x16x1_16x16x1_1x32x1x8_8_1x1_intrawave_v1,619.19,1425.28,0.0
256,4504,128,7168,ck,18,0,23.5655,a8w8_blockscale_1x128x128_256x64x64x256_16x16_32x32_1x1_16x16x1_16x16x1_1x32x1x8_8_1x1_intrawave_v1,350.72,1457.86,0.0
256,1693,8192,512,ck,18,0,23.5661,a8w8_blockscale_1x128x128_256x64x64x256_16x16_32x32_1x1_16x16x1_16x16x1_1x32x1x8_8_1x1_intrawave_v1,602.64,1391.8,0.0
256,1698,8192,512,ck,18,0,23.5689,a8w8_blockscale_1x128x128_256x64x64x256_16x16_32x32_1x1_16x16x1_16x16x1_1x32x1x8_8_1x1_intrawave_v1,604.35,1395.22,0.0
256,1677,8192,512,ck,18,0,23.6122,a8w8_blockscale_1x128x128_256x64x64x256_16x16_32x32_1x1_16x16x1_16x16x1_1x32x1x8_8_1x1_intrawave_v1,595.78,1377.63,0.0
256,1695,8192,512,ck,18,0,23.6178,a8w8_blockscale_1x128x128_256x64x64x256_16x16_32x32_1x1_16x16x1_16x16x1_1x32x1x8_8_1x1_intrawave_v1,602.03,1390.18,0.0
256,1731,8192,512,ck,18,0,23.6204,a8w8_blockscale_1x128x128_256x64x64x256_16x16_32x32_1x1_16x16x1_16x16x1_1x32x1x8_8_1x1_intrawave_v1,614.75,1415.78,0.0
256,1733,8192,512,ck,18,0,23.6212,a8w8_blockscale_1x128x128_256x64x64x256_16x16_32x32_1x1_16x16x1_16x16x1_1x32x1x8_8_1x1_intrawave_v1,615.44,1417.16,0.0
256,24,9216,7168,ck,18,0,23.6214,a8w8_blockscale_1x128x128_256x64x64x256_16x16_32x32_1x1_16x16x1_16x16x1_1x32x1x8_8_1x1_intrawave_v1,134.24,2822.64,0.0
256,1782,8192,512,ck,18,0,23.6355,a8w8_blockscale_1x128x128_256x64x64x256_16x16_32x32_1x1_16x16x1_16x16x1_1x32x1x8_8_1x1_intrawave_v1,632.46,1451.33,0.0
256,1727,8192,512,ck,18,0,23.6469,a8w8_blockscale_1x128x128_256x64x64x256_16x16_32x32_1x1_16x16x1_16x16x1_1x32x1x8_8_1x1_intrawave_v1,612.64,1411.33,0.0
256,224,7168,4608,ck,18,0,23.6669,a8w8_blockscale_1x128x128_256x64x64x256_16x16_32x32_1x1_16x16x1_16x16x1_1x32x1x8_8_1x1_intrawave_v1,625.24,1574.93,0.0
256,1753,8192,512,ck,18,0,23.6683,a8w8_blockscale_1x128x128_256x64x64x256_16x16_32x32_1x1_16x16x1_16x16x1_1x32x1x8_8_1x1_intrawave_v1,621.3,1428.62,0.0
256,1688,8192,512,ck,18,0,23.6757,a8w8_blockscale_1x128x128_256x64x64x256_16x16_32x32_1x1_16x16x1_16x16x1_1x32x1x8_8_1x1_intrawave_v1,598.08,1381.79,0.0
256,32,9216,7168,ck,18,0,23.6771,a8w8_blockscale_1x128x128_256x64x64x256_16x16_32x32_1x1_16x16x1_16x16x1_1x32x1x8_8_1x1_intrawave_v1,178.56,2824.65,0.0
256,5018,128,7168,ck,18,0,23.681,a8w8_blockscale_1x128x128_256x64x64x256_16x16_32x32_1x1_16x16x1_16x16x1_1x32x1x8_8_1x1_intrawave_v1,388.84,1611.89,0.0
256,1749,8192,512,ck,18,0,23.6833,a8w8_blockscale_1x128x128_256x64x64x256_16x16_32x32_1x1_16x16x1_16x16x1_1x32x1x8_8_1x1_intrawave_v1,619.49,1424.86,0.0
256,1689,8192,512,ck,18,0,23.6837,a8w8_blockscale_1x128x128_256x64x64x256_16x16_32x32_1x1_16x16x1_16x16x1_1x32x1x8_8_1x1_intrawave_v1,598.23,1382.03,0.0
256,1702,8192,512,ck,18,0,23.6841,a8w8_blockscale_1x128x128_256x64x64x256_16x16_32x32_1x1_16x16x1_16x16x1_1x32x1x8_8_1x1_intrawave_v1,602.83,1391.28,0.0
256,240,7168,4608,ck,18,0,23.7008,a8w8_blockscale_1x128x128_256x64x64x256_16x16_32x32_1x1_16x16x1_16x16x1_1x32x1x8_8_1x1_intrawave_v1,668.94,1585.46,0.0
256,4898,128,7168,ck,18,0,23.7065,a8w8_blockscale_1x128x128_256x64x64x256_16x16_32x32_1x1_16x16x1_16x16x1_1x32x1x8_8_1x1_intrawave_v1,379.13,1572.58,0.0
256,5002,128,7168,ck,18,0,23.7098,a8w8_blockscale_1x128x128_256x64x64x256_16x16_32x32_1x1_16x16x1_16x16x1_1x32x1x8_8_1x1_intrawave_v1,387.13,1604.92,0.0
256,184,7168,4608,ck,18,0,23.7109,a8w8_blockscale_1x128x128_256x64x64x256_16x16_32x32_1x1_16x16x1_16x16x1_1x32x1x8_8_1x1_intrawave_v1,512.64,1540.04,0.0
256,1708,8192,512,ck,18,0,23.7116,a8w8_blockscale_1x128x128_256x64x64x256_16x16_32x32_1x1_16x16x1_16x16x1_1x32x1x8_8_1x1_intrawave_v1,604.25,1393.95,0.0
256,1747,8192,512,ck,18,0,23.7217,a8w8_blockscale_1x128x128_256x64x64x256_16x16_32x32_1x1_16x16x1_16x16x1_1x32x1x8_8_1x1_intrawave_v1,617.78,1421.13,0.0
256,5003,128,7168,ck,18,0,23.733,a8w8_blockscale_1x128x128_256x64x64x256_16x16_32x32_1x1_16x16x1_16x16x1_1x32x1x8_8_1x1_intrawave_v1,386.83,1603.66,0.0
256,5000,128,7168,ck,18,0,23.7468,a8w8_blockscale_1x128x128_256x64x64x256_16x16_32x32_1x1_16x16x1_16x16x1_1x32x1x8_8_1x1_intrawave_v1,386.37,1601.79,0.0
256,5004,128,7168,ck,18,0,23.7579,a8w8_blockscale_1x128x128_256x64x64x256_16x16_32x32_1x1_16x16x1_16x16x1_1x32x1x8_8_1x1_intrawave_v1,386.5,1602.3,0.0
256,1724,8192,512,ck,18,0,23.7589,a8w8_blockscale_1x128x128_256x64x64x256_16x16_32x32_1x1_16x16x1_16x16x1_1x32x1x8_8_1x1_intrawave_v1,608.7,1402.55,0.0
256,5272,128,7168,ck,18,0,23.7649,a8w8_blockscale_1x128x128_256x64x64x256_16x16_32x32_1x1_16x16x1_16x16x1_1x32x1x8_8_1x1_intrawave_v1,407.08,1685.55,0.0
256,1736,8192,512,ck,18,0,23.7682,a8w8_blockscale_1x128x128_256x64x64x256_16x16_32x32_1x1_16x16x1_16x16x1_1x32x1x8_8_1x1_intrawave_v1,612.69,1410.53,0.0
256,5006,128,7168,ck,18,0,23.771,a8w8_blockscale_1x128x128_256x64x64x256_16x16_32x32_1x1_16x16x1_16x16x1_1x32x1x8_8_1x1_intrawave_v1,386.44,1602.04,0.0
256,1756,8192,512,ck,18,0,23.7776,a8w8_blockscale_1x128x128_256x64x64x256_16x16_32x32_1x1_16x16x1_16x16x1_1x32x1x8_8_1x1_intrawave_v1,619.51,1424.18,0.0
256,1737,8192,512,ck,18,0,23.7829,a8w8_blockscale_1x128x128_256x64x64x256_16x16_32x32_1x1_16x16x1_16x16x1_1x32x1x8_8_1x1_intrawave_v1,612.67,1410.37,0.0
256,1754,8192,512,ck,18,0,23.7845,a8w8_blockscale_1x128x128_256x64x64x256_16x16_32x32_1x1_16x16x1_16x16x1_1x32x1x8_8_1x1_intrawave_v1,618.62,1422.35,0.0
256,5059,128,7168,ck,18,0,23.7849,a8w8_blockscale_1x128x128_256x64x64x256_16x16_32x32_1x1_16x16x1_16x16x1_1x32x1x8_8_1x1_intrawave_v1,390.3,1617.64,0.0
256,1745,8192,512,ck,18,0,23.786,a8w8_blockscale_1x128x128_256x64x64x256_16x16_32x32_1x1_16x16x1_16x16x1_1x32x1x8_8_1x1_intrawave_v1,615.41,1415.87,0.0
256,1717,8192,512,ck,18,0,23.7956,a8w8_blockscale_1x128x128_256x64x64x256_16x16_32x32_1x1_16x16x1_16x16x1_1x32x1x8_8_1x1_intrawave_v1,605.29,1395.41,0.0
256,1758,8192,512,ck,18,0,23.7968,a8w8_blockscale_1x128x128_256x64x64x256_16x16_32x32_1x1_16x16x1_16x16x1_1x32x1x8_8_1x1_intrawave_v1,619.71,1424.46,0.0
256,5124,128,7168,ck,18,0,23.8103,a8w8_blockscale_1x128x128_256x64x64x256_16x16_32x32_1x1_16x16x1_16x16x1_1x32x1x8_8_1x1_intrawave_v1,394.9,1636.19,0.0
256,5285,128,7168,ck,18,0,23.8124,a8w8_blockscale_1x128x128_256x64x64x256_16x16_32x32_1x1_16x16x1_16x16x1_1x32x1x8_8_1x1_intrawave_v1,407.27,1686.24,0.0
256,5007,128,7168,ck,18,0,23.8128,a8w8_blockscale_1x128x128_256x64x64x256_16x16_32x32_1x1_16x16x1_16x16x1_1x32x1x8_8_1x1_intrawave_v1,385.84,1599.54,0.0
256,5269,128,7168,ck,18,0,23.8164,a8w8_blockscale_1x128x128_256x64x64x256_16x16_32x32_1x1_16x16x1_16x16x1_1x32x1x8_8_1x1_intrawave_v1,405.97,1680.97,0.0
256,5126,128,7168,ck,18,0,23.826,a8w8_blockscale_1x128x128_256x64x64x256_16x16_32x32_1x1_16x16x1_16x16x1_1x32x1x8_8_1x1_intrawave_v1,394.79,1635.73,0.0
256,1732,8192,512,ck,18,0,23.8404,a8w8_blockscale_1x128x128_256x64x64x256_16x16_32x32_1x1_16x16x1_16x16x1_1x32x1x8_8_1x1_intrawave_v1,609.43,1403.42,0.0
256,1742,8192,512,ck,18,0,23.8497,a8w8_blockscale_1x128x128_256x64x64x256_16x16_32x32_1x1_16x16x1_16x16x1_1x32x1x8_8_1x1_intrawave_v1,612.71,1409.96,0.0
256,5368,128,7168,ck,18,0,23.8601,a8w8_blockscale_1x128x128_256x64x64x256_16x16_32x32_1x1_16x16x1_16x16x1_1x32x1x8_8_1x1_intrawave_v1,412.84,1708.69,0.0
256,5276,128,7168,ck,18,0,23.8603,a8w8_blockscale_1x128x128_256x64x64x256_16x16_32x32_1x1_16x16x1_16x16x1_1x32x1x8_8_1x1_intrawave_v1,405.76,1680.05,0.0
256,40,9216,7168,ck,18,0,23.8618,a8w8_blockscale_1x128x128_256x64x64x256_16x16_32x32_1x1_16x16x1_16x16x1_1x32x1x8_8_1x1_intrawave_v1,221.48,2811.37,0.0
256,5431,128,7168,ck,18,0,23.8641,a8w8_blockscale_1x128x128_256x64x64x256_16x16_32x32_1x1_16x16x1_16x16x1_1x32x1x8_8_1x1_intrawave_v1,417.61,1728.0,0.0
256,5275,128,7168,ck,18,0,23.8699,a8w8_blockscale_1x128x128_256x64x64x256_16x16_32x32_1x1_16x16x1_16x16x1_1x32x1x8_8_1x1_intrawave_v1,405.52,1679.06,0.0
256,1741,8192,512,ck,18,0,23.8708,a8w8_blockscale_1x128x128_256x64x64x256_16x16_32x32_1x1_16x16x1_16x16x1_1x32x1x8_8_1x1_intrawave_v1,611.82,1408.01,0.0
256,1757,8192,512,ck,18,0,23.8708,a8w8_blockscale_1x128x128_256x64x64x256_16x16_32x32_1x1_16x16x1_16x16x1_1x32x1x8_8_1x1_intrawave_v1,617.44,1419.33,0.0
256,1740,8192,512,ck,18,0,23.872,a8w8_blockscale_1x128x128_256x64x64x256_16x16_32x32_1x1_16x16x1_16x16x1_1x32x1x8_8_1x1_intrawave_v1,611.44,1407.23,0.0
256,5264,128,7168,ck,18,0,23.8771,a8w8_blockscale_1x128x128_256x64x64x256_16x16_32x32_1x1_16x16x1_16x16x1_1x32x1x8_8_1x1_intrawave_v1,404.55,1675.14,0.0
256,5277,128,7168,ck,18,0,23.8775,a8w8_blockscale_1x128x128_256x64x64x256_16x16_32x32_1x1_16x16x1_16x16x1_1x32x1x8_8_1x1_intrawave_v1,405.54,1679.15,0.0
256,1778,8192,512,ck,18,0,23.8777,a8w8_blockscale_1x128x128_256x64x64x256_16x16_32x32_1x1_16x16x1_16x16x1_1x32x1x8_8_1x1_intrawave_v1,624.64,1433.78,0.0
256,1773,8192,512,ck,18,0,23.8813,a8w8_blockscale_1x128x128_256x64x64x256_16x16_32x32_1x1_16x16x1_16x16x1_1x32x1x8_8_1x1_intrawave_v1,622.79,1430.03,0.0
256,5273,128,7168,ck,18,0,23.8849,a8w8_blockscale_1x128x128_256x64x64x256_16x16_32x32_1x1_16x16x1_16x16x1_1x32x1x8_8_1x1_intrawave_v1,405.11,1677.39,0.0
256,5283,128,7168,ck,18,0,23.8874,a8w8_blockscale_1x128x128_256x64x64x256_16x16_32x32_1x1_16x16x1_16x16x1_1x32x1x8_8_1x1_intrawave_v1,405.84,1680.32,0.0
256,5281,128,7168,ck,18,0,23.8893,a8w8_blockscale_1x128x128_256x64x64x256_16x16_32x32_1x1_16x16x1_16x16x1_1x32x1x8_8_1x1_intrawave_v1,405.65,1679.57,0.0
256,877,6144,1536,ck,0,0,23.8941,a8w8_blockscale_1x128x128_256x128x128x128_16x16_32x32_2x2_8x32x1_8x32x1_1x32x1x8_8_1x1_intrawave_v3,692.76,902.35,0.0
256,5251,128,7168,ck,18,0,23.8948,a8w8_blockscale_1x128x128_256x64x64x256_16x16_32x32_1x1_16x16x1_16x16x1_1x32x1x8_8_1x1_intrawave_v1,403.25,1669.86,0.0
256,232,7168,4608,ck,18,0,23.9054,a8w8_blockscale_1x128x128_256x64x64x256_16x16_32x32_1x1_16x16x1_16x16x1_1x32x1x8_8_1x1_intrawave_v1,641.11,1565.55,0.0
256,5302,128,7168,ck,18,0,23.9174,a8w8_blockscale_1x128x128_256x64x64x256_16x16_32x32_1x1_16x16x1_16x16x1_1x32x1x8_8_1x1_intrawave_v1,406.78,1684.11,0.0
256,5292,128,7168,ck,18,0,23.9261,a8w8_blockscale_1x128x128_256x64x64x256_16x16_32x32_1x1_16x16x1_16x16x1_1x32x1x8_8_1x1_intrawave_v1,405.87,1680.4,0.0
256,1744,8192,512,ck,18,0,23.9308,a8w8_blockscale_1x128x128_256x64x64x256_16x16_32x32_1x1_16x16x1_16x16x1_1x32x1x8_8_1x1_intrawave_v1,611.33,1406.59,0.0
256,5447,128,7168,ck,18,0,23.9483,a8w8_blockscale_1x128x128_256x64x64x256_16x16_32x32_1x1_16x16x1_16x16x1_1x32x1x8_8_1x1_intrawave_v1,417.37,1726.89,0.0
256,1788,8192,512,ck,18,0,23.9509,a8w8_blockscale_1x128x128_256x64x64x256_16x16_32x32_1x1_16x16x1_16x16x1_1x32x1x8_8_1x1_intrawave_v1,626.23,1436.45,0.0
256,1767,8192,512,ck,18,0,23.9524,a8w8_blockscale_1x128x128_256x64x64x256_16x16_32x32_1x1_16x16x1_16x16x1_1x32x1x8_8_1x1_intrawave_v1,618.84,1421.55,0.0
256,5295,128,7168,ck,18,0,23.9558,a8w8_blockscale_1x128x128_256x64x64x256_16x16_32x32_1x1_16x16x1_16x16x1_1x32x1x8_8_1x1_intrawave_v1,405.6,1679.24,0.0
256,5489,128,7168,ck,18,0,23.9724,a8w8_blockscale_1x128x128_256x64x64x256_16x16_32x32_1x1_16x16x1_16x16x1_1x32x1x8_8_1x1_intrawave_v1,420.16,1738.16,0.0
256,869,6144,1536,ck,0,0,23.9728,a8w8_blockscale_1x128x128_256x128x128x128_16x16_32x32_2x2_8x32x1_8x32x1_1x32x1x8_8_1x1_intrawave_v3,684.18,894.77,0.0
256,856,6144,1536,ck,0,0,23.9752,a8w8_blockscale_1x128x128_256x128x128x128_16x16_32x32_2x2_8x32x1_8x32x1_1x32x1x8_8_1x1_intrawave_v3,673.88,887.19,0.0
256,1755,8192,512,ck,18,0,23.9819,a8w8_blockscale_1x128x128_256x64x64x256_16x16_32x32_1x1_16x16x1_16x16x1_1x32x1x8_8_1x1_intrawave_v1,613.88,1411.35,0.0
256,849,6144,1536,ck,0,0,23.9863,a8w8_blockscale_1x128x128_256x128x128x128_16x16_32x32_2x2_8x32x1_8x32x1_1x32x1x8_8_1x1_intrawave_v3,668.06,882.74,0.0
256,5258,128,7168,ck,18,0,23.9918,a8w8_blockscale_1x128x128_256x64x64x256_16x16_32x32_1x1_16x16x1_16x16x1_1x32x1x8_8_1x1_intrawave_v1,402.16,1665.27,0.0
256,6001,128,7168,ck,18,0,23.9985,a8w8_blockscale_1x128x128_256x64x64x256_16x16_32x32_1x1_16x16x1_16x16x1_1x32x1x8_8_1x1_intrawave_v1,458.86,1894.66,0.0
256,5540,128,7168,ck,18,0,24.0142,a8w8_blockscale_1x128x128_256x64x64x256_16x16_32x32_1x1_16x16x1_16x16x1_1x32x1x8_8_1x1_intrawave_v1,423.33,1750.9,0.0
256,1765,8192,512,ck,18,0,24.0192,a8w8_blockscale_1x128x128_256x64x64x256_16x16_32x32_1x1_16x16x1_16x16x1_1x32x1x8_8_1x1_intrawave_v1,616.42,1416.19,0.0
256,1781,8192,512,ck,18,0,24.0285,a8w8_blockscale_1x128x128_256x64x64x256_16x16_32x32_1x1_16x16x1_16x16x1_1x32x1x8_8_1x1_intrawave_v1,621.77,1426.89,0.0
256,5670,128,7168,ck,18,0,24.0342,a8w8_blockscale_1x128x128_256x64x64x256_16x16_32x32_1x1_16x16x1_16x16x1_1x32x1x8_8_1x1_intrawave_v1,432.9,1789.6,0.0
256,6107,128,7168,ck,18,0,24.0409,a8w8_blockscale_1x128x128_256x64x64x256_16x16_32x32_1x1_16x16x1_16x16x1_1x32x1x8_8_1x1_intrawave_v1,466.14,1924.05,0.0
256,192,7168,4608,ck,18,0,24.0526,a8w8_blockscale_1x128x128_256x64x64x256_16x16_32x32_1x1_16x16x1_16x16x1_1x32x1x8_8_1x1_intrawave_v1,527.33,1524.47,0.0
256,1790,8192,512,ck,18,0,24.0632,a8w8_blockscale_1x128x128_256x64x64x256_16x16_32x32_1x1_16x16x1_16x16x1_1x32x1x8_8_1x1_intrawave_v1,624.01,1431.15,0.0
256,6026,128,7168,ck,18,0,24.0872,a8w8_blockscale_1x128x128_256x64x64x256_16x16_32x32_1x1_16x16x1_16x16x1_1x32x1x8_8_1x1_intrawave_v1,459.07,1895.39,0.0
256,1789,8192,512,ck,18,0,24.0877,a8w8_blockscale_1x128x128_256x64x64x256_16x16_32x32_1x1_16x16x1_16x16x1_1x32x1x8_8_1x1_intrawave_v1,623.02,1429.0,0.0
256,6002,128,7168,ck,18,0,24.0936,a8w8_blockscale_1x128x128_256x64x64x256_16x16_32x32_1x1_16x16x1_16x16x1_1x32x1x8_8_1x1_intrawave_v1,457.12,1887.49,0.0
256,5890,128,7168,ck,18,0,24.1144,a8w8_blockscale_1x128x128_256x64x64x256_16x16_32x32_1x1_16x16x1_16x16x1_1x32x1x8_8_1x1_intrawave_v1,448.21,1851.38,0.0
256,6108,128,7168,ck,18,0,24.1597,a8w8_blockscale_1x128x128_256x64x64x256_16x16_32x32_1x1_16x16x1_16x16x1_1x32x1x8_8_1x1_intrawave_v1,463.92,1914.9,0.0
256,1786,8192,512,ck,18,0,24.1708,a8w8_blockscale_1x128x128_256x64x64x256_16x16_32x32_1x1_16x16x1_16x16x1_1x32x1x8_8_1x1_intrawave_v1,619.84,1421.99,0.0
256,902,6144,1536,ck,0,0,24.1813,a8w8_blockscale_1x128x128_256x128x128x128_16x16_32x32_2x2_8x32x1_8x32x1_1x32x1x8_8_1x1_intrawave_v3,704.04,905.92,0.0
256,48,9216,7168,ck,18,0,24.1888,a8w8_blockscale_1x128x128_256x64x64x256_16x16_32x32_1x1_16x16x1_16x16x1_1x32x1x8_8_1x1_intrawave_v1,262.18,2781.83,0.0
256,6225,128,7168,ck,18,0,24.2455,a8w8_blockscale_1x128x128_256x64x64x256_16x16_32x32_1x1_16x16x1_16x16x1_1x32x1x8_8_1x1_intrawave_v1,471.14,1943.94,0.0
256,1750,8192,512,ck,18,0,24.2518,a8w8_blockscale_1x128x128_256x64x64x256_16x16_32x32_1x1_16x16x1_16x16x1_1x32x1x8_8_1x1_intrawave_v1,605.32,1392.16,0.0
256,1776,8192,512,ck,18,0,24.2542,a8w8_blockscale_1x128x128_256x64x64x256_16x16_32x32_1x1_16x16x1_16x16x1_1x32x1x8_8_1x1_intrawave_v1,614.25,1410.13,0.0
256,6008,128,7168,ck,18,0,24.2771,a8w8_blockscale_1x128x128_256x64x64x256_16x16_32x32_1x1_16x16x1_16x16x1_1x32x1x8_8_1x1_intrawave_v1,454.12,1875.05,0.0
256,910,6144,1536,ck,0,0,24.2772,a8w8_blockscale_1x128x128_256x128x128x128_16x16_32x32_2x2_8x32x1_8x32x1_1x32x1x8_8_1x1_intrawave_v3,707.48,906.9,0.0
256,1809,8192,512,ck,18,0,24.2937,a8w8_blockscale_1x128x128_256x64x64x256_16x16_32x32_1x1_16x16x1_16x16x1_1x32x1x8_8_1x1_intrawave_v1,624.65,1430.79,0.0
256,6146,128,7168,ck,18,0,24.3019,a8w8_blockscale_1x128x128_256x64x64x256_16x16_32x32_1x1_16x16x1_16x16x1_1x32x1x8_8_1x1_intrawave_v1,464.08,1915.3,0.0
256,56,9216,7168,ck,18,0,24.303,a8w8_blockscale_1x128x128_256x64x64x256_16x16_32x32_1x1_16x16x1_16x16x1_1x32x1x8_8_1x1_intrawave_v1,304.44,2777.18,0.0
256,920,6144,1536,ck,0,0,24.312,a8w8_blockscale_1x128x128_256x128x128x128_16x16_32x32_2x2_8x32x1_8x32x1_1x32x1x8_8_1x1_intrawave_v3,714.23,911.29,0.0
256,6304,128,7168,ck,18,0,24.3201,a8w8_blockscale_1x128x128_256x64x64x256_16x16_32x32_1x1_16x16x1_16x16x1_1x32x1x8_8_1x1_intrawave_v1,475.65,1962.1,0.0
256,1793,8192,512,ck,18,0,24.3211,a8w8_blockscale_1x128x128_256x64x64x256_16x16_32x32_1x1_16x16x1_16x16x1_1x32x1x8_8_1x1_intrawave_v1,618.42,1418.06,0.0
256,926,6144,1536,ck,0,0,24.3282,a8w8_blockscale_1x128x128_256x128x128x128_16x16_32x32_2x2_8x32x1_8x32x1_1x32x1x8_8_1x1_intrawave_v3,718.41,914.09,0.0
256,6418,128,7168,ck,18,0,24.3583,a8w8_blockscale_1x128x128_256x64x64x256_16x16_32x32_1x1_16x16x1_16x16x1_1x32x1x8_8_1x1_intrawave_v1,483.49,1993.77,0.0
256,1851,8192,512,ck,18,0,24.3673,a8w8_blockscale_1x128x128_256x64x64x256_16x16_32x32_1x1_16x16x1_16x16x1_1x32x1x8_8_1x1_intrawave_v1,637.22,1455.59,0.0
256,6307,128,7168,ck,18,0,24.3932,a8w8_blockscale_1x128x128_256x64x64x256_16x16_32x32_1x1_16x16x1_16x16x1_1x32x1x8_8_1x1_intrawave_v1,474.45,1957.13,0.0
256,6449,128,7168,ck,18,0,24.397,a8w8_blockscale_1x128x128_256x64x64x256_16x16_32x32_1x1_16x16x1_16x16x1_1x32x1x8_8_1x1_intrawave_v1,485.06,2000.04,0.0
256,248,7168,4608,ck,18,0,24.3971,a8w8_blockscale_1x128x128_256x64x64x256_16x16_32x32_1x1_16x16x1_16x16x1_1x32x1x8_8_1x1_intrawave_v1,671.51,1546.42,0.0
256,962,6144,1536,ck,0,0,24.4257,a8w8_blockscale_1x128x128_256x128x128x128_16x16_32x32_2x2_8x32x1_8x32x1_1x32x1x8_8_1x1_intrawave_v3,743.36,930.82,0.0
256,6476,128,7168,ck,18,0,24.4341,a8w8_blockscale_1x128x128_256x64x64x256_16x16_32x32_1x1_16x16x1_16x16x1_1x32x1x8_8_1x1_intrawave_v1,486.35,2005.2,0.0
256,1812,8192,512,ck,18,0,24.4946,a8w8_blockscale_1x128x128_256x64x64x256_16x16_32x32_1x1_16x16x1_16x16x1_1x32x1x8_8_1x1_intrawave_v1,620.55,1421.12,0.0
256,930,6144,1536,ck,0,0,24.5334,a8w8_blockscale_1x128x128_256x128x128x128_16x16_32x32_2x2_8x32x1_8x32x1_1x32x1x8_8_1x1_intrawave_v3,715.48,908.7,0.0
256,734,8192,1536,ck,0,0,24.538,a8w8_blockscale_1x128x128_256x128x128x128_16x16_32x32_2x2_8x32x1_8x32x1_1x32x1x8_8_1x1_intrawave_v3,752.78,1048.83,0.0
256,6583,128,7168,ck,18,0,24.557,a8w8_blockscale_1x128x128_256x64x64x256_16x16_32x32_1x1_16x16x1_16x16x1_1x32x1x8_8_1x1_intrawave_v1,491.91,2027.52,0.0
256,1844,8192,512,ck,18,0,24.5681,a8w8_blockscale_1x128x128_256x64x64x256_16x16_32x32_1x1_16x16x1_16x16x1_1x32x1x8_8_1x1_intrawave_v1,629.62,1438.88,0.0
256,6809,128,7168,ck,18,0,24.5951,a8w8_blockscale_1x128x128_256x64x64x256_16x16_32x32_1x1_16x16x1_16x16x1_1x32x1x8_8_1x1_intrawave_v1,508.01,2092.59,0.0
256,1001,6144,1536,ck,0,0,24.629,a8w8_blockscale_1x128x128_256x128x128x128_16x16_32x32_2x2_8x32x1_8x32x1_1x32x1x8_8_1x1_intrawave_v3,767.11,945.02,0.0
256,1000,6144,1536,ck,0,0,24.6384,a8w8_blockscale_1x128x128_256x128x128x128_16x16_32x32_2x2_8x32x1_8x32x1_1x32x1x8_8_1x1_intrawave_v3,766.05,944.1,0.0
256,6817,128,7168,ck,18,0,24.6603,a8w8_blockscale_1x128x128_256x64x64x256_16x16_32x32_1x1_16x16x1_16x16x1_1x32x1x8_8_1x1_intrawave_v1,507.26,2089.47,0.0
256,1009,6144,1536,ck,0,0,24.6736,a8w8_blockscale_1x128x128_256x128x128x128_16x16_32x32_2x2_8x32x1_8x32x1_1x32x1x8_8_1x1_intrawave_v3,771.85,947.8,0.0
256,6814,128,7168,ck,18,0,24.691,a8w8_blockscale_1x128x128_256x64x64x256_16x16_32x32_1x1_16x16x1_16x16x1_1x32x1x8_8_1x1_intrawave_v1,506.41,2085.97,0.0
256,6815,128,7168,ck,18,0,24.6931,a8w8_blockscale_1x128x128_256x64x64x256_16x16_32x32_1x1_16x16x1_16x16x1_1x32x1x8_8_1x1_intrawave_v1,506.44,2086.09,0.0
256,7289,128,7168,ck,18,0,24.707,a8w8_blockscale_1x128x128_256x64x64x256_16x16_32x32_1x1_16x16x1_16x16x1_1x32x1x8_8_1x1_intrawave_v1,541.36,2227.35,0.0
256,1023,6144,1536,ck,0,0,24.7104,a8w8_blockscale_1x128x128_256x128x128x128_16x16_32x32_2x2_8x32x1_8x32x1_1x32x1x8_8_1x1_intrawave_v3,781.39,954.22,0.0
256,6812,128,7168,ck,18,0,24.7123,a8w8_blockscale_1x128x128_256x64x64x256_16x16_32x32_1x1_16x16x1_16x16x1_1x32x1x8_8_1x1_intrawave_v1,505.82,2083.57,0.0
256,6813,128,7168,ck,18,0,24.715,a8w8_blockscale_1x128x128_256x64x64x256_16x16_32x32_1x1_16x16x1_16x16x1_1x32x1x8_8_1x1_intrawave_v1,505.84,2083.64,0.0
256,256,7168,4608,ck,18,0,24.7214,a8w8_blockscale_1x128x128_256x64x64x256_16x16_32x32_1x1_16x16x1_16x16x1_1x32x1x8_8_1x1_intrawave_v1,684.08,1532.27,0.0
256,7000,128,7168,ck,18,0,24.7219,a8w8_blockscale_1x128x128_256x64x64x256_16x16_32x32_1x1_16x16x1_16x16x1_1x32x1x8_8_1x1_intrawave_v1,519.58,2139.22,0.0
256,7440,128,7168,ck,18,0,24.7219,a8w8_blockscale_1x128x128_256x64x64x256_16x16_32x32_1x1_16x16x1_16x16x1_1x32x1x8_8_1x1_intrawave_v1,552.24,2271.35,0.0
256,1798,8192,512,ck,18,0,24.7268,a8w8_blockscale_1x128x128_256x64x64x256_16x16_32x32_1x1_16x16x1_16x16x1_1x32x1x8_8_1x1_intrawave_v1,609.97,1398.21,0.0
256,6819,128,7168,ck,18,0,24.7407,a8w8_blockscale_1x128x128_256x64x64x256_16x16_32x32_1x1_16x16x1_16x16x1_1x32x1x8_8_1x1_intrawave_v1,505.76,2083.28,0.0
256,1054,6144,1536,ck,0,0,24.7689,a8w8_blockscale_1x128x128_256x128x128x128_16x16_32x32_2x2_8x32x1_8x32x1_1x32x1x8_8_1x1_intrawave_v3,803.17,969.27,0.0
256,1015,6144,1536,ck,0,0,24.771,a8w8_blockscale_1x128x128_256x128x128x128_16x16_32x32_2x2_8x32x1_8x32x1_1x32x1x8_8_1x1_intrawave_v3,773.38,947.42,0.0
256,1849,8192,512,ck,18,0,24.7712,a8w8_blockscale_1x128x128_256x64x64x256_16x16_32x32_1x1_16x16x1_16x16x1_1x32x1x8_8_1x1_intrawave_v1,626.15,1430.49,0.0
256,1007,6144,1536,ck,0,0,24.7819,a8w8_blockscale_1x128x128_256x128x128x128_16x16_32x32_2x2_8x32x1_8x32x1_1x32x1x8_8_1x1_intrawave_v3,766.95,942.54,0.0
256,6818,128,7168,ck,18,0,24.7883,a8w8_blockscale_1x128x128_256x64x64x256_16x16_32x32_1x1_16x16x1_16x16x1_1x32x1x8_8_1x1_intrawave_v1,504.72,2078.98,0.0
256,64,9216,7168,ck,18,0,24.7971,a8w8_blockscale_1x128x128_256x64x64x256_16x16_32x32_1x1_16x16x1_16x16x1_1x32x1x8_8_1x1_intrawave_v1,341.0,2730.11,0.0
256,7050,128,7168,ck,18,0,24.8062,a8w8_blockscale_1x128x128_256x64x64x256_16x16_32x32_1x1_16x16x1_16x16x1_1x32x1x8_8_1x1_intrawave_v1,521.52,2146.91,0.0
256,7009,128,7168,ck,18,0,24.8121,a8w8_blockscale_1x128x128_256x64x64x256_16x16_32x32_1x1_16x16x1_16x16x1_1x32x1x8_8_1x1_intrawave_v1,518.36,2134.13,0.0
256,1003,6144,1536,ck,0,0,24.8146,a8w8_blockscale_1x128x128_256x128x128x128_16x16_32x32_2x2_8x32x1_8x32x1_1x32x1x8_8_1x1_intrawave_v3,762.9,939.07,0.0
256,6811,128,7168,ck,18,0,24.8389,a8w8_blockscale_1x128x128_256x64x64x256_16x16_32x32_1x1_16x16x1_16x16x1_1x32x1x8_8_1x1_intrawave_v1,503.17,2072.65,0.0
256,1063,6144,1536,ck,0,0,24.8605,a8w8_blockscale_1x128x128_256x128x128x128_16x16_32x32_2x2_8x32x1_8x32x1_1x32x1x8_8_1x1_intrawave_v3,807.04,970.7,0.0
256,814,8192,1536,ck,0,0,24.8628,a8w8_blockscale_1x128x128_256x128x128x128_16x16_32x32_2x2_8x32x1_8x32x1_1x32x1x8_8_1x1_intrawave_v3,823.92,1092.79,0.0
256,1799,8192,512,ck,18,0,24.8745,a8w8_blockscale_1x128x128_256x64x64x256_16x16_32x32_1x1_16x16x1_16x16x1_1x32x1x8_8_1x1_intrawave_v1,606.69,1390.59,0.0
256,1814,8192,512,ck,18,0,24.8776,a8w8_blockscale_1x128x128_256x64x64x256_16x16_32x32_1x1_16x16x1_16x16x1_1x32x1x8_8_1x1_intrawave_v1,611.67,1400.6,0.0
256,7242,128,7168,ck,18,0,24.8967,a8w8_blockscale_1x128x128_256x64x64x256_16x16_32x32_1x1_16x16x1_16x16x1_1x32x1x8_8_1x1_intrawave_v1,533.77,2196.36,0.0
256,7238,128,7168,ck,18,0,24.897,a8w8_blockscale_1x128x128_256x64x64x256_16x16_32x32_1x1_16x16x1_16x16x1_1x32x1x8_8_1x1_intrawave_v1,533.47,2195.14,0.0
256,7001,128,7168,ck,18,0,24.903,a8w8_blockscale_1x128x128_256x64x64x256_16x16_32x32_1x1_16x16x1_16x16x1_1x32x1x8_8_1x1_intrawave_v1,515.88,2123.96,0.0
256,1828,8192,512,ck,18,0,24.9181,a8w8_blockscale_1x128x128_256x64x64x256_16x16_32x32_1x1_16x16x1_16x16x1_1x32x1x8_8_1x1_intrawave_v1,615.39,1407.82,0.0
256,1840,8192,512,ck,18,0,24.9184,a8w8_blockscale_1x128x128_256x64x64x256_16x16_32x32_1x1_16x16x1_16x16x1_1x32x1x8_8_1x1_intrawave_v1,619.42,1415.94,0.0
256,7241,128,7168,ck,18,0,24.921,a8w8_blockscale_1x128x128_256x64x64x256_16x16_32x32_1x1_16x16x1_16x16x1_1x32x1x8_8_1x1_intrawave_v1,533.18,2193.92,0.0
256,7539,128,7168,ck,18,0,24.9228,a8w8_blockscale_1x128x128_256x64x64x256_16x16_32x32_1x1_16x16x1_16x16x1_1x32x1x8_8_1x1_intrawave_v1,555.08,2282.53,0.0
256,1805,8192,512,ck,18,0,24.9468,a8w8_blockscale_1x128x128_256x64x64x256_16x16_32x32_1x1_16x16x1_16x16x1_1x32x1x8_8_1x1_intrawave_v1,606.95,1390.62,0.0
256,1813,8192,512,ck,18,0,24.9471,a8w8_blockscale_1x128x128_256x64x64x256_16x16_32x32_1x1_16x16x1_16x16x1_1x32x1x8_8_1x1_intrawave_v1,609.63,1396.02,0.0
256,1833,8192,512,ck,18,0,24.9721,a8w8_blockscale_1x128x128_256x64x64x256_16x16_32x32_1x1_16x16x1_16x16x1_1x32x1x8_8_1x1_intrawave_v1,615.74,1408.16,0.0
256,1087,6144,1536,ck,0,0,24.9744,a8w8_blockscale_1x128x128_256x128x128x128_16x16_32x32_2x2_8x32x1_8x32x1_1x32x1x8_8_1x1_intrawave_v3,821.5,979.56,0.0
256,1855,8192,512,ck,18,0,24.9792,a8w8_blockscale_1x128x128_256x64x64x256_16x16_32x32_1x1_16x16x1_16x16x1_1x32x1x8_8_1x1_intrawave_v1,622.95,1422.64,0.0
256,1797,8192,512,ck,18,0,24.9819,a8w8_blockscale_1x128x128_256x64x64x256_16x16_32x32_1x1_16x16x1_16x16x1_1x32x1x8_8_1x1_intrawave_v1,603.41,1383.26,0.0
256,7536,128,7168,ck,18,0,24.9917,a8w8_blockscale_1x128x128_256x64x64x256_16x16_32x32_1x1_16x16x1_16x16x1_1x32x1x8_8_1x1_intrawave_v1,553.33,2275.35,0.0
256,1848,8192,512,ck,18,0,24.9967,a8w8_blockscale_1x128x128_256x64x64x256_16x16_32x32_1x1_16x16x1_16x16x1_1x32x1x8_8_1x1_intrawave_v1,620.17,1416.91,0.0
256,7656,128,7168,ck,18,0,24.9972,a8w8_blockscale_1x128x128_256x64x64x256_16x16_32x32_1x1_16x16x1_16x16x1_1x32x1x8_8_1x1_intrawave_v1,562.02,2310.48,0.0
256,8192,128,7168,ck,18,0,25.0191,a8w8_blockscale_1x128x128_256x64x64x256_16x16_32x32_1x1_16x16x1_16x16x1_1x32x1x8_8_1x1_intrawave_v1,600.84,2467.51,0.0
256,1808,8192,512,ck,18,0,25.0462,a8w8_blockscale_1x128x128_256x64x64x256_16x16_32x32_1x1_16x16x1_16x16x1_1x32x1x8_8_1x1_intrawave_v1,605.55,1387.13,0.0
256,806,8192,1536,ck,0,0,25.0472,a8w8_blockscale_1x128x128_256x128x128x128_16x16_32x32_2x2_8x32x1_8x32x1_1x32x1x8_8_1x1_intrawave_v3,809.82,1079.02,0.0
256,813,8192,1536,ck,0,0,25.0603,a8w8_blockscale_1x128x128_256x128x128x128_16x16_32x32_2x2_8x32x1_8x32x1_1x32x1x8_8_1x1_intrawave_v3,816.42,1083.46,0.0
256,8051,128,7168,ck,18,0,25.0608,a8w8_blockscale_1x128x128_256x64x64x256_16x16_32x32_1x1_16x16x1_16x16x1_1x32x1x8_8_1x1_intrawave_v1,589.51,2421.64,0.0
256,1807,8192,512,ck,18,0,25.0965,a8w8_blockscale_1x128x128_256x64x64x256_16x16_32x32_1x1_16x16x1_16x16x1_1x32x1x8_8_1x1_intrawave_v1,604.0,1383.67,0.0
256,1839,8192,512,ck,18,0,25.0969,a8w8_blockscale_1x128x128_256x64x64x256_16x16_32x32_1x1_16x16x1_16x16x1_1x32x1x8_8_1x1_intrawave_v1,614.68,1405.2,0.0
256,1903,8192,512,ck,18,0,25.1142,a8w8_blockscale_1x128x128_256x64x64x256_16x16_32x32_1x1_16x16x1_16x16x1_1x32x1x8_8_1x1_intrawave_v1,635.64,1447.28,0.0
256,8001,128,7168,ck,18,0,25.1202,a8w8_blockscale_1x128x128_256x64x64x256_16x16_32x32_1x1_16x16x1_16x16x1_1x32x1x8_8_1x1_intrawave_v1,584.47,2401.13,0.0
256,1040,6144,1536,ck,0,0,25.1269,a8w8_blockscale_1x128x128_256x128x128x128_16x16_32x32_2x2_8x32x1_8x32x1_1x32x1x8_8_1x1_intrawave_v3,781.21,947.75,0.0
256,1891,8192,512,ck,18,0,25.1409,a8w8_blockscale_1x128x128_256x64x64x256_16x16_32x32_1x1_16x16x1_16x16x1_1x32x1x8_8_1x1_intrawave_v1,630.96,1437.68,0.0
256,7871,128,7168,ck,18,0,25.1434,a8w8_blockscale_1x128x128_256x64x64x256_16x16_32x32_1x1_16x16x1_16x16x1_1x32x1x8_8_1x1_intrawave_v1,574.44,2360.53,0.0
256,1841,8192,512,ck,18,0,25.1445,a8w8_blockscale_1x128x128_256x64x64x256_16x16_32x32_1x1_16x16x1_16x16x1_1x32x1x8_8_1x1_intrawave_v1,614.19,1403.88,0.0
256,1144,6144,1536,ck,0,0,25.1482,a8w8_blockscale_1x128x128_256x128x128x128_16x16_32x32_2x2_8x32x1_8x32x1_1x32x1x8_8_1x1_intrawave_v3,858.6,1004.12,0.0
256,1047,6144,1536,ck,0,0,25.1541,a8w8_blockscale_1x128x128_256x128x128x128_16x16_32x32_2x2_8x32x1_8x32x1_1x32x1x8_8_1x1_intrawave_v3,785.62,950.58,0.0
256,8007,128,7168,ck,18,0,25.155,a8w8_blockscale_1x128x128_256x64x64x256_16x16_32x32_1x1_16x16x1_16x16x1_1x32x1x8_8_1x1_intrawave_v1,584.09,2399.58,0.0
256,1870,8192,512,ck,18,0,25.1692,a8w8_blockscale_1x128x128_256x64x64x256_16x16_32x32_1x1_16x16x1_16x16x1_1x32x1x8_8_1x1_intrawave_v1,623.25,1421.97,0.0
256,1860,8192,512,ck,18,0,25.1716,a8w8_blockscale_1x128x128_256x64x64x256_16x16_32x32_1x1_16x16x1_16x16x1_1x32x1x8_8_1x1_intrawave_v1,619.86,1415.12,0.0
256,1802,8192,512,ck,18,0,25.1908,a8w8_blockscale_1x128x128_256x64x64x256_16x16_32x32_1x1_16x16x1_16x16x1_1x32x1x8_8_1x1_intrawave_v1,600.07,1375.14,0.0
256,1794,8192,512,ck,18,0,25.2156,a8w8_blockscale_1x128x128_256x64x64x256_16x16_32x32_1x1_16x16x1_16x16x1_1x32x1x8_8_1x1_intrawave_v1,596.82,1368.43,0.0
256,1836,8192,512,ck,18,0,25.2204,a8w8_blockscale_1x128x128_256x64x64x256_16x16_32x32_1x1_16x16x1_16x16x1_1x32x1x8_8_1x1_intrawave_v1,610.68,1396.3,0.0
256,8018,128,7168,ck,18,0,25.2267,a8w8_blockscale_1x128x128_256x64x64x256_16x16_32x32_1x1_16x16x1_16x16x1_1x32x1x8_8_1x1_intrawave_v1,583.23,2396.0,0.0
256,1867,8192,512,ck,18,0,25.2305,a8w8_blockscale_1x128x128_256x64x64x256_16x16_32x32_1x1_16x16x1_16x16x1_1x32x1x8_8_1x1_intrawave_v1,620.74,1416.51,0.0
256,7809,128,7168,ck,18,0,25.2328,a8w8_blockscale_1x128x128_256x64x64x256_16x16_32x32_1x1_16x16x1_16x16x1_1x32x1x8_8_1x1_intrawave_v1,567.89,2333.93,0.0
256,869,8192,1536,ck,0,0,25.2446,a8w8_blockscale_1x128x128_256x128x128x128_16x16_32x32_2x2_8x32x1_8x32x1_1x32x1x8_8_1x1_intrawave_v3,866.29,1115.3,0.0
256,1112,6144,1536,ck,0,0,25.2458,a8w8_blockscale_1x128x128_256x128x128x128_16x16_32x32_2x2_8x32x1_8x32x1_1x32x1x8_8_1x1_intrawave_v3,831.36,982.72,0.0
256,809,8192,1536,ck,0,0,25.2509,a8w8_blockscale_1x128x128_256x128x128x128_16x16_32x32_2x2_8x32x1_8x32x1_1x32x1x8_8_1x1_intrawave_v3,806.27,1072.44,0.0
256,7990,128,7168,ck,18,0,25.2724,a8w8_blockscale_1x128x128_256x64x64x256_16x16_32x32_1x1_16x16x1_16x16x1_1x32x1x8_8_1x1_intrawave_v1,580.15,2383.44,0.0
256,8010,128,7168,ck,18,0,25.2772,a8w8_blockscale_1x128x128_256x64x64x256_16x16_32x32_1x1_16x16x1_16x16x1_1x32x1x8_8_1x1_intrawave_v1,581.49,2388.86,0.0
256,8090,128,7168,ck,18,0,25.2774,a8w8_blockscale_1x128x128_256x64x64x256_16x16_32x32_1x1_16x16x1_16x16x1_1x32x1x8_8_1x1_intrawave_v1,587.29,2412.34,0.0
256,1132,6144,1536,ck,0,0,25.2813,a8w8_blockscale_1x128x128_256x128x128x128_16x16_32x32_2x2_8x32x1_8x32x1_1x32x1x8_8_1x1_intrawave_v3,845.12,992.27,0.0
256,1856,8192,512,ck,18,0,25.291,a8w8_blockscale_1x128x128_256x64x64x256_16x16_32x32_1x1_16x16x1_16x16x1_1x32x1x8_8_1x1_intrawave_v1,615.6,1405.77,0.0
256,856,8192,1536,ck,0,0,25.2956,a8w8_blockscale_1x128x128_256x128x128x128_16x16_32x32_2x2_8x32x1_8x32x1_1x32x1x8_8_1x1_intrawave_v3,851.61,1103.85,0.0
256,1881,8192,512,ck,18,0,25.3121,a8w8_blockscale_1x128x128_256x64x64x256_16x16_32x32_1x1_16x16x1_16x16x1_1x32x1x8_8_1x1_intrawave_v1,623.38,1421.28,0.0
256,8043,128,7168,ck,18,0,25.3202,a8w8_blockscale_1x128x128_256x64x64x256_16x16_32x32_1x1_16x16x1_16x16x1_1x32x1x8_8_1x1_intrawave_v1,582.89,2394.48,0.0
256,1910,8192,512,ck,18,0,25.3294,a8w8_blockscale_1x128x128_256x64x64x256_16x16_32x32_1x1_16x16x1_16x16x1_1x32x1x8_8_1x1_intrawave_v1,632.56,1439.66,0.0
256,8048,128,7168,ck,18,0,25.3323,a8w8_blockscale_1x128x128_256x64x64x256_16x16_32x32_1x1_16x16x1_16x16x1_1x32x1x8_8_1x1_intrawave_v1,582.98,2394.8,0.0
256,849,8192,1536,ck,0,0,25.334,a8w8_blockscale_1x128x128_256x128x128x128_16x16_32x32_2x2_8x32x1_8x32x1_1x32x1x8_8_1x1_intrawave_v3,843.36,1097.22,0.0
256,8047,128,7168,ck,18,0,25.3443,a8w8_blockscale_1x128x128_256x64x64x256_16x16_32x32_1x1_16x16x1_16x16x1_1x32x1x8_8_1x1_intrawave_v1,582.63,2393.38,0.0
256,1899,8192,512,ck,18,0,25.3552,a8w8_blockscale_1x128x128_256x64x64x256_16x16_32x32_1x1_16x16x1_16x16x1_1x32x1x8_8_1x1_intrawave_v1,628.27,1430.86,0.0
256,1885,8192,512,ck,18,0,25.3629,a8w8_blockscale_1x128x128_256x64x64x256_16x16_32x32_1x1_16x16x1_16x16x1_1x32x1x8_8_1x1_intrawave_v1,623.45,1421.1,0.0
256,8008,128,7168,ck,18,0,25.3741,a8w8_blockscale_1x128x128_256x64x64x256_16x16_32x32_1x1_16x16x1_16x16x1_1x32x1x8_8_1x1_intrawave_v1,579.12,2379.15,0.0
256,830,8192,1536,ck,0,0,25.3849,a8w8_blockscale_1x128x128_256x128x128x128_16x16_32x32_2x2_8x32x1_8x32x1_1x32x1x8_8_1x1_intrawave_v3,822.84,1081.61,0.0
256,8182,128,7168,ck,18,0,25.39,a8w8_blockscale_1x128x128_256x64x64x256_16x16_32x32_1x1_16x16x1_16x16x1_1x32x1x8_8_1x1_intrawave_v1,591.34,2428.54,0.0
256,8040,128,7168,ck,18,0,25.4273,a8w8_blockscale_1x128x128_256x64x64x256_16x16_32x32_1x1_16x16x1_16x16x1_1x32x1x8_8_1x1_intrawave_v1,580.22,2383.52,0.0
256,1863,8192,512,ck,18,0,25.4282,a8w8_blockscale_1x128x128_256x64x64x256_16x16_32x32_1x1_16x16x1_16x16x1_1x32x1x8_8_1x1_intrawave_v1,614.59,1402.83,0.0
256,1837,8192,512,ck,18,0,25.4681,a8w8_blockscale_1x128x128_256x64x64x256_16x16_32x32_1x1_16x16x1_16x16x1_1x32x1x8_8_1x1_intrawave_v1,605.07,1383.39,0.0
256,1898,8192,512,ck,18,0,25.4804,a8w8_blockscale_1x128x128_256x64x64x256_16x16_32x32_1x1_16x16x1_16x16x1_1x32x1x8_8_1x1_intrawave_v1,624.86,1423.17,0.0
256,1861,8192,512,ck,18,0,25.4954,a8w8_blockscale_1x128x128_256x64x64x256_16x16_32x32_1x1_16x16x1_16x16x1_1x32x1x8_8_1x1_intrawave_v1,612.31,1397.81,0.0
256,8015,128,7168,ck,18,0,25.4989,a8w8_blockscale_1x128x128_256x64x64x256_16x16_32x32_1x1_16x16x1_16x16x1_1x32x1x8_8_1x1_intrawave_v1,576.79,2369.55,0.0
256,1895,8192,512,ck,18,0,25.5015,a8w8_blockscale_1x128x128_256x64x64x256_16x16_32x32_1x1_16x16x1_16x16x1_1x32x1x8_8_1x1_intrawave_v1,623.35,1420.0,0.0
256,1889,8192,512,ck,18,0,25.5087,a8w8_blockscale_1x128x128_256x64x64x256_16x16_32x32_1x1_16x16x1_16x16x1_1x32x1x8_8_1x1_intrawave_v1,621.2,1415.63,0.0
256,1868,8192,512,ck,18,0,25.5169,a8w8_blockscale_1x128x128_256x64x64x256_16x16_32x32_1x1_16x16x1_16x16x1_1x32x1x8_8_1x1_intrawave_v1,614.1,1401.27,0.0
256,1858,8192,512,ck,18,0,25.5315,a8w8_blockscale_1x128x128_256x64x64x256_16x16_32x32_1x1_16x16x1_16x16x1_1x32x1x8_8_1x1_intrawave_v1,610.46,1393.85,0.0
256,1920,8192,512,ck,0,0,25.5316,a8w8_blockscale_1x128x128_256x128x128x128_16x16_32x32_2x2_8x32x1_8x32x1_1x32x1x8_8_1x1_intrawave_v3,630.83,1434.87,0.0
256,1888,8192,512,ck,18,0,25.5617,a8w8_blockscale_1x128x128_256x64x64x256_16x16_32x32_1x1_16x16x1_16x16x1_1x32x1x8_8_1x1_intrawave_v1,619.59,1412.03,0.0
256,1878,8192,512,ck,18,0,25.564,a8w8_blockscale_1x128x128_256x64x64x256_16x16_32x32_1x1_16x16x1_16x16x1_1x32x1x8_8_1x1_intrawave_v1,616.25,1405.3,0.0
256,877,8192,1536,ck,0,0,25.5813,a8w8_blockscale_1x128x128_256x128x128x128_16x16_32x32_2x2_8x32x1_8x32x1_1x32x1x8_8_1x1_intrawave_v3,862.76,1106.23,0.0
256,1912,8192,512,ck,18,0,25.5972,a8w8_blockscale_1x128x128_256x64x64x256_16x16_32x32_1x1_16x16x1_16x16x1_1x32x1x8_8_1x1_intrawave_v1,626.59,1425.92,0.0
256,1185,6144,1536,ck,0,0,25.5997,a8w8_blockscale_1x128x128_256x128x128x128_16x16_32x32_2x2_8x32x1_8x32x1_1x32x1x8_8_1x1_intrawave_v3,873.69,1008.55,0.0
256,1265,6144,1536,ck,0,0,25.6036,a8w8_blockscale_1x128x128_256x128x128x128_16x16_32x32_2x2_8x32x1_8x32x1_1x32x1x8_8_1x1_intrawave_v3,932.53,1051.59,0.0
256,1218,6144,1536,ck,0,0,25.6296,a8w8_blockscale_1x128x128_256x128x128x128_16x16_32x32_2x2_8x32x1_8x32x1_1x32x1x8_8_1x1_intrawave_v3,896.97,1025.17,0.0
256,1255,6144,1536,ck,0,0,25.7008,a8w8_blockscale_1x128x128_256x128x128x128_16x16_32x32_2x2_8x32x1_8x32x1_1x32x1x8_8_1x1_intrawave_v3,921.66,1042.24,0.0
256,1901,8192,512,ck,18,0,25.7164,a8w8_blockscale_1x128x128_256x64x64x256_16x16_32x32_1x1_16x16x1_16x16x1_1x32x1x8_8_1x1_intrawave_v1,620.1,1412.08,0.0
256,1871,8192,512,ck,0,0,25.7347,a8w8_blockscale_1x128x128_256x128x128x128_16x16_32x32_2x2_8x32x1_8x32x1_1x32x1x8_8_1x1_intrawave_v3,609.88,1391.38,0.0
256,1908,8192,512,ck,18,0,25.7374,a8w8_blockscale_1x128x128_256x64x64x256_16x16_32x32_1x1_16x16x1_16x16x1_1x32x1x8_8_1x1_intrawave_v1,621.88,1415.52,0.0
256,1918,8192,512,ck,18,0,25.7656,a8w8_blockscale_1x128x128_256x64x64x256_16x16_32x32_1x1_16x16x1_16x16x1_1x32x1x8_8_1x1_intrawave_v1,624.45,1420.53,0.0
256,1896,8192,512,ck,0,0,25.789,a8w8_blockscale_1x128x128_256x128x128x128_16x16_32x32_2x2_8x32x1_8x32x1_1x32x1x8_8_1x1_intrawave_v3,616.73,1404.83,0.0
256,1900,8192,512,ck,0,0,25.7963,a8w8_blockscale_1x128x128_256x128x128x128_16x16_32x32_2x2_8x32x1_8x32x1_1x32x1x8_8_1x1_intrawave_v3,617.85,1407.05,0.0
256,72,9216,7168,ck,12,0,25.8224,a8w8_blockscale_1x128x128_256x32x128x256_16x16_32x32_1x1_16x16x1_16x16x1_1x32x1x8_8_1x1_intrawave_v1,368.39,2629.64,0.0
256,902,8192,1536,ck,0,0,25.8899,a8w8_blockscale_1x128x128_256x128x128x128_16x16_32x32_2x2_8x32x1_8x32x1_1x32x1x8_8_1x1_intrawave_v3,876.77,1110.35,0.0
256,80,9216,7168,ck,12,0,25.913,a8w8_blockscale_1x128x128_256x32x128x256_16x16_32x32_1x1_16x16x1_16x16x1_1x32x1x8_8_1x1_intrawave_v1,407.89,2628.34,0.0
256,1270,6144,1536,ck,0,0,26.038,a8w8_blockscale_1x128x128_256x128x128x128_16x16_32x32_2x2_8x32x1_8x32x1_1x32x1x8_8_1x1_intrawave_v3,920.59,1036.7,0.0
256,930,8192,1536,ck,0,0,26.0915,a8w8_blockscale_1x128x128_256x128x128x128_16x16_32x32_2x2_8x32x1_8x32x1_1x32x1x8_8_1x1_intrawave_v3,897.01,1121.0,0.0
256,1946,8192,512,ck,18,0,26.1306,a8w8_blockscale_1x128x128_256x64x64x256_16x16_32x32_1x1_16x16x1_16x16x1_1x32x1x8_8_1x1_intrawave_v1,624.72,1418.79,0.0
256,88,9216,7168,ck,12,0,26.1576,a8w8_blockscale_1x128x128_256x32x128x256_16x16_32x32_1x1_16x16x1_16x16x1_1x32x1x8_8_1x1_intrawave_v1,444.48,2611.6,0.0
256,920,8192,1536,ck,0,0,26.1625,a8w8_blockscale_1x128x128_256x128x128x128_16x16_32x32_2x2_8x32x1_8x32x1_1x32x1x8_8_1x1_intrawave_v3,884.95,1111.11,0.0
256,96,9216,7168,ck,12,0,26.1759,a8w8_blockscale_1x128x128_256x32x128x256_16x16_32x32_1x1_16x16x1_16x16x1_1x32x1x8_8_1x1_intrawave_v1,484.55,2617.59,0.0
256,910,8192,1536,ck,0,0,26.2249,a8w8_blockscale_1x128x128_256x128x128x128_16x16_32x32_2x2_8x32x1_8x32x1_1x32x1x8_8_1x1_intrawave_v3,873.25,1101.63,0.0
256,1940,8192,512,ck,18,0,26.2332,a8w8_blockscale_1x128x128_256x64x64x256_16x16_32x32_1x1_16x16x1_16x16x1_1x32x1x8_8_1x1_intrawave_v1,620.36,1409.38,0.0
256,1928,8192,512,ck,18,0,26.2582,a8w8_blockscale_1x128x128_256x64x64x256_16x16_32x32_1x1_16x16x1_16x16x1_1x32x1x8_8_1x1_intrawave_v1,615.93,1400.32,0.0
256,1932,8192,512,ck,18,0,26.2813,a8w8_blockscale_1x128x128_256x64x64x256_16x16_32x32_1x1_16x16x1_16x16x1_1x32x1x8_8_1x1_intrawave_v1,616.67,1401.66,0.0
256,1001,8192,1536,ck,0,0,26.3135,a8w8_blockscale_1x128x128_256x128x128x128_16x16_32x32_2x2_8x32x1_8x32x1_1x32x1x8_8_1x1_intrawave_v3,957.34,1159.89,0.0
256,1923,8192,512,ck,0,0,26.3336,a8w8_blockscale_1x128x128_256x128x128x128_16x16_32x32_2x2_8x32x1_8x32x1_1x32x1x8_8_1x1_intrawave_v3,612.57,1393.1,0.0
256,1933,8192,512,ck,0,0,26.3337,a8w8_blockscale_1x128x128_256x128x128x128_16x16_32x32_2x2_8x32x1_8x32x1_1x32x1x8_8_1x1_intrawave_v3,615.76,1399.51,0.0
256,1007,8192,1536,ck,0,0,26.341,a8w8_blockscale_1x128x128_256x128x128x128_16x16_32x32_2x2_8x32x1_8x32x1_1x32x1x8_8_1x1_intrawave_v3,962.07,1162.76,0.0
256,1925,8192,512,ck,0,0,26.3441,a8w8_blockscale_1x128x128_256x128x128x128_16x16_32x32_2x2_8x32x1_8x32x1_1x32x1x8_8_1x1_intrawave_v3,612.97,1393.83,0.0
256,1009,8192,1536,ck,0,0,26.3527,a8w8_blockscale_1x128x128_256x128x128x128_16x16_32x32_2x2_8x32x1_8x32x1_1x32x1x8_8_1x1_intrawave_v3,963.56,1163.61,0.0
256,1951,8192,512,ck,18,0,26.3956,a8w8_blockscale_1x128x128_256x64x64x256_16x16_32x32_1x1_16x16x1_16x16x1_1x32x1x8_8_1x1_intrawave_v1,620.03,1407.75,0.0
256,1003,8192,1536,ck,0,0,26.403,a8w8_blockscale_1x128x128_256x128x128x128_16x16_32x32_2x2_8x32x1_8x32x1_1x32x1x8_8_1x1_intrawave_v3,956.0,1157.32,0.0
256,1937,8192,512,ck,18,0,26.45,a8w8_blockscale_1x128x128_256x64x64x256_16x16_32x32_1x1_16x16x1_16x16x1_1x32x1x8_8_1x1_intrawave_v1,614.32,1395.91,0.0
256,1927,8192,512,ck,18,0,26.4711,a8w8_blockscale_1x128x128_256x64x64x256_16x16_32x32_1x1_16x16x1_16x16x1_1x32x1x8_8_1x1_intrawave_v1,610.66,1388.42,0.0
256,1945,8192,512,ck,18,0,26.4772,a8w8_blockscale_1x128x128_256x64x64x256_16x16_32x32_1x1_16x16x1_16x16x1_1x32x1x8_8_1x1_intrawave_v1,616.22,1399.58,0.0
256,1967,8192,512,ck,0,0,26.4866,a8w8_blockscale_1x128x128_256x128x128x128_16x16_32x32_2x2_8x32x1_8x32x1_1x32x1x8_8_1x1_intrawave_v3,622.97,1413.12,0.0
256,1921,8192,512,ck,18,0,26.4997,a8w8_blockscale_1x128x128_256x64x64x256_16x16_32x32_1x1_16x16x1_16x16x1_1x32x1x8_8_1x1_intrawave_v1,608.1,1383.09,0.0
256,1966,8192,512,ck,18,0,26.504,a8w8_blockscale_1x128x128_256x64x64x256_16x16_32x32_1x1_16x16x1_16x16x1_1x32x1x8_8_1x1_intrawave_v1,622.25,1411.55,0.0
256,1023,8192,1536,ck,0,0,26.5102,a8w8_blockscale_1x128x128_256x128x128x128_16x16_32x32_2x2_8x32x1_8x32x1_1x32x1x8_8_1x1_intrawave_v3,971.12,1166.16,0.0
256,1956,8192,512,ck,18,0,26.5323,a8w8_blockscale_1x128x128_256x64x64x256_16x16_32x32_1x1_16x16x1_16x16x1_1x32x1x8_8_1x1_intrawave_v1,618.42,1403.68,0.0
256,1955,8192,512,ck,18,0,26.5372,a8w8_blockscale_1x128x128_256x64x64x256_16x16_32x32_1x1_16x16x1_16x16x1_1x32x1x8_8_1x1_intrawave_v1,617.99,1402.78,0.0
256,1935,8192,512,ck,0,0,26.5504,a8w8_blockscale_1x128x128_256x128x128x128_16x16_32x32_2x2_8x32x1_8x32x1_1x32x1x8_8_1x1_intrawave_v3,611.36,1389.36,0.0
256,1965,8192,512,ck,0,0,26.5523,a8w8_blockscale_1x128x128_256x128x128x128_16x16_32x32_2x2_8x32x1_8x32x1_1x32x1x8_8_1x1_intrawave_v3,620.8,1408.35,0.0
256,1962,8192,512,ck,18,0,26.5576,a8w8_blockscale_1x128x128_256x64x64x256_16x16_32x32_1x1_16x16x1_16x16x1_1x32x1x8_8_1x1_intrawave_v1,619.73,1406.16,0.0
256,1949,8192,512,ck,0,0,26.5739,a8w8_blockscale_1x128x128_256x128x128x128_16x16_32x32_2x2_8x32x1_8x32x1_1x32x1x8_8_1x1_intrawave_v3,615.24,1397.03,0.0
256,1968,8192,512,ck,0,0,26.5845,a8w8_blockscale_1x128x128_256x128x128x128_16x16_32x32_2x2_8x32x1_8x32x1_1x32x1x8_8_1x1_intrawave_v3,620.99,1408.55,0.0
256,1000,8192,1536,ck,0,0,26.5968,a8w8_blockscale_1x128x128_256x128x128x128_16x16_32x32_2x2_8x32x1_8x32x1_1x32x1x8_8_1x1_intrawave_v3,946.2,1146.86,0.0
256,1972,8192,512,ck,18,0,26.6033,a8w8_blockscale_1x128x128_256x64x64x256_16x16_32x32_1x1_16x16x1_16x16x1_1x32x1x8_8_1x1_intrawave_v1,621.82,1410.1,0.0
256,1926,8192,512,ck,0,0,26.6105,a8w8_blockscale_1x128x128_256x128x128x128_16x16_32x32_2x2_8x32x1_8x32x1_1x32x1x8_8_1x1_intrawave_v3,607.15,1380.51,0.0
256,1944,8192,512,ck,0,0,26.6123,a8w8_blockscale_1x128x128_256x128x128x128_16x16_32x32_2x2_8x32x1_8x32x1_1x32x1x8_8_1x1_intrawave_v3,612.78,1391.84,0.0
256,1953,8192,512,ck,0,0,26.618,a8w8_blockscale_1x128x128_256x128x128x128_16x16_32x32_2x2_8x32x1_8x32x1_1x32x1x8_8_1x1_intrawave_v3,615.48,1397.26,0.0
256,1957,8192,512,ck,0,0,26.6201,a8w8_blockscale_1x128x128_256x128x128x128_16x16_32x32_2x2_8x32x1_8x32x1_1x32x1x8_8_1x1_intrawave_v3,616.7,1399.69,0.0
256,1938,8192,512,ck,0,0,26.6388,a8w8_blockscale_1x128x128_256x128x128x128_16x16_32x32_2x2_8x32x1_8x32x1_1x32x1x8_8_1x1_intrawave_v3,610.28,1386.65,0.0
256,1960,8192,512,ck,0,0,26.6597,a8w8_blockscale_1x128x128_256x128x128x128_16x16_32x32_2x2_8x32x1_8x32x1_1x32x1x8_8_1x1_intrawave_v3,616.72,1399.51,0.0
256,2004,8192,512,ck,0,0,26.6838,a8w8_blockscale_1x128x128_256x128x128x128_16x16_32x32_2x2_8x32x1_8x32x1_1x32x1x8_8_1x1_intrawave_v3,630.0,1426.1,0.0
256,1958,8192,512,ck,0,0,26.6881,a8w8_blockscale_1x128x128_256x128x128x128_16x16_32x32_2x2_8x32x1_8x32x1_1x32x1x8_8_1x1_intrawave_v3,615.44,1396.75,0.0
256,1999,8192,512,ck,0,0,26.6952,a8w8_blockscale_1x128x128_256x128x128x128_16x16_32x32_2x2_8x32x1_8x32x1_1x32x1x8_8_1x1_intrawave_v3,628.16,1422.33,0.0
256,2020,8192,512,ck,0,0,26.7042,a8w8_blockscale_1x128x128_256x128x128x128_16x16_32x32_2x2_8x32x1_8x32x1_1x32x1x8_8_1x1_intrawave_v3,634.54,1435.14,0.0
256,1982,8192,512,ck,0,0,26.7251,a8w8_blockscale_1x128x128_256x128x128x128_16x16_32x32_2x2_8x32x1_8x32x1_1x32x1x8_8_1x1_intrawave_v3,622.12,1409.99,0.0
256,1993,8192,512,ck,0,0,26.7337,a8w8_blockscale_1x128x128_256x128x128x128_16x16_32x32_2x2_8x32x1_8x32x1_1x32x1x8_8_1x1_intrawave_v3,625.37,1416.49,0.0
256,1991,8192,512,ck,0,0,26.7406,a8w8_blockscale_1x128x128_256x128x128x128_16x16_32x32_2x2_8x32x1_8x32x1_1x32x1x8_8_1x1_intrawave_v3,624.58,1414.86,0.0
256,1987,8192,512,ck,0,0,26.7552,a8w8_blockscale_1x128x128_256x128x128x128_16x16_32x32_2x2_8x32x1_8x32x1_1x32x1x8_8_1x1_intrawave_v3,622.99,1411.56,0.0
256,2006,8192,512,ck,0,0,26.7568,a8w8_blockscale_1x128x128_256x128x128x128_16x16_32x32_2x2_8x32x1_8x32x1_1x32x1x8_8_1x1_intrawave_v3,628.91,1423.48,0.0
256,1964,8192,512,ck,0,0,26.7593,a8w8_blockscale_1x128x128_256x128x128x128_16x16_32x32_2x2_8x32x1_8x32x1_1x32x1x8_8_1x1_intrawave_v3,615.68,1396.82,0.0
256,1985,8192,512,ck,0,0,26.7682,a8w8_blockscale_1x128x128_256x128x128x128_16x16_32x32_2x2_8x32x1_8x32x1_1x32x1x8_8_1x1_intrawave_v3,622.06,1409.62,0.0
256,2008,8192,512,ck,0,0,26.7825,a8w8_blockscale_1x128x128_256x128x128x128_16x16_32x32_2x2_8x32x1_8x32x1_1x32x1x8_8_1x1_intrawave_v3,628.93,1423.37,0.0
256,2000,8192,512,ck,0,0,26.783,a8w8_blockscale_1x128x128_256x128x128x128_16x16_32x32_2x2_8x32x1_8x32x1_1x32x1x8_8_1x1_intrawave_v3,626.41,1418.3,0.0
256,1963,8192,512,ck,0,0,26.7855,a8w8_blockscale_1x128x128_256x128x128x128_16x16_32x32_2x2_8x32x1_8x32x1_1x32x1x8_8_1x1_intrawave_v3,614.77,1394.83,0.0
256,2003,8192,512,ck,0,0,26.7879,a8w8_blockscale_1x128x128_256x128x128x128_16x16_32x32_2x2_8x32x1_8x32x1_1x32x1x8_8_1x1_intrawave_v3,627.24,1419.93,0.0
256,1015,8192,1536,ck,0,0,26.8221,a8w8_blockscale_1x128x128_256x128x128x128_16x16_32x32_2x2_8x32x1_8x32x1_1x32x1x8_8_1x1_intrawave_v3,952.32,1147.25,0.0
256,1996,8192,512,ck,0,0,26.8359,a8w8_blockscale_1x128x128_256x128x128x128_16x16_32x32_2x2_8x32x1_8x32x1_1x32x1x8_8_1x1_intrawave_v3,623.93,1412.98,0.0
256,1989,8192,512,ck,0,0,26.8404,a8w8_blockscale_1x128x128_256x128x128x128_16x16_32x32_2x2_8x32x1_8x32x1_1x32x1x8_8_1x1_intrawave_v3,621.64,1408.34,0.0
256,2001,8192,512,ck,0,0,26.8419,a8w8_blockscale_1x128x128_256x128x128x128_16x16_32x32_2x2_8x32x1_8x32x1_1x32x1x8_8_1x1_intrawave_v3,625.35,1415.82,0.0
256,1971,8192,512,ck,18,0,26.8448,a8w8_blockscale_1x128x128_256x64x64x256_16x16_32x32_1x1_16x16x1_16x16x1_1x32x1x8_8_1x1_intrawave_v1,615.91,1396.78,0.0
256,2007,8192,512,ck,0,0,26.8485,a8w8_blockscale_1x128x128_256x128x128x128_16x16_32x32_2x2_8x32x1_8x32x1_1x32x1x8_8_1x1_intrawave_v3,627.07,1419.24,0.0
256,1990,8192,512,ck,0,0,26.8582,a8w8_blockscale_1x128x128_256x128x128x128_16x16_32x32_2x2_8x32x1_8x32x1_1x32x1x8_8_1x1_intrawave_v3,621.54,1408.04,0.0
256,1995,8192,512,ck,0,0,26.8773,a8w8_blockscale_1x128x128_256x128x128x128_16x16_32x32_2x2_8x32x1_8x32x1_1x32x1x8_8_1x1_intrawave_v3,622.65,1410.18,0.0
256,1992,8192,512,ck,0,0,26.8912,a8w8_blockscale_1x128x128_256x128x128x128_16x16_32x32_2x2_8x32x1_8x32x1_1x32x1x8_8_1x1_intrawave_v3,621.4,1407.57,0.0
256,2002,8192,512,ck,0,0,26.8937,a8w8_blockscale_1x128x128_256x128x128x128_16x16_32x32_2x2_8x32x1_8x32x1_1x32x1x8_8_1x1_intrawave_v3,624.46,1413.72,0.0
256,2014,8192,512,ck,0,0,26.8967,a8w8_blockscale_1x128x128_256x128x128x128_16x16_32x32_2x2_8x32x1_8x32x1_1x32x1x8_8_1x1_intrawave_v3,628.13,1421.1,0.0
256,2046,8192,512,ck,0,0,26.9197,a8w8_blockscale_1x128x128_256x128x128x128_16x16_32x32_2x2_8x32x1_8x32x1_1x32x1x8_8_1x1_intrawave_v3,637.57,1439.97,0.0
256,2012,8192,512,ck,0,0,26.9208,a8w8_blockscale_1x128x128_256x128x128x128_16x16_32x32_2x2_8x32x1_8x32x1_1x32x1x8_8_1x1_intrawave_v3,626.95,1418.57,0.0
256,1994,8192,512,ck,0,0,26.9401,a8w8_blockscale_1x128x128_256x128x128x128_16x16_32x32_2x2_8x32x1_8x32x1_1x32x1x8_8_1x1_intrawave_v3,620.89,1406.27,0.0
256,2009,8192,512,ck,0,0,26.9451,a8w8_blockscale_1x128x128_256x128x128x128_16x16_32x32_2x2_8x32x1_8x32x1_1x32x1x8_8_1x1_intrawave_v3,625.45,1415.41,0.0
256,2033,8192,512,ck,0,0,26.9458,a8w8_blockscale_1x128x128_256x128x128x128_16x16_32x32_2x2_8x32x1_8x32x1_1x32x1x8_8_1x1_intrawave_v3,632.9,1430.42,0.0
256,2028,8192,512,ck,0,0,26.9459,a8w8_blockscale_1x128x128_256x128x128x128_16x16_32x32_2x2_8x32x1_8x32x1_1x32x1x8_8_1x1_intrawave_v3,631.34,1427.28,0.0
256,2024,8192,512,ck,0,0,26.9597,a8w8_blockscale_1x128x128_256x128x128x128_16x16_32x32_2x2_8x32x1_8x32x1_1x32x1x8_8_1x1_intrawave_v3,629.77,1424.04,0.0
256,2029,8192,512,ck,0,0,26.998,a8w8_blockscale_1x128x128_256x128x128x128_16x16_32x32_2x2_8x32x1_8x32x1_1x32x1x8_8_1x1_intrawave_v3,630.44,1425.15,0.0
256,1988,8192,512,ck,0,0,26.998,a8w8_blockscale_1x128x128_256x128x128x128_16x16_32x32_2x2_8x32x1_8x32x1_1x32x1x8_8_1x1_intrawave_v3,617.7,1399.49,0.0
256,2034,8192,512,ck,0,0,27.0073,a8w8_blockscale_1x128x128_256x128x128x128_16x16_32x32_2x2_8x32x1_8x32x1_1x32x1x8_8_1x1_intrawave_v3,631.77,1427.79,0.0
256,2045,8192,512,ck,0,0,27.0197,a8w8_blockscale_1x128x128_256x128x128x128_16x16_32x32_2x2_8x32x1_8x32x1_1x32x1x8_8_1x1_intrawave_v3,634.9,1434.01,0.0
256,2044,8192,512,ck,0,0,27.0418,a8w8_blockscale_1x128x128_256x128x128x128_16x16_32x32_2x2_8x32x1_8x32x1_1x32x1x8_8_1x1_intrawave_v3,634.07,1432.22,0.0
256,2026,8192,512,ck,0,0,27.043,a8w8_blockscale_1x128x128_256x128x128x128_16x16_32x32_2x2_8x32x1_8x32x1_1x32x1x8_8_1x1_intrawave_v3,628.46,1420.91,0.0
256,2005,8192,512,ck,0,0,27.0438,a8w8_blockscale_1x128x128_256x128x128x128_16x16_32x32_2x2_8x32x1_8x32x1_1x32x1x8_8_1x1_intrawave_v3,621.92,1407.75,0.0
256,2030,8192,512,ck,0,0,27.0596,a8w8_blockscale_1x128x128_256x128x128x128_16x16_32x32_2x2_8x32x1_8x32x1_1x32x1x8_8_1x1_intrawave_v3,629.31,1422.53,0.0
256,2041,8192,512,ck,0,0,27.0809,a8w8_blockscale_1x128x128_256x128x128x128_16x16_32x32_2x2_8x32x1_8x32x1_1x32x1x8_8_1x1_intrawave_v3,632.22,1428.28,0.0
256,2040,8192,512,ck,0,0,27.0873,a8w8_blockscale_1x128x128_256x128x128x128_16x16_32x32_2x2_8x32x1_8x32x1_1x32x1x8_8_1x1_intrawave_v3,631.76,1427.32,0.0
256,2087,8192,512,ck,18,0,27.1083,a8w8_blockscale_1x128x128_256x64x64x256_16x16_32x32_1x1_16x16x1_16x16x1_1x32x1x8_8_1x1_intrawave_v1,645.82,1455.5,0.0
256,2042,8192,512,ck,0,0,27.1315,a8w8_blockscale_1x128x128_256x128x128x128_16x16_32x32_2x2_8x32x1_8x32x1_1x32x1x8_8_1x1_intrawave_v3,631.35,1426.24,0.0
256,2047,8192,512,ck,0,0,27.1473,a8w8_blockscale_1x128x128_256x128x128x128_16x16_32x32_2x2_8x32x1_8x32x1_1x32x1x8_8_1x1_intrawave_v3,632.53,1428.52,0.0
256,2043,8192,512,ck,0,0,27.1564,a8w8_blockscale_1x128x128_256x128x128x128_16x16_32x32_2x2_8x32x1_8x32x1_1x32x1x8_8_1x1_intrawave_v3,631.08,1425.55,0.0
256,2075,8192,512,ck,18,0,27.1923,a8w8_blockscale_1x128x128_256x64x64x256_16x16_32x32_1x1_16x16x1_16x16x1_1x32x1x8_8_1x1_intrawave_v1,640.12,1443.55,0.0
256,2067,8192,512,ck,18,0,27.2328,a8w8_blockscale_1x128x128_256x64x64x256_16x16_32x32_1x1_16x16x1_16x16x1_1x32x1x8_8_1x1_intrawave_v1,636.7,1436.44,0.0
256,2058,8192,512,ck,18,0,27.2765,a8w8_blockscale_1x128x128_256x64x64x256_16x16_32x32_1x1_16x16x1_16x16x1_1x32x1x8_8_1x1_intrawave_v1,632.92,1428.57,0.0
256,2068,8192,512,ck,18,0,27.3407,a8w8_blockscale_1x128x128_256x64x64x256_16x16_32x32_1x1_16x16x1_16x16x1_1x32x1x8_8_1x1_intrawave_v1,634.5,1431.39,0.0
256,2088,8192,512,ck,18,0,27.353,a8w8_blockscale_1x128x128_256x64x64x256_16x16_32x32_1x1_16x16x1_16x16x1_1x32x1x8_8_1x1_intrawave_v1,640.35,1443.1,0.0
256,2094,8192,512,ck,18,0,27.4313,a8w8_blockscale_1x128x128_256x64x64x256_16x16_32x32_1x1_16x16x1_16x16x1_1x32x1x8_8_1x1_intrawave_v1,640.35,1442.68,0.0
256,2120,8192,512,ck,18,0,27.4322,a8w8_blockscale_1x128x128_256x64x64x256_16x16_32x32_1x1_16x16x1_16x16x1_1x32x1x8_8_1x1_intrawave_v1,648.28,1458.64,0.0
256,2053,8192,512,ck,18,0,27.4381,a8w8_blockscale_1x128x128_256x64x64x256_16x16_32x32_1x1_16x16x1_16x16x1_1x32x1x8_8_1x1_intrawave_v1,627.66,1417.07,0.0
256,2066,8192,512,ck,18,0,27.4437,a8w8_blockscale_1x128x128_256x64x64x256_16x16_32x32_1x1_16x16x1_16x16x1_1x32x1x8_8_1x1_intrawave_v1,631.51,1424.79,0.0
256,2079,8192,512,ck,18,0,27.464,a8w8_blockscale_1x128x128_256x64x64x256_16x16_32x32_1x1_16x16x1_16x16x1_1x32x1x8_8_1x1_intrawave_v1,635.01,1431.73,0.0
256,2114,8192,512,ck,18,0,27.4965,a8w8_blockscale_1x128x128_256x64x64x256_16x16_32x32_1x1_16x16x1_16x16x1_1x32x1x8_8_1x1_intrawave_v1,644.94,1451.55,0.0
256,2085,8192,512,ck,18,0,27.4995,a8w8_blockscale_1x128x128_256x64x64x256_16x16_32x32_1x1_16x16x1_16x16x1_1x32x1x8_8_1x1_intrawave_v1,636.02,1433.57,0.0
256,2124,8192,512,ck,18,0,27.5128,a8w8_blockscale_1x128x128_256x64x64x256_16x16_32x32_1x1_16x16x1_16x16x1_1x32x1x8_8_1x1_intrawave_v1,647.6,1456.83,0.0
256,2139,8192,512,ck,18,0,27.5178,a8w8_blockscale_1x128x128_256x64x64x256_16x16_32x32_1x1_16x16x1_16x16x1_1x32x1x8_8_1x1_intrawave_v1,652.06,1465.77,0.0
256,2097,8192,512,ck,18,0,27.5286,a8w8_blockscale_1x128x128_256x64x64x256_16x16_32x32_1x1_16x16x1_16x16x1_1x32x1x8_8_1x1_intrawave_v1,639.0,1439.42,0.0
256,2113,8192,512,ck,18,0,27.5345,a8w8_blockscale_1x128x128_256x64x64x256_16x16_32x32_1x1_16x16x1_16x16x1_1x32x1x8_8_1x1_intrawave_v1,643.74,1448.93,0.0
256,2083,8192,512,ck,18,0,27.5613,a8w8_blockscale_1x128x128_256x64x64x256_16x16_32x32_1x1_16x16x1_16x16x1_1x32x1x8_8_1x1_intrawave_v1,633.99,1429.13,0.0
256,2054,8192,512,ck,18,0,27.5797,a8w8_blockscale_1x128x128_256x64x64x256_16x16_32x32_1x1_16x16x1_16x16x1_1x32x1x8_8_1x1_intrawave_v1,624.74,1410.41,0.0
256,2080,8192,512,ck,18,0,27.5936,a8w8_blockscale_1x128x128_256x64x64x256_16x16_32x32_1x1_16x16x1_16x16x1_1x32x1x8_8_1x1_intrawave_v1,632.33,1425.62,0.0
256,2134,8192,512,ck,18,0,27.5945,a8w8_blockscale_1x128x128_256x64x64x256_16x16_32x32_1x1_16x16x1_16x16x1_1x32x1x8_8_1x1_intrawave_v1,648.73,1458.64,0.0
256,2105,8192,512,ck,18,0,27.6113,a8w8_blockscale_1x128x128_256x64x64x256_16x16_32x32_1x1_16x16x1_16x16x1_1x32x1x8_8_1x1_intrawave_v1,639.52,1440.0,0.0
256,272,7168,4096,ck,12,0,27.6393,a8w8_blockscale_1x128x128_256x32x128x256_16x16_32x32_1x1_16x16x1_16x16x1_1x32x1x8_8_1x1_intrawave_v1,577.87,1243.65,0.0
256,2057,8192,512,ck,18,0,27.6584,a8w8_blockscale_1x128x128_256x64x64x256_16x16_32x32_1x1_16x16x1_16x16x1_1x32x1x8_8_1x1_intrawave_v1,623.87,1408.23,0.0
256,2143,8192,512,ck,18,0,27.7133,a8w8_blockscale_1x128x128_256x64x64x256_16x16_32x32_1x1_16x16x1_16x16x1_1x32x1x8_8_1x1_intrawave_v1,648.67,1457.87,0.0
256,2065,8192,512,ck,18,0,27.7189,a8w8_blockscale_1x128x128_256x64x64x256_16x16_32x32_1x1_16x16x1_16x16x1_1x32x1x8_8_1x1_intrawave_v1,624.93,1410.03,0.0
256,2106,8192,512,ck,18,0,27.7257,a8w8_blockscale_1x128x128_256x64x64x256_16x16_32x32_1x1_16x16x1_16x16x1_1x32x1x8_8_1x1_intrawave_v1,637.19,1434.67,0.0
256,2132,8192,512,ck,18,0,27.737,a8w8_blockscale_1x128x128_256x64x64x256_16x16_32x32_1x1_16x16x1_16x16x1_1x32x1x8_8_1x1_intrawave_v1,644.79,1449.93,0.0
256,2129,8192,512,ck,18,0,27.7707,a8w8_blockscale_1x128x128_256x64x64x256_16x16_32x32_1x1_16x16x1_16x16x1_1x32x1x8_8_1x1_intrawave_v1,643.1,1446.34,0.0
256,2059,8192,512,ck,18,0,27.7776,a8w8_blockscale_1x128x128_256x64x64x256_16x16_32x32_1x1_16x16x1_16x16x1_1x32x1x8_8_1x1_intrawave_v1,621.8,1403.4,0.0
256,2100,8192,512,ck,18,0,27.7949,a8w8_blockscale_1x128x128_256x64x64x256_16x16_32x32_1x1_16x16x1_16x16x1_1x32x1x8_8_1x1_intrawave_v1,633.79,1427.45,0.0
256,2051,8192,512,ck,18,0,27.8073,a8w8_blockscale_1x128x128_256x64x64x256_16x16_32x32_1x1_16x16x1_16x16x1_1x32x1x8_8_1x1_intrawave_v1,618.72,1397.04,0.0
256,2071,8192,512,ck,18,0,27.8153,a8w8_blockscale_1x128x128_256x64x64x256_16x16_32x32_1x1_16x16x1_16x16x1_1x32x1x8_8_1x1_intrawave_v1,624.58,1408.79,0.0
256,2166,8192,512,ck,18,0,27.8185,a8w8_blockscale_1x128x128_256x64x64x256_16x16_32x32_1x1_16x16x1_16x16x1_1x32x1x8_8_1x1_intrawave_v1,653.15,1466.33,0.0
256,2081,8192,512,ck,18,0,27.8385,a8w8_blockscale_1x128x128_256x64x64x256_16x16_32x32_1x1_16x16x1_16x16x1_1x32x1x8_8_1x1_intrawave_v1,627.07,1413.69,0.0
256,2145,8192,512,ck,18,0,27.8733,a8w8_blockscale_1x128x128_256x64x64x256_16x16_32x32_1x1_16x16x1_16x16x1_1x32x1x8_8_1x1_intrawave_v1,645.55,1450.72,0.0
256,2070,8192,512,ck,18,0,27.8773,a8w8_blockscale_1x128x128_256x64x64x256_16x16_32x32_1x1_16x16x1_16x16x1_1x32x1x8_8_1x1_intrawave_v1,622.89,1405.05,0.0
256,2095,8192,512,ck,18,0,27.8922,a8w8_blockscale_1x128x128_256x64x64x256_16x16_32x32_1x1_16x16x1_16x16x1_1x32x1x8_8_1x1_intrawave_v1,630.07,1419.44,0.0
256,2141,8192,512,ck,18,0,27.9377,a8w8_blockscale_1x128x128_256x64x64x256_16x16_32x32_1x1_16x16x1_16x16x1_1x32x1x8_8_1x1_intrawave_v1,642.86,1444.95,0.0
256,288,7168,4096,ck,12,0,27.9521,a8w8_blockscale_1x128x128_256x32x128x256_16x16_32x32_1x1_16x16x1_16x16x1_1x32x1x8_8_1x1_intrawave_v1,605.01,1240.28,0.0
256,2049,8192,512,ck,18,0,27.9548,a8w8_blockscale_1x128x128_256x64x64x256_16x16_32x32_1x1_16x16x1_16x16x1_1x32x1x8_8_1x1_intrawave_v1,614.86,1388.46,0.0
256,2099,8192,512,ck,18,0,27.9645,a8w8_blockscale_1x128x128_256x64x64x256_16x16_32x32_1x1_16x16x1_16x16x1_1x32x1x8_8_1x1_intrawave_v1,629.64,1418.19,0.0
256,2169,8192,512,ck,18,0,27.9741,a8w8_blockscale_1x128x128_256x64x64x256_16x16_32x32_1x1_16x16x1_16x16x1_1x32x1x8_8_1x1_intrawave_v1,650.42,1459.98,0.0
256,2136,8192,512,ck,18,0,27.9865,a8w8_blockscale_1x128x128_256x64x64x256_16x16_32x32_1x1_16x16x1_16x16x1_1x32x1x8_8_1x1_intrawave_v1,640.24,1439.41,0.0
256,2111,8192,512,ck,18,0,28.0325,a8w8_blockscale_1x128x128_256x64x64x256_16x16_32x32_1x1_16x16x1_16x16x1_1x32x1x8_8_1x1_intrawave_v1,631.71,1421.98,0.0
256,2152,8192,512,ck,18,0,28.034,a8w8_blockscale_1x128x128_256x64x64x256_16x16_32x32_1x1_16x16x1_16x16x1_1x32x1x8_8_1x1_intrawave_v1,643.94,1446.62,0.0
256,2127,8192,512,ck,18,0,28.0429,a8w8_blockscale_1x128x128_256x64x64x256_16x16_32x32_1x1_16x16x1_16x16x1_1x32x1x8_8_1x1_intrawave_v1,636.26,1431.1,0.0
256,2172,8192,512,ck,18,0,28.0465,a8w8_blockscale_1x128x128_256x64x64x256_16x16_32x32_1x1_16x16x1_16x16x1_1x32x1x8_8_1x1_intrawave_v1,649.64,1458.02,0.0
256,2130,8192,512,ck,18,0,28.0751,a8w8_blockscale_1x128x128_256x64x64x256_16x16_32x32_1x1_16x16x1_16x16x1_1x32x1x8_8_1x1_intrawave_v1,636.43,1431.26,0.0
256,2137,8192,512,ck,18,0,28.0965,a8w8_blockscale_1x128x128_256x64x64x256_16x16_32x32_1x1_16x16x1_16x16x1_1x32x1x8_8_1x1_intrawave_v1,638.03,1434.38,0.0
256,2102,8192,512,ck,18,0,28.1277,a8w8_blockscale_1x128x128_256x64x64x256_16x16_32x32_1x1_16x16x1_16x16x1_1x32x1x8_8_1x1_intrawave_v1,626.89,1411.76,0.0
256,2138,8192,512,ck,18,0,28.1601,a8w8_blockscale_1x128x128_256x64x64x256_16x16_32x32_1x1_16x16x1_16x16x1_1x32x1x8_8_1x1_intrawave_v1,636.89,1431.74,0.0
256,2091,8192,512,ck,18,0,28.1711,a8w8_blockscale_1x128x128_256x64x64x256_16x16_32x32_1x1_16x16x1_16x16x1_1x32x1x8_8_1x1_intrawave_v1,622.64,1402.99,0.0
256,2098,8192,512,ck,18,0,28.1908,a8w8_blockscale_1x128x128_256x64x64x256_16x16_32x32_1x1_16x16x1_16x16x1_1x32x1x8_8_1x1_intrawave_v1,624.29,1406.21,0.0
256,2148,8192,512,ck,18,0,28.1965,a8w8_blockscale_1x128x128_256x64x64x256_16x16_32x32_1x1_16x16x1_16x16x1_1x32x1x8_8_1x1_intrawave_v1,639.04,1435.88,0.0
256,2131,8192,512,ck,18,0,28.1997,a8w8_blockscale_1x128x128_256x64x64x256_16x16_32x32_1x1_16x16x1_16x16x1_1x32x1x8_8_1x1_intrawave_v1,633.91,1425.54,0.0
256,2122,8192,512,ck,18,0,28.1997,a8w8_blockscale_1x128x128_256x64x64x256_16x16_32x32_1x1_16x16x1_16x16x1_1x32x1x8_8_1x1_intrawave_v1,631.23,1420.14,0.0
256,2146,8192,512,ck,18,0,28.2045,a8w8_blockscale_1x128x128_256x64x64x256_16x16_32x32_1x1_16x16x1_16x16x1_1x32x1x8_8_1x1_intrawave_v1,638.27,1434.28,0.0
256,2163,8192,512,ck,18,0,28.2129,a8w8_blockscale_1x128x128_256x64x64x256_16x16_32x32_1x1_16x16x1_16x16x1_1x32x1x8_8_1x1_intrawave_v1,643.13,1444.03,0.0
256,2214,8192,512,ck,18,0,28.2789,a8w8_blockscale_1x128x128_256x64x64x256_16x16_32x32_1x1_16x16x1_16x16x1_1x32x1x8_8_1x1_intrawave_v1,656.76,1471.13,0.0
256,2183,8192,512,ck,18,0,28.3019,a8w8_blockscale_1x128x128_256x64x64x256_16x16_32x32_1x1_16x16x1_16x16x1_1x32x1x8_8_1x1_intrawave_v1,647.04,1451.43,0.0
256,2174,8192,512,ck,18,0,28.3313,a8w8_blockscale_1x128x128_256x64x64x256_16x16_32x32_1x1_16x16x1_16x16x1_1x32x1x8_8_1x1_intrawave_v1,643.7,1444.56,0.0
256,2133,8192,512,ck,18,0,28.3521,a8w8_blockscale_1x128x128_256x64x64x256_16x16_32x32_1x1_16x16x1_16x16x1_1x32x1x8_8_1x1_intrawave_v1,631.1,1419.06,0.0
256,2104,8192,512,ck,18,0,28.3871,a8w8_blockscale_1x128x128_256x64x64x256_16x16_32x32_1x1_16x16x1_16x16x1_1x32x1x8_8_1x1_intrawave_v1,621.75,1400.05,0.0
256,2208,8192,512,ck,18,0,28.4465,a8w8_blockscale_1x128x128_256x64x64x256_16x16_32x32_1x1_16x16x1_16x16x1_1x32x1x8_8_1x1_intrawave_v1,651.12,1458.9,0.0
256,2182,8192,512,ck,18,0,28.5702,a8w8_blockscale_1x128x128_256x64x64x256_16x16_32x32_1x1_16x16x1_16x16x1_1x32x1x8_8_1x1_intrawave_v1,640.67,1437.21,0.0
256,2212,8192,512,ck,18,0,28.7157,a8w8_blockscale_1x128x128_256x64x64x256_16x16_32x32_1x1_16x16x1_16x16x1_1x32x1x8_8_1x1_intrawave_v1,646.18,1447.58,0.0
256,2232,8192,512,ck,18,0,28.7281,a8w8_blockscale_1x128x128_256x64x64x256_16x16_32x32_1x1_16x16x1_16x16x1_1x32x1x8_8_1x1_intrawave_v1,651.74,1458.72,0.0
256,2193,8192,512,ck,18,0,28.7801,a8w8_blockscale_1x128x128_256x64x64x256_16x16_32x32_1x1_16x16x1_16x16x1_1x32x1x8_8_1x1_intrawave_v1,639.2,1433.19,0.0
256,2262,8192,512,ck,18,0,28.7813,a8w8_blockscale_1x128x128_256x64x64x256_16x16_32x32_1x1_16x16x1_16x16x1_1x32x1x8_8_1x1_intrawave_v1,659.28,1473.63,0.0
256,2186,8192,512,ck,18,0,28.7937,a8w8_blockscale_1x128x128_256x64x64x256_16x16_32x32_1x1_16x16x1_16x16x1_1x32x1x8_8_1x1_intrawave_v1,636.86,1428.4,0.0
256,2263,8192,512,ck,18,0,28.7945,a8w8_blockscale_1x128x128_256x64x64x256_16x16_32x32_1x1_16x16x1_16x16x1_1x32x1x8_8_1x1_intrawave_v1,659.27,1473.54,0.0
256,2177,8192,512,ck,18,0,28.7953,a8w8_blockscale_1x128x128_256x64x64x256_16x16_32x32_1x1_16x16x1_16x16x1_1x32x1x8_8_1x1_intrawave_v1,634.2,1423.04,0.0
256,2272,8192,512,ck,18,0,28.7969,a8w8_blockscale_1x128x128_256x64x64x256_16x16_32x32_1x1_16x16x1_16x16x1_1x32x1x8_8_1x1_intrawave_v1,661.84,1478.7,0.0
256,2179,8192,512,ck,18,0,28.7981,a8w8_blockscale_1x128x128_256x64x64x256_16x16_32x32_1x1_16x16x1_16x16x1_1x32x1x8_8_1x1_intrawave_v1,634.72,1424.08,0.0
256,2187,8192,512,ck,18,0,28.8145,a8w8_blockscale_1x128x128_256x64x64x256_16x16_32x32_1x1_16x16x1_16x16x1_1x32x1x8_8_1x1_intrawave_v1,636.69,1427.96,0.0
256,2253,8192,512,ck,18,0,28.8162,a8w8_blockscale_1x128x128_256x64x64x256_16x16_32x32_1x1_16x16x1_16x16x1_1x32x1x8_8_1x1_intrawave_v1,655.86,1466.57,0.0
256,2231,8192,512,ck,18,0,28.8253,a8w8_blockscale_1x128x128_256x64x64x256_16x16_32x32_1x1_16x16x1_16x16x1_1x32x1x8_8_1x1_intrawave_v1,649.26,1453.21,0.0
256,2210,8192,512,ck,18,0,28.8742,a8w8_blockscale_1x128x128_256x64x64x256_16x16_32x32_1x1_16x16x1_16x16x1_1x32x1x8_8_1x1_intrawave_v1,642.05,1438.46,0.0
256,2184,8192,512,ck,18,0,28.9137,a8w8_blockscale_1x128x128_256x64x64x256_16x16_32x32_1x1_16x16x1_16x16x1_1x32x1x8_8_1x1_intrawave_v1,633.63,1421.3,0.0
256,2219,8192,512,ck,18,0,28.9645,a8w8_blockscale_1x128x128_256x64x64x256_16x16_32x32_1x1_16x16x1_16x16x1_1x32x1x8_8_1x1_intrawave_v1,642.66,1439.23,0.0
256,2291,8192,512,ck,18,0,28.9709,a8w8_blockscale_1x128x128_256x64x64x256_16x16_32x32_1x1_16x16x1_16x16x1_1x32x1x8_8_1x1_intrawave_v1,663.37,1480.9,0.0
256,2225,8192,512,ck,18,0,28.9817,a8w8_blockscale_1x128x128_256x64x64x256_16x16_32x32_1x1_16x16x1_16x16x1_1x32x1x8_8_1x1_intrawave_v1,644.02,1441.87,0.0
256,2297,8192,512,ck,18,0,28.9831,a8w8_blockscale_1x128x128_256x64x64x256_16x16_32x32_1x1_16x16x1_16x16x1_1x32x1x8_8_1x1_intrawave_v1,664.82,1483.78,0.0
256,2255,8192,512,ck,18,0,28.9921,a8w8_blockscale_1x128x128_256x64x64x256_16x16_32x32_1x1_16x16x1_16x16x1_1x32x1x8_8_1x1_intrawave_v1,652.46,1458.84,0.0
256,2302,8192,512,ck,18,0,28.9985,a8w8_blockscale_1x128x128_256x64x64x256_16x16_32x32_1x1_16x16x1_16x16x1_1x32x1x8_8_1x1_intrawave_v1,665.92,1485.9,0.0
256,2237,8192,512,ck,18,0,29.0143,a8w8_blockscale_1x128x128_256x64x64x256_16x16_32x32_1x1_16x16x1_16x16x1_1x32x1x8_8_1x1_intrawave_v1,646.76,1447.24,0.0
256,2192,8192,512,ck,18,0,29.0205,a8w8_blockscale_1x128x128_256x64x64x256_16x16_32x32_1x1_16x16x1_16x16x1_1x32x1x8_8_1x1_intrawave_v1,633.62,1420.73,0.0
256,2238,8192,512,ck,18,0,29.0401,a8w8_blockscale_1x128x128_256x64x64x256_16x16_32x32_1x1_16x16x1_16x16x1_1x32x1x8_8_1x1_intrawave_v1,646.48,1446.54,0.0
256,2180,8192,512,ck,0,0,29.0547,a8w8_blockscale_1x128x128_256x128x128x128_16x16_32x32_2x2_8x32x1_8x32x1_1x32x1x8_8_1x1_intrawave_v3,629.4,1412.08,0.0
256,2244,8192,512,ck,18,0,29.0577,a8w8_blockscale_1x128x128_256x64x64x256_16x16_32x32_1x1_16x16x1_16x16x1_1x32x1x8_8_1x1_intrawave_v1,647.82,1449.15,0.0
256,2250,8192,512,ck,18,0,29.1017,a8w8_blockscale_1x128x128_256x64x64x256_16x16_32x32_1x1_16x16x1_16x16x1_1x32x1x8_8_1x1_intrawave_v1,648.57,1450.44,0.0
256,2216,8192,512,ck,18,0,29.1021,a8w8_blockscale_1x128x128_256x64x64x256_16x16_32x32_1x1_16x16x1_16x16x1_1x32x1x8_8_1x1_intrawave_v1,638.76,1430.68,0.0
256,2286,8192,512,ck,18,0,29.1141,a8w8_blockscale_1x128x128_256x64x64x256_16x16_32x32_1x1_16x16x1_16x16x1_1x32x1x8_8_1x1_intrawave_v1,658.66,1470.72,0.0
256,2190,8192,512,ck,18,0,29.1281,a8w8_blockscale_1x128x128_256x64x64x256_16x16_32x32_1x1_16x16x1_16x16x1_1x32x1x8_8_1x1_intrawave_v1,630.7,1414.32,0.0
256,2224,8192,512,ck,0,0,29.1368,a8w8_blockscale_1x128x128_256x128x128x128_16x16_32x32_2x2_8x32x1_8x32x1_1x32x1x8_8_1x1_intrawave_v3,640.3,1433.62,0.0
256,2246,8192,512,ck,18,0,29.1609,a8w8_blockscale_1x128x128_256x64x64x256_16x16_32x32_1x1_16x16x1_16x16x1_1x32x1x8_8_1x1_intrawave_v1,646.1,1445.18,0.0
256,2292,8192,512,ck,18,0,29.1725,a8w8_blockscale_1x128x128_256x64x64x256_16x16_32x32_1x1_16x16x1_16x16x1_1x32x1x8_8_1x1_intrawave_v1,659.07,1471.25,0.0
256,2290,8192,512,ck,18,0,29.1725,a8w8_blockscale_1x128x128_256x64x64x256_16x16_32x32_1x1_16x16x1_16x16x1_1x32x1x8_8_1x1_intrawave_v1,658.49,1470.09,0.0
256,2178,8192,512,ck,18,0,29.1737,a8w8_blockscale_1x128x128_256x64x64x256_16x16_32x32_1x1_16x16x1_16x16x1_1x32x1x8_8_1x1_intrawave_v1,626.26,1405.16,0.0
256,2221,8192,512,ck,18,0,29.2333,a8w8_blockscale_1x128x128_256x64x64x256_16x16_32x32_1x1_16x16x1_16x16x1_1x32x1x8_8_1x1_intrawave_v1,637.32,1427.15,0.0
256,2304,8192,512,ck,0,0,29.2418,a8w8_blockscale_1x128x128_256x128x128x128_16x16_32x32_2x2_8x32x1_8x32x1_1x32x1x8_8_1x1_intrawave_v3,660.95,1474.69,0.0
256,2245,8192,512,ck,18,0,29.2421,a8w8_blockscale_1x128x128_256x64x64x256_16x16_32x32_1x1_16x16x1_16x16x1_1x32x1x8_8_1x1_intrawave_v1,644.02,1440.59,0.0
256,2269,8192,512,ck,0,0,29.2531,a8w8_blockscale_1x128x128_256x128x128x128_16x16_32x32_2x2_8x32x1_8x32x1_1x32x1x8_8_1x1_intrawave_v3,650.66,1453.91,0.0
256,2207,8192,512,ck,18,0,29.2605,a8w8_blockscale_1x128x128_256x64x64x256_16x16_32x32_1x1_16x16x1_16x16x1_1x32x1x8_8_1x1_intrawave_v1,632.72,1417.74,0.0
256,2300,8192,512,ck,18,0,29.2641,a8w8_blockscale_1x128x128_256x64x64x256_16x16_32x32_1x1_16x16x1_16x16x1_1x32x1x8_8_1x1_intrawave_v1,659.3,1471.26,0.0
256,2196,8192,512,ck,0,0,29.2785,a8w8_blockscale_1x128x128_256x128x128x128_16x16_32x32_2x2_8x32x1_8x32x1_1x32x1x8_8_1x1_intrawave_v3,629.18,1410.52,0.0
256,2198,8192,512,ck,18,0,29.3301,a8w8_blockscale_1x128x128_256x64x64x256_16x16_32x32_1x1_16x16x1_16x16x1_1x32x1x8_8_1x1_intrawave_v1,628.64,1409.19,0.0
256,2204,8192,512,ck,18,0,29.3435,a8w8_blockscale_1x128x128_256x64x64x256_16x16_32x32_1x1_16x16x1_16x16x1_1x32x1x8_8_1x1_intrawave_v1,630.07,1412.0,0.0
256,2239,8192,512,ck,18,0,29.4009,a8w8_blockscale_1x128x128_256x64x64x256_16x16_32x32_1x1_16x16x1_16x16x1_1x32x1x8_8_1x1_intrawave_v1,638.83,1429.36,0.0
256,2248,8192,512,ck,18,0,29.4029,a8w8_blockscale_1x128x128_256x64x64x256_16x16_32x32_1x1_16x16x1_16x16x1_1x32x1x8_8_1x1_intrawave_v1,641.35,1434.43,0.0
256,2295,8192,512,ck,18,0,29.4077,a8w8_blockscale_1x128x128_256x64x64x256_16x16_32x32_1x1_16x16x1_16x16x1_1x32x1x8_8_1x1_intrawave_v1,654.65,1461.2,0.0
256,2298,8192,512,ck,0,0,29.4283,a8w8_blockscale_1x128x128_256x128x128x128_16x16_32x32_2x2_8x32x1_8x32x1_1x32x1x8_8_1x1_intrawave_v3,655.05,1461.9,0.0
256,2220,8192,512,ck,0,0,29.456,a8w8_blockscale_1x128x128_256x128x128x128_16x16_32x32_2x2_8x32x1_8x32x1_1x32x1x8_8_1x1_intrawave_v3,632.22,1415.79,0.0
256,2235,8192,512,ck,18,0,29.4629,a8w8_blockscale_1x128x128_256x64x64x256_16x16_32x32_1x1_16x16x1_16x16x1_1x32x1x8_8_1x1_intrawave_v1,636.34,1424.06,0.0
256,1301,6144,1536,ck,14,0,29.4757,a8w8_blockscale_1x128x128_256x64x256x128_16x16_32x32_2x2_8x32x1_8x32x1_1x32x1x8_8_1x1_intrawave_v1,833.08,930.33,0.0
256,2284,8192,512,ck,0,0,29.4827,a8w8_blockscale_1x128x128_256x128x128x128_16x16_32x32_2x2_8x32x1_8x32x1_1x32x1x8_8_1x1_intrawave_v3,649.86,1451.18,0.0
256,2285,8192,512,ck,0,0,29.5009,a8w8_blockscale_1x128x128_256x128x128x128_16x16_32x32_2x2_8x32x1_8x32x1_1x32x1x8_8_1x1_intrawave_v3,649.74,1450.86,0.0
256,2260,8192,512,ck,0,0,29.5073,a8w8_blockscale_1x128x128_256x128x128x128_16x16_32x32_2x2_8x32x1_8x32x1_1x32x1x8_8_1x1_intrawave_v3,642.49,1436.23,0.0
256,2283,8192,512,ck,18,0,29.5213,a8w8_blockscale_1x128x128_256x64x64x256_16x16_32x32_1x1_16x16x1_16x16x1_1x32x1x8_8_1x1_intrawave_v1,648.72,1448.71,0.0
256,2249,8192,512,ck,18,0,29.5277,a8w8_blockscale_1x128x128_256x64x64x256_16x16_32x32_1x1_16x16x1_16x16x1_1x32x1x8_8_1x1_intrawave_v1,638.92,1428.94,0.0
256,2364,8192,512,ck,0,0,29.5375,a8w8_blockscale_1x128x128_256x128x128x128_16x16_32x32_2x2_8x32x1_8x32x1_1x32x1x8_8_1x1_intrawave_v3,671.37,1494.25,0.0
256,2278,8192,512,ck,0,0,29.545,a8w8_blockscale_1x128x128_256x128x128x128_16x16_32x32_2x2_8x32x1_8x32x1_1x32x1x8_8_1x1_intrawave_v3,646.78,1444.69,0.0
256,2240,8192,512,ck,0,0,29.5699,a8w8_blockscale_1x128x128_256x128x128x128_16x16_32x32_2x2_8x32x1_8x32x1_1x32x1x8_8_1x1_intrawave_v3,635.46,1421.76,0.0
256,2257,8192,512,ck,0,0,29.5713,a8w8_blockscale_1x128x128_256x128x128x128_16x16_32x32_2x2_8x32x1_8x32x1_1x32x1x8_8_1x1_intrawave_v3,640.25,1431.41,0.0
256,2430,8192,512,ck,0,0,29.5903,a8w8_blockscale_1x128x128_256x128x128x128_16x16_32x32_2x2_8x32x1_8x32x1_1x32x1x8_8_1x1_intrawave_v3,688.89,1529.27,0.0
256,2242,8192,512,ck,0,0,29.6103,a8w8_blockscale_1x128x128_256x128x128x128_16x16_32x32_2x2_8x32x1_8x32x1_1x32x1x8_8_1x1_intrawave_v3,635.16,1420.96,0.0
256,2310,8192,512,ck,0,0,29.6324,a8w8_blockscale_1x128x128_256x128x128x128_16x16_32x32_2x2_8x32x1_8x32x1_1x32x1x8_8_1x1_intrawave_v3,653.94,1458.68,0.0
256,2308,8192,512,ck,0,0,29.6406,a8w8_blockscale_1x128x128_256x128x128x128_16x16_32x32_2x2_8x32x1_8x32x1_1x32x1x8_8_1x1_intrawave_v3,653.19,1457.13,0.0
256,2374,8192,512,ck,0,0,29.6442,a8w8_blockscale_1x128x128_256x128x128x128_16x16_32x32_2x2_8x32x1_8x32x1_1x32x1x8_8_1x1_intrawave_v3,671.79,1494.57,0.0
256,2350,8192,512,ck,0,0,29.6451,a8w8_blockscale_1x128x128_256x128x128x128_16x16_32x32_2x2_8x32x1_8x32x1_1x32x1x8_8_1x1_intrawave_v3,664.97,1480.85,0.0
256,2475,8192,512,ck,0,0,29.6467,a8w8_blockscale_1x128x128_256x128x128x128_16x16_32x32_2x2_8x32x1_8x32x1_1x32x1x8_8_1x1_intrawave_v3,700.31,1552.01,0.0
256,2341,8192,512,ck,0,0,29.6519,a8w8_blockscale_1x128x128_256x128x128x128_16x16_32x32_2x2_8x32x1_8x32x1_1x32x1x8_8_1x1_intrawave_v3,662.28,1475.38,0.0
256,2348,8192,512,ck,0,0,29.6908,a8w8_blockscale_1x128x128_256x128x128x128_16x16_32x32_2x2_8x32x1_8x32x1_1x32x1x8_8_1x1_intrawave_v3,663.39,1477.43,0.0
256,2275,8192,512,ck,18,0,29.6957,a8w8_blockscale_1x128x128_256x64x64x256_16x16_32x32_1x1_16x16x1_16x16x1_1x32x1x8_8_1x1_intrawave_v1,642.65,1435.65,0.0
256,2389,8192,512,ck,0,0,29.6999,a8w8_blockscale_1x128x128_256x128x128x128_16x16_32x32_2x2_8x32x1_8x32x1_1x32x1x8_8_1x1_intrawave_v3,674.76,1500.3,0.0
256,2353,8192,512,ck,0,0,29.705,a8w8_blockscale_1x128x128_256x128x128x128_16x16_32x32_2x2_8x32x1_8x32x1_1x32x1x8_8_1x1_intrawave_v3,664.48,1479.57,0.0
256,2328,8192,512,ck,0,0,29.7189,a8w8_blockscale_1x128x128_256x128x128x128_16x16_32x32_2x2_8x32x1_8x32x1_1x32x1x8_8_1x1_intrawave_v3,657.11,1464.66,0.0
256,2352,8192,512,ck,0,0,29.741,a8w8_blockscale_1x128x128_256x128x128x128_16x16_32x32_2x2_8x32x1_8x32x1_1x32x1x8_8_1x1_intrawave_v3,663.39,1477.21,0.0
256,2306,8192,512,ck,0,0,29.7437,a8w8_blockscale_1x128x128_256x128x128x128_16x16_32x32_2x2_8x32x1_8x32x1_1x32x1x8_8_1x1_intrawave_v3,650.36,1450.95,0.0
256,1334,6144,1536,ck,14,0,29.7585,a8w8_blockscale_1x128x128_256x64x256x128_16x16_32x32_2x2_8x32x1_8x32x1_1x32x1x8_8_1x1_intrawave_v1,846.09,936.82,0.0
256,2415,8192,512,ck,0,0,29.7613,a8w8_blockscale_1x128x128_256x128x128x128_16x16_32x32_2x2_8x32x1_8x32x1_1x32x1x8_8_1x1_intrawave_v3,680.7,1511.97,0.0
256,2456,8192,512,ck,0,0,29.765,a8w8_blockscale_1x128x128_256x128x128x128_16x16_32x32_2x2_8x32x1_8x32x1_1x32x1x8_8_1x1_intrawave_v3,692.17,1535.05,0.0
256,2324,8192,512,ck,0,0,29.7704,a8w8_blockscale_1x128x128_256x128x128x128_16x16_32x32_2x2_8x32x1_8x32x1_1x32x1x8_8_1x1_intrawave_v3,654.85,1459.86,0.0
256,2397,8192,512,ck,0,0,29.7843,a8w8_blockscale_1x128x128_256x128x128x128_16x16_32x32_2x2_8x32x1_8x32x1_1x32x1x8_8_1x1_intrawave_v3,675.1,1500.59,0.0
256,2311,8192,512,ck,0,0,29.7895,a8w8_blockscale_1x128x128_256x128x128x128_16x16_32x32_2x2_8x32x1_8x32x1_1x32x1x8_8_1x1_intrawave_v3,650.77,1451.55,0.0
256,2393,8192,512,ck,0,0,29.7948,a8w8_blockscale_1x128x128_256x128x128x128_16x16_32x32_2x2_8x32x1_8x32x1_1x32x1x8_8_1x1_intrawave_v3,673.74,1497.79,0.0
256,2383,8192,512,ck,0,0,29.8038,a8w8_blockscale_1x128x128_256x128x128x128_16x16_32x32_2x2_8x32x1_8x32x1_1x32x1x8_8_1x1_intrawave_v3,670.72,1491.67,0.0
256,2330,8192,512,ck,0,0,29.8041,a8w8_blockscale_1x128x128_256x128x128x128_16x16_32x32_2x2_8x32x1_8x32x1_1x32x1x8_8_1x1_intrawave_v3,655.8,1461.61,0.0
256,2413,8192,512,ck,0,0,29.8052,a8w8_blockscale_1x128x128_256x128x128x128_16x16_32x32_2x2_8x32x1_8x32x1_1x32x1x8_8_1x1_intrawave_v3,679.13,1508.61,0.0
256,2313,8192,512,ck,0,0,29.8138,a8w8_blockscale_1x128x128_256x128x128x128_16x16_32x32_2x2_8x32x1_8x32x1_1x32x1x8_8_1x1_intrawave_v3,650.8,1451.5,0.0
256,2369,8192,512,ck,0,0,29.8333,a8w8_blockscale_1x128x128_256x128x128x128_16x16_32x32_2x2_8x32x1_8x32x1_1x32x1x8_8_1x1_intrawave_v3,666.12,1482.27,0.0
256,2309,8192,512,ck,0,0,29.8437,a8w8_blockscale_1x128x128_256x128x128x128_16x16_32x32_2x2_8x32x1_8x32x1_1x32x1x8_8_1x1_intrawave_v3,649.02,1447.78,0.0
256,2381,8192,512,ck,0,0,29.8471,a8w8_blockscale_1x128x128_256x128x128x128_16x16_32x32_2x2_8x32x1_8x32x1_1x32x1x8_8_1x1_intrawave_v3,669.19,1488.38,0.0
256,2426,8192,512,ck,0,0,29.851,a8w8_blockscale_1x128x128_256x128x128x128_16x16_32x32_2x2_8x32x1_8x32x1_1x32x1x8_8_1x1_intrawave_v3,681.74,1513.65,0.0
256,2388,8192,512,ck,0,0,29.8534,a8w8_blockscale_1x128x128_256x128x128x128_16x16_32x32_2x2_8x32x1_8x32x1_1x32x1x8_8_1x1_intrawave_v3,671.01,1492.02,0.0
256,2325,8192,512,ck,0,0,29.8566,a8w8_blockscale_1x128x128_256x128x128x128_16x16_32x32_2x2_8x32x1_8x32x1_1x32x1x8_8_1x1_intrawave_v3,653.24,1456.21,0.0
256,2349,8192,512,ck,0,0,29.8597,a8w8_blockscale_1x128x128_256x128x128x128_16x16_32x32_2x2_8x32x1_8x32x1_1x32x1x8_8_1x1_intrawave_v3,659.91,1469.64,0.0
256,2336,8192,512,ck,18,0,29.8697,a8w8_blockscale_1x128x128_256x64x64x256_16x16_32x32_1x1_16x16x1_16x16x1_1x32x1x8_8_1x1_intrawave_v1,656.04,1461.79,0.0
256,2361,8192,512,ck,0,0,29.8732,a8w8_blockscale_1x128x128_256x128x128x128_16x16_32x32_2x2_8x32x1_8x32x1_1x32x1x8_8_1x1_intrawave_v3,662.99,1475.76,0.0
256,2305,8192,512,ck,0,0,29.8764,a8w8_blockscale_1x128x128_256x128x128x128_16x16_32x32_2x2_8x32x1_8x32x1_1x32x1x8_8_1x1_intrawave_v3,647.19,1443.94,0.0
256,2360,8192,512,ck,0,0,29.8802,a8w8_blockscale_1x128x128_256x128x128x128_16x16_32x32_2x2_8x32x1_8x32x1_1x32x1x8_8_1x1_intrawave_v3,662.55,1474.85,0.0
256,2396,8192,512,ck,0,0,29.8883,a8w8_blockscale_1x128x128_256x128x128x128_16x16_32x32_2x2_8x32x1_8x32x1_1x32x1x8_8_1x1_intrawave_v3,672.47,1494.8,0.0
256,2434,8192,512,ck,0,0,29.9031,a8w8_blockscale_1x128x128_256x128x128x128_16x16_32x32_2x2_8x32x1_8x32x1_1x32x1x8_8_1x1_intrawave_v3,682.8,1515.53,0.0
256,2439,8192,512,ck,0,0,29.9047,a8w8_blockscale_1x128x128_256x128x128x128_16x16_32x32_2x2_8x32x1_8x32x1_1x32x1x8_8_1x1_intrawave_v3,684.17,1518.28,0.0
256,2385,8192,512,ck,0,0,29.9088,a8w8_blockscale_1x128x128_256x128x128x128_16x16_32x32_2x2_8x32x1_8x32x1_1x32x1x8_8_1x1_intrawave_v3,668.93,1487.56,0.0
256,2340,8192,512,ck,0,0,29.9112,a8w8_blockscale_1x128x128_256x128x128x128_16x16_32x32_2x2_8x32x1_8x32x1_1x32x1x8_8_1x1_intrawave_v3,656.25,1462.03,0.0
256,2403,8192,512,ck,0,0,29.9116,a8w8_blockscale_1x128x128_256x128x128x128_16x16_32x32_2x2_8x32x1_8x32x1_1x32x1x8_8_1x1_intrawave_v3,673.91,1497.59,0.0
256,2329,8192,512,ck,0,0,29.9122,a8w8_blockscale_1x128x128_256x128x128x128_16x16_32x32_2x2_8x32x1_8x32x1_1x32x1x8_8_1x1_intrawave_v3,653.15,1455.76,0.0
256,2455,8192,512,ck,0,0,29.9201,a8w8_blockscale_1x128x128_256x128x128x128_16x16_32x32_2x2_8x32x1_8x32x1_1x32x1x8_8_1x1_intrawave_v3,688.3,1526.53,0.0
256,2344,8192,512,ck,0,0,29.9215,a8w8_blockscale_1x128x128_256x128x128x128_16x16_32x32_2x2_8x32x1_8x32x1_1x32x1x8_8_1x1_intrawave_v3,657.15,1463.78,0.0
256,2399,8192,512,ck,0,0,29.9255,a8w8_blockscale_1x128x128_256x128x128x128_16x16_32x32_2x2_8x32x1_8x32x1_1x32x1x8_8_1x1_intrawave_v3,672.48,1494.64,0.0
256,2437,8192,512,ck,0,0,29.9306,a8w8_blockscale_1x128x128_256x128x128x128_16x16_32x32_2x2_8x32x1_8x32x1_1x32x1x8_8_1x1_intrawave_v3,683.01,1515.84,0.0
256,2379,8192,512,ck,0,0,29.9346,a8w8_blockscale_1x128x128_256x128x128x128_16x16_32x32_2x2_8x32x1_8x32x1_1x32x1x8_8_1x1_intrawave_v3,666.67,1482.9,0.0
256,2526,8192,512,ck,0,0,29.9361,a8w8_blockscale_1x128x128_256x128x128x128_16x16_32x32_2x2_8x32x1_8x32x1_1x32x1x8_8_1x1_intrawave_v3,707.83,1565.79,0.0
256,2386,8192,512,ck,0,0,29.9379,a8w8_blockscale_1x128x128_256x128x128x128_16x16_32x32_2x2_8x32x1_8x32x1_1x32x1x8_8_1x1_intrawave_v3,668.56,1486.68,0.0
256,2394,8192,512,ck,0,0,29.9415,a8w8_blockscale_1x128x128_256x128x128x128_16x16_32x32_2x2_8x32x1_8x32x1_1x32x1x8_8_1x1_intrawave_v3,670.72,1491.02,0.0
256,2428,8192,512,ck,0,0,29.9457,a8w8_blockscale_1x128x128_256x128x128x128_16x16_32x32_2x2_8x32x1_8x32x1_1x32x1x8_8_1x1_intrawave_v3,680.15,1509.99,0.0
256,2402,8192,512,ck,0,0,29.9468,a8w8_blockscale_1x128x128_256x128x128x128_16x16_32x32_2x2_8x32x1_8x32x1_1x32x1x8_8_1x1_intrawave_v3,672.84,1495.27,0.0
256,2462,8192,512,ck,0,0,29.9495,a8w8_blockscale_1x128x128_256x128x128x128_16x16_32x32_2x2_8x32x1_8x32x1_1x32x1x8_8_1x1_intrawave_v3,689.59,1528.98,0.0
256,2358,8192,512,ck,0,0,29.9547,a8w8_blockscale_1x128x128_256x128x128x128_16x16_32x32_2x2_8x32x1_8x32x1_1x32x1x8_8_1x1_intrawave_v3,660.34,1470.06,0.0
256,1333,6144,1536,ck,14,0,29.9645,a8w8_blockscale_1x128x128_256x64x256x128_16x16_32x32_2x2_8x32x1_8x32x1_1x32x1x8_8_1x1_intrawave_v1,839.64,929.92,0.0
256,2473,8192,512,ck,0,0,29.965,a8w8_blockscale_1x128x128_256x128x128x128_16x16_32x32_2x2_8x32x1_8x32x1_1x32x1x8_8_1x1_intrawave_v3,692.31,1534.39,0.0
256,2450,8192,512,ck,0,0,29.9694,a8w8_blockscale_1x128x128_256x128x128x128_16x16_32x32_2x2_8x32x1_8x32x1_1x32x1x8_8_1x1_intrawave_v3,685.77,1521.2,0.0
256,2314,8192,512,ck,0,0,29.977,a8w8_blockscale_1x128x128_256x128x128x128_16x16_32x32_2x2_8x32x1_8x32x1_1x32x1x8_8_1x1_intrawave_v3,647.54,1444.16,0.0
256,2520,8192,512,ck,0,0,29.9779,a8w8_blockscale_1x128x128_256x128x128x128_16x16_32x32_2x2_8x32x1_8x32x1_1x32x1x8_8_1x1_intrawave_v3,705.16,1560.22,0.0
256,2347,8192,512,ck,0,0,29.9793,a8w8_blockscale_1x128x128_256x128x128x128_16x16_32x32_2x2_8x32x1_8x32x1_1x32x1x8_8_1x1_intrawave_v3,656.72,1462.65,0.0
256,2318,8192,512,ck,0,0,29.9824,a8w8_blockscale_1x128x128_256x128x128x128_16x16_32x32_2x2_8x32x1_8x32x1_1x32x1x8_8_1x1_intrawave_v3,648.54,1446.16,0.0
256,2452,8192,512,ck,0,0,29.983,a8w8_blockscale_1x128x128_256x128x128x128_16x16_32x32_2x2_8x32x1_8x32x1_1x32x1x8_8_1x1_intrawave_v3,686.02,1521.64,0.0
256,2484,8192,512,ck,0,0,29.983,a8w8_blockscale_1x128x128_256x128x128x128_16x16_32x32_2x2_8x32x1_8x32x1_1x32x1x8_8_1x1_intrawave_v3,694.97,1539.67,0.0
256,2404,8192,512,ck,0,0,29.984,a8w8_blockscale_1x128x128_256x128x128x128_16x16_32x32_2x2_8x32x1_8x32x1_1x32x1x8_8_1x1_intrawave_v3,672.57,1494.54,0.0
256,2423,8192,512,ck,0,0,29.9853,a8w8_blockscale_1x128x128_256x128x128x128_16x16_32x32_2x2_8x32x1_8x32x1_1x32x1x8_8_1x1_intrawave_v3,677.85,1505.18,0.0
256,2373,8192,512,ck,0,0,29.9944,a8w8_blockscale_1x128x128_256x128x128x128_16x16_32x32_2x2_8x32x1_8x32x1_1x32x1x8_8_1x1_intrawave_v3,663.66,1476.56,0.0
256,2447,8192,512,ck,0,0,29.9989,a8w8_blockscale_1x128x128_256x128x128x128_16x16_32x32_2x2_8x32x1_8x32x1_1x32x1x8_8_1x1_intrawave_v3,684.26,1518.02,0.0
256,304,7168,4096,ck,18,0,29.9993,a8w8_blockscale_1x128x128_256x64x64x256_16x16_32x32_1x1_16x16x1_16x16x1_1x32x1x8_8_1x1_intrawave_v1,595.05,1165.48,0.0
256,2534,8192,512,ck,0,0,30.0042,a8w8_blockscale_1x128x128_256x128x128x128_16x16_32x32_2x2_8x32x1_8x32x1_1x32x1x8_8_1x1_intrawave_v3,708.46,1566.74,0.0
256,2477,8192,512,ck,0,0,30.0289,a8w8_blockscale_1x128x128_256x128x128x128_16x16_32x32_2x2_8x32x1_8x32x1_1x32x1x8_8_1x1_intrawave_v3,691.95,1533.38,0.0
256,2346,8192,512,ck,0,0,30.0291,a8w8_blockscale_1x128x128_256x128x128x128_16x16_32x32_2x2_8x32x1_8x32x1_1x32x1x8_8_1x1_intrawave_v3,655.35,1459.66,0.0
256,2355,8192,512,ck,0,0,30.0294,a8w8_blockscale_1x128x128_256x128x128x128_16x16_32x32_2x2_8x32x1_8x32x1_1x32x1x8_8_1x1_intrawave_v3,657.86,1464.71,0.0
256,2401,8192,512,ck,0,0,30.0301,a8w8_blockscale_1x128x128_256x128x128x128_16x16_32x32_2x2_8x32x1_8x32x1_1x32x1x8_8_1x1_intrawave_v3,670.7,1490.56,0.0
256,2420,8192,512,ck,0,0,30.0321,a8w8_blockscale_1x128x128_256x128x128x128_16x16_32x32_2x2_8x32x1_8x32x1_1x32x1x8_8_1x1_intrawave_v3,675.96,1501.15,0.0
256,2542,8192,512,ck,0,0,30.036,a8w8_blockscale_1x128x128_256x128x128x128_16x16_32x32_2x2_8x32x1_8x32x1_1x32x1x8_8_1x1_intrawave_v3,709.94,1569.58,0.0
256,2532,8192,512,ck,0,0,30.0434,a8w8_blockscale_1x128x128_256x128x128x128_16x16_32x32_2x2_8x32x1_8x32x1_1x32x1x8_8_1x1_intrawave_v3,706.98,1563.57,0.0
256,2478,8192,512,ck,0,0,30.0474,a8w8_blockscale_1x128x128_256x128x128x128_16x16_32x32_2x2_8x32x1_8x32x1_1x32x1x8_8_1x1_intrawave_v3,691.81,1533.0,0.0
256,2481,8192,512,ck,0,0,30.0484,a8w8_blockscale_1x128x128_256x128x128x128_16x16_32x32_2x2_8x32x1_8x32x1_1x32x1x8_8_1x1_intrawave_v3,692.62,1534.63,0.0
256,2438,8192,512,ck,0,0,30.0571,a8w8_blockscale_1x128x128_256x128x128x128_16x16_32x32_2x2_8x32x1_8x32x1_1x32x1x8_8_1x1_intrawave_v3,680.42,1510.02,0.0
256,2471,8192,512,ck,0,0,30.0581,a8w8_blockscale_1x128x128_256x128x128x128_16x16_32x32_2x2_8x32x1_8x32x1_1x32x1x8_8_1x1_intrawave_v3,689.61,1528.52,0.0
256,2522,8192,512,ck,0,0,30.063,a8w8_blockscale_1x128x128_256x128x128x128_16x16_32x32_2x2_8x32x1_8x32x1_1x32x1x8_8_1x1_intrawave_v3,703.72,1556.93,0.0
256,2317,8192,512,ck,0,0,30.069,a8w8_blockscale_1x128x128_256x128x128x128_16x16_32x32_2x2_8x32x1_8x32x1_1x32x1x8_8_1x1_intrawave_v3,646.39,1441.43,0.0
256,2467,8192,512,ck,0,0,30.0703,a8w8_blockscale_1x128x128_256x128x128x128_16x16_32x32_2x2_8x32x1_8x32x1_1x32x1x8_8_1x1_intrawave_v3,688.21,1525.65,0.0
256,2453,8192,512,ck,0,0,30.0793,a8w8_blockscale_1x128x128_256x128x128x128_16x16_32x32_2x2_8x32x1_8x32x1_1x32x1x8_8_1x1_intrawave_v3,684.1,1517.33,0.0
256,2480,8192,512,ck,0,0,30.0826,a8w8_blockscale_1x128x128_256x128x128x128_16x16_32x32_2x2_8x32x1_8x32x1_1x32x1x8_8_1x1_intrawave_v3,691.55,1532.33,0.0
256,2315,8192,512,ck,0,0,30.0876,a8w8_blockscale_1x128x128_256x128x128x128_16x16_32x32_2x2_8x32x1_8x32x1_1x32x1x8_8_1x1_intrawave_v3,645.44,1439.42,0.0
256,2469,8192,512,ck,0,0,30.0887,a8w8_blockscale_1x128x128_256x128x128x128_16x16_32x32_2x2_8x32x1_8x32x1_1x32x1x8_8_1x1_intrawave_v3,688.35,1525.84,0.0
256,2465,8192,512,ck,0,0,30.0906,a8w8_blockscale_1x128x128_256x128x128x128_16x16_32x32_2x2_8x32x1_8x32x1_1x32x1x8_8_1x1_intrawave_v3,687.19,1523.5,0.0
256,2540,8192,512,ck,0,0,30.0951,a8w8_blockscale_1x128x128_256x128x128x128_16x16_32x32_2x2_8x32x1_8x32x1_1x32x1x8_8_1x1_intrawave_v3,707.99,1565.38,0.0
256,2485,8192,512,ck,0,0,30.1197,a8w8_blockscale_1x128x128_256x128x128x128_16x16_32x32_2x2_8x32x1_8x32x1_1x32x1x8_8_1x1_intrawave_v3,692.09,1533.24,0.0
256,2422,8192,512,ck,0,0,30.1283,a8w8_blockscale_1x128x128_256x128x128x128_16x16_32x32_2x2_8x32x1_8x32x1_1x32x1x8_8_1x1_intrawave_v3,674.36,1497.48,0.0
256,2516,8192,512,ck,0,0,30.129,a8w8_blockscale_1x128x128_256x128x128x128_16x16_32x32_2x2_8x32x1_8x32x1_1x32x1x8_8_1x1_intrawave_v3,700.51,1550.16,0.0
256,2529,8192,512,ck,0,0,30.1335,a8w8_blockscale_1x128x128_256x128x128x128_16x16_32x32_2x2_8x32x1_8x32x1_1x32x1x8_8_1x1_intrawave_v3,704.03,1557.21,0.0
256,2496,8192,512,ck,0,0,30.1415,a8w8_blockscale_1x128x128_256x128x128x128_16x16_32x32_2x2_8x32x1_8x32x1_1x32x1x8_8_1x1_intrawave_v3,694.66,1538.3,0.0
256,2398,8192,512,ck,0,0,30.1417,a8w8_blockscale_1x128x128_256x128x128x128_16x16_32x32_2x2_8x32x1_8x32x1_1x32x1x8_8_1x1_intrawave_v3,667.38,1483.36,0.0
256,320,7168,4096,ck,18,0,30.1729,a8w8_blockscale_1x128x128_256x64x64x256_16x16_32x32_1x1_16x16x1_16x16x1_1x32x1x8_8_1x1_intrawave_v1,622.76,1168.54,0.0
256,2407,8192,512,ck,0,0,30.1981,a8w8_blockscale_1x128x128_256x128x128x128_16x16_32x32_2x2_8x32x1_8x32x1_1x32x1x8_8_1x1_intrawave_v3,668.63,1485.62,0.0
256,2493,8192,512,ck,0,0,30.2144,a8w8_blockscale_1x128x128_256x128x128x128_16x16_32x32_2x2_8x32x1_8x32x1_1x32x1x8_8_1x1_intrawave_v3,692.15,1532.91,0.0
256,2490,8192,512,ck,0,0,30.2157,a8w8_blockscale_1x128x128_256x128x128x128_16x16_32x32_2x2_8x32x1_8x32x1_1x32x1x8_8_1x1_intrawave_v3,691.28,1531.17,0.0
256,2530,8192,512,ck,0,0,30.2218,a8w8_blockscale_1x128x128_256x128x128x128_16x16_32x32_2x2_8x32x1_8x32x1_1x32x1x8_8_1x1_intrawave_v3,702.25,1553.22,0.0
256,2541,8192,512,ck,0,0,30.2321,a8w8_blockscale_1x128x128_256x128x128x128_16x16_32x32_2x2_8x32x1_8x32x1_1x32x1x8_8_1x1_intrawave_v3,705.06,1558.84,0.0
256,2370,8192,512,ck,0,0,30.2413,a8w8_blockscale_1x128x128_256x128x128x128_16x16_32x32_2x2_8x32x1_8x32x1_1x32x1x8_8_1x1_intrawave_v3,657.41,1462.83,0.0
256,2546,8192,512,ck,0,0,30.2514,a8w8_blockscale_1x128x128_256x128x128x128_16x16_32x32_2x2_8x32x1_8x32x1_1x32x1x8_8_1x1_intrawave_v3,706.0,1560.64,0.0
256,2479,8192,512,ck,0,0,30.2753,a8w8_blockscale_1x128x128_256x128x128x128_16x16_32x32_2x2_8x32x1_8x32x1_1x32x1x8_8_1x1_intrawave_v3,686.88,1522.02,0.0
256,2444,8192,512,ck,0,0,30.2834,a8w8_blockscale_1x128x128_256x128x128x128_16x16_32x32_2x2_8x32x1_8x32x1_1x32x1x8_8_1x1_intrawave_v3,677.0,1502.08,0.0
256,2539,8192,512,ck,0,0,30.2835,a8w8_blockscale_1x128x128_256x128x128x128_16x16_32x32_2x2_8x32x1_8x32x1_1x32x1x8_8_1x1_intrawave_v3,703.31,1555.08,0.0
256,2446,8192,512,ck,0,0,30.2876,a8w8_blockscale_1x128x128_256x128x128x128_16x16_32x32_2x2_8x32x1_8x32x1_1x32x1x8_8_1x1_intrawave_v3,677.46,1502.99,0.0
256,2491,8192,512,ck,0,0,30.2928,a8w8_blockscale_1x128x128_256x128x128x128_16x16_32x32_2x2_8x32x1_8x32x1_1x32x1x8_8_1x1_intrawave_v3,689.8,1527.83,0.0
256,2543,8192,512,ck,0,0,30.2931,a8w8_blockscale_1x128x128_256x128x128x128_16x16_32x32_2x2_8x32x1_8x32x1_1x32x1x8_8_1x1_intrawave_v3,704.19,1556.82,0.0
256,2487,8192,512,ck,0,0,30.3037,a8w8_blockscale_1x128x128_256x128x128x128_16x16_32x32_2x2_8x32x1_8x32x1_1x32x1x8_8_1x1_intrawave_v3,688.45,1525.05,0.0
256,2544,8192,512,ck,0,0,30.3072,a8w8_blockscale_1x128x128_256x128x128x128_16x16_32x32_2x2_8x32x1_8x32x1_1x32x1x8_8_1x1_intrawave_v3,704.14,1556.65,0.0
256,2505,8192,512,ck,0,0,30.3113,a8w8_blockscale_1x128x128_256x128x128x128_16x16_32x32_2x2_8x32x1_8x32x1_1x32x1x8_8_1x1_intrawave_v3,693.26,1534.7,0.0
256,2441,8192,512,ck,0,0,30.3127,a8w8_blockscale_1x128x128_256x128x128x128_16x16_32x32_2x2_8x32x1_8x32x1_1x32x1x8_8_1x1_intrawave_v3,675.51,1498.96,0.0
256,2495,8192,512,ck,0,0,30.3234,a8w8_blockscale_1x128x128_256x128x128x128_16x16_32x32_2x2_8x32x1_8x32x1_1x32x1x8_8_1x1_intrawave_v3,690.21,1528.52,0.0
256,2504,8192,512,ck,0,0,30.3369,a8w8_blockscale_1x128x128_256x128x128x128_16x16_32x32_2x2_8x32x1_8x32x1_1x32x1x8_8_1x1_intrawave_v3,692.39,1532.85,0.0
256,2503,8192,512,ck,0,0,30.3458,a8w8_blockscale_1x128x128_256x128x128x128_16x16_32x32_2x2_8x32x1_8x32x1_1x32x1x8_8_1x1_intrawave_v3,691.91,1531.84,0.0
256,2525,8192,512,ck,0,0,30.3481,a8w8_blockscale_1x128x128_256x128x128x128_16x16_32x32_2x2_8x32x1_8x32x1_1x32x1x8_8_1x1_intrawave_v3,697.94,1543.97,0.0
256,2433,8192,512,ck,0,0,30.352,a8w8_blockscale_1x128x128_256x128x128x128_16x16_32x32_2x2_8x32x1_8x32x1_1x32x1x8_8_1x1_intrawave_v3,672.43,1492.56,0.0
256,272,7168,4608,ck,12,0,30.3627,a8w8_blockscale_1x128x128_256x32x128x256_16x16_32x32_1x1_16x16x1_16x16x1_1x32x1x8_8_1x1_intrawave_v1,591.79,1257.56,0.0
256,2524,8192,512,ck,0,0,30.3677,a8w8_blockscale_1x128x128_256x128x128x128_16x16_32x32_2x2_8x32x1_8x32x1_1x32x1x8_8_1x1_intrawave_v3,697.22,1542.42,0.0
256,2521,8192,512,ck,0,0,30.4328,a8w8_blockscale_1x128x128_256x128x128x128_16x16_32x32_2x2_8x32x1_8x32x1_1x32x1x8_8_1x1_intrawave_v3,694.9,1537.46,0.0
256,2436,8192,512,ck,0,0,30.4421,a8w8_blockscale_1x128x128_256x128x128x128_16x16_32x32_2x2_8x32x1_8x32x1_1x32x1x8_8_1x1_intrawave_v3,671.26,1489.81,0.0
256,336,7168,4096,ck,18,0,30.666,a8w8_blockscale_1x128x128_256x64x64x256_16x16_32x32_1x1_16x16x1_16x16x1_1x32x1x8_8_1x1_intrawave_v1,643.38,1159.37,0.0
256,288,7168,4608,ck,12,0,30.8036,a8w8_blockscale_1x128x128_256x32x128x256_16x16_32x32_1x1_16x16x1_16x16x1_1x32x1x8_8_1x1_intrawave_v1,617.63,1249.4,0.0
256,352,7168,4096,ck,18,0,30.9963,a8w8_blockscale_1x128x128_256x64x64x256_16x16_32x32_1x1_16x16x1_16x16x1_1x32x1x8_8_1x1_intrawave_v1,666.84,1156.53,0.0
256,384,7168,4096,ck,18,0,31.4925,a8w8_blockscale_1x128x128_256x64x64x256_16x16_32x32_1x1_16x16x1_16x16x1_1x32x1x8_8_1x1_intrawave_v1,716.0,1157.04,0.0
256,368,7168,4096,ck,18,0,31.8151,a8w8_blockscale_1x128x128_256x64x64x256_16x16_32x32_1x1_16x16x1_16x16x1_1x32x1x8_8_1x1_intrawave_v1,679.21,1136.04,0.0
256,304,7168,4608,ck,18,0,32.4764,a8w8_blockscale_1x128x128_256x64x64x256_16x16_32x32_1x1_16x16x1_16x16x1_1x32x1x8_8_1x1_intrawave_v1,618.37,1194.38,0.0
256,320,7168,4608,ck,18,0,32.532,a8w8_blockscale_1x128x128_256x64x64x256_16x16_32x32_1x1_16x16x1_16x16x1_1x32x1x8_8_1x1_intrawave_v1,649.8,1201.65,0.0
256,2597,8192,512,ck,18,0,32.6529,a8w8_blockscale_1x128x128_256x64x64x256_16x16_32x32_1x1_16x16x1_16x16x1_1x32x1x8_8_1x1_intrawave_v1,667.18,1472.25,0.0
256,2571,8192,512,ck,18,0,32.6633,a8w8_blockscale_1x128x128_256x64x64x256_16x16_32x32_1x1_16x16x1_16x16x1_1x32x1x8_8_1x1_intrawave_v1,660.29,1458.33,0.0
256,352,7168,4608,ck,18,0,32.6891,a8w8_blockscale_1x128x128_256x64x64x256_16x16_32x32_1x1_16x16x1_16x16x1_1x32x1x8_8_1x1_intrawave_v1,711.34,1214.42,0.0
256,2573,8192,512,ck,18,0,32.7141,a8w8_blockscale_1x128x128_256x64x64x256_16x16_32x32_1x1_16x16x1_16x16x1_1x32x1x8_8_1x1_intrawave_v1,659.77,1457.1,0.0
256,416,7168,4096,ck,0,0,32.7536,a8w8_blockscale_1x128x128_256x128x128x128_16x16_32x32_2x2_8x32x1_8x32x1_1x32x1x8_8_1x1_intrawave_v3,745.8,1130.5,0.0
256,2613,8192,512,ck,18,0,32.7613,a8w8_blockscale_1x128x128_256x64x64x256_16x16_32x32_1x1_16x16x1_16x16x1_1x32x1x8_8_1x1_intrawave_v1,669.06,1475.63,0.0
256,2585,8192,512,ck,18,0,32.765,a8w8_blockscale_1x128x128_256x64x64x256_16x16_32x32_1x1_16x16x1_16x16x1_1x32x1x8_8_1x1_intrawave_v1,661.82,1461.02,0.0
256,2611,8192,512,ck,18,0,32.7957,a8w8_blockscale_1x128x128_256x64x64x256_16x16_32x32_1x1_16x16x1_16x16x1_1x32x1x8_8_1x1_intrawave_v1,667.85,1473.05,0.0
256,400,7168,4096,ck,0,0,32.8086,a8w8_blockscale_1x128x128_256x128x128x128_16x16_32x32_2x2_8x32x1_8x32x1_1x32x1x8_8_1x1_intrawave_v3,715.91,1119.61,0.0
256,2577,8192,512,ck,18,0,32.9165,a8w8_blockscale_1x128x128_256x64x64x256_16x16_32x32_1x1_16x16x1_16x16x1_1x32x1x8_8_1x1_intrawave_v1,656.74,1450.19,0.0
256,2581,8192,512,ck,18,0,33.0513,a8w8_blockscale_1x128x128_256x64x64x256_16x16_32x32_1x1_16x16x1_16x16x1_1x32x1x8_8_1x1_intrawave_v1,655.07,1446.32,0.0
256,2656,8192,512,ck,18,0,33.0593,a8w8_blockscale_1x128x128_256x64x64x256_16x16_32x32_1x1_16x16x1_16x16x1_1x32x1x8_8_1x1_intrawave_v1,673.94,1484.3,0.0
256,2665,8192,512,ck,18,0,33.073,a8w8_blockscale_1x128x128_256x64x64x256_16x16_32x32_1x1_16x16x1_16x16x1_1x32x1x8_8_1x1_intrawave_v1,675.95,1488.29,0.0
256,2603,8192,512,ck,18,0,33.1053,a8w8_blockscale_1x128x128_256x64x64x256_16x16_32x32_1x1_16x16x1_16x16x1_1x32x1x8_8_1x1_intrawave_v1,659.58,1455.19,0.0
256,2623,8192,512,ck,18,0,33.1061,a8w8_blockscale_1x128x128_256x64x64x256_16x16_32x32_1x1_16x16x1_16x16x1_1x32x1x8_8_1x1_intrawave_v1,664.63,1465.36,0.0
256,2574,8192,512,ck,18,0,33.1301,a8w8_blockscale_1x128x128_256x64x64x256_16x16_32x32_1x1_16x16x1_16x16x1_1x32x1x8_8_1x1_intrawave_v1,651.74,1439.31,0.0
256,2636,8192,512,ck,18,0,33.1438,a8w8_blockscale_1x128x128_256x64x64x256_16x16_32x32_1x1_16x16x1_16x16x1_1x32x1x8_8_1x1_intrawave_v1,667.16,1470.33,0.0
256,2649,8192,512,ck,18,0,33.1665,a8w8_blockscale_1x128x128_256x64x64x256_16x16_32x32_1x1_16x16x1_16x16x1_1x32x1x8_8_1x1_intrawave_v1,670.0,1475.94,0.0
256,2616,8192,512,ck,18,0,33.1814,a8w8_blockscale_1x128x128_256x64x64x256_16x16_32x32_1x1_16x16x1_16x16x1_1x32x1x8_8_1x1_intrawave_v1,661.35,1458.47,0.0
256,2676,8192,512,ck,18,0,33.1877,a8w8_blockscale_1x128x128_256x64x64x256_16x16_32x32_1x1_16x16x1_16x16x1_1x32x1x8_8_1x1_intrawave_v1,676.39,1488.74,0.0
256,2590,8192,512,ck,18,0,33.1969,a8w8_blockscale_1x128x128_256x64x64x256_16x16_32x32_1x1_16x16x1_16x16x1_1x32x1x8_8_1x1_intrawave_v1,654.47,1444.56,0.0
256,432,7168,4096,ck,0,0,33.2027,a8w8_blockscale_1x128x128_256x128x128x128_16x16_32x32_2x2_8x32x1_8x32x1_1x32x1x8_8_1x1_intrawave_v3,764.01,1124.09,0.0
256,2580,8192,512,ck,18,0,33.2057,a8w8_blockscale_1x128x128_256x64x64x256_16x16_32x32_1x1_16x16x1_16x16x1_1x32x1x8_8_1x1_intrawave_v1,651.77,1439.09,0.0
256,2661,8192,512,ck,18,0,33.2068,a8w8_blockscale_1x128x128_256x64x64x256_16x16_32x32_1x1_16x16x1_16x16x1_1x32x1x8_8_1x1_intrawave_v1,672.21,1480.26,0.0
256,2612,8192,512,ck,18,0,33.2081,a8w8_blockscale_1x128x128_256x64x64x256_16x16_32x32_1x1_16x16x1_16x16x1_1x32x1x8_8_1x1_intrawave_v1,659.81,1455.27,0.0
256,448,7168,4096,ck,0,0,33.3018,a8w8_blockscale_1x128x128_256x128x128x128_16x16_32x32_2x2_8x32x1_8x32x1_1x32x1x8_8_1x1_intrawave_v3,789.95,1129.6,0.0
256,2625,8192,512,ck,18,0,33.3185,a8w8_blockscale_1x128x128_256x64x64x256_16x16_32x32_1x1_16x16x1_16x16x1_1x32x1x8_8_1x1_intrawave_v1,660.9,1457.04,0.0
256,2685,8192,512,ck,18,0,33.3598,a8w8_blockscale_1x128x128_256x64x64x256_16x16_32x32_1x1_16x16x1_16x16x1_1x32x1x8_8_1x1_intrawave_v1,675.17,1485.62,0.0
256,2576,8192,512,ck,18,0,33.371,a8w8_blockscale_1x128x128_256x64x64x256_16x16_32x32_1x1_16x16x1_16x16x1_1x32x1x8_8_1x1_intrawave_v1,647.54,1429.94,0.0
256,2615,8192,512,ck,18,0,33.3769,a8w8_blockscale_1x128x128_256x64x64x256_16x16_32x32_1x1_16x16x1_16x16x1_1x32x1x8_8_1x1_intrawave_v1,657.23,1449.43,0.0
256,2586,8192,512,ck,18,0,33.3773,a8w8_blockscale_1x128x128_256x64x64x256_16x16_32x32_1x1_16x16x1_16x16x1_1x32x1x8_8_1x1_intrawave_v1,649.93,1434.73,0.0
256,2646,8192,512,ck,18,0,33.3853,a8w8_blockscale_1x128x128_256x64x64x256_16x16_32x32_1x1_16x16x1_16x16x1_1x32x1x8_8_1x1_intrawave_v1,664.85,1464.75,0.0
256,464,7168,4096,ck,0,0,33.4122,a8w8_blockscale_1x128x128_256x128x128x128_16x16_32x32_2x2_8x32x1_8x32x1_1x32x1x8_8_1x1_intrawave_v3,815.46,1134.69,0.0
256,2631,8192,512,ck,18,0,33.4245,a8w8_blockscale_1x128x128_256x64x64x256_16x16_32x32_1x1_16x16x1_16x16x1_1x32x1x8_8_1x1_intrawave_v1,660.31,1455.45,0.0
256,2658,8192,512,ck,18,0,33.4258,a8w8_blockscale_1x128x128_256x64x64x256_16x16_32x32_1x1_16x16x1_16x16x1_1x32x1x8_8_1x1_intrawave_v1,667.06,1469.04,0.0
256,2568,8192,512,ck,18,0,33.4614,a8w8_blockscale_1x128x128_256x64x64x256_16x16_32x32_1x1_16x16x1_16x16x1_1x32x1x8_8_1x1_intrawave_v1,643.78,1422.03,0.0
256,2638,8192,512,ck,18,0,33.4841,a8w8_blockscale_1x128x128_256x64x64x256_16x16_32x32_1x1_16x16x1_16x16x1_1x32x1x8_8_1x1_intrawave_v1,660.89,1456.39,0.0
256,2663,8192,512,ck,18,0,33.4874,a8w8_blockscale_1x128x128_256x64x64x256_16x16_32x32_1x1_16x16x1_16x16x1_1x32x1x8_8_1x1_intrawave_v1,667.08,1468.86,0.0
256,2686,8192,512,ck,18,0,33.491,a8w8_blockscale_1x128x128_256x64x64x256_16x16_32x32_1x1_16x16x1_16x16x1_1x32x1x8_8_1x1_intrawave_v1,672.77,1480.31,0.0
256,2632,8192,512,ck,18,0,33.5145,a8w8_blockscale_1x128x128_256x64x64x256_16x16_32x32_1x1_16x16x1_16x16x1_1x32x1x8_8_1x1_intrawave_v1,658.78,1452.05,0.0
256,2602,8192,512,ck,18,0,33.549,a8w8_blockscale_1x128x128_256x64x64x256_16x16_32x32_1x1_16x16x1_16x16x1_1x32x1x8_8_1x1_intrawave_v1,650.61,1435.44,0.0
256,2593,8192,512,ck,18,0,33.5589,a8w8_blockscale_1x128x128_256x64x64x256_16x16_32x32_1x1_16x16x1_16x16x1_1x32x1x8_8_1x1_intrawave_v1,648.16,1430.49,0.0
256,2672,8192,512,ck,18,0,33.5654,a8w8_blockscale_1x128x128_256x64x64x256_16x16_32x32_1x1_16x16x1_16x16x1_1x32x1x8_8_1x1_intrawave_v1,667.78,1469.98,0.0
256,2579,8192,512,ck,18,0,33.5741,a8w8_blockscale_1x128x128_256x64x64x256_16x16_32x32_1x1_16x16x1_16x16x1_1x32x1x8_8_1x1_intrawave_v1,644.37,1422.8,0.0
256,2564,8192,512,ck,18,0,33.5933,a8w8_blockscale_1x128x128_256x64x64x256_16x16_32x32_1x1_16x16x1_16x16x1_1x32x1x8_8_1x1_intrawave_v1,640.26,1414.44,0.0
256,512,7168,4096,ck,0,0,33.5936,a8w8_blockscale_1x128x128_256x128x128x128_16x16_32x32_2x2_8x32x1_8x32x1_1x32x1x8_8_1x1_intrawave_v3,894.96,1154.9,0.0
256,2674,8192,512,ck,18,0,33.6062,a8w8_blockscale_1x128x128_256x64x64x256_16x16_32x32_1x1_16x16x1_16x16x1_1x32x1x8_8_1x1_intrawave_v1,667.47,1469.2,0.0
256,2601,8192,512,ck,18,0,33.6081,a8w8_blockscale_1x128x128_256x64x64x256_16x16_32x32_1x1_16x16x1_16x16x1_1x32x1x8_8_1x1_intrawave_v1,649.21,1432.42,0.0
256,2651,8192,512,ck,18,0,33.6197,a8w8_blockscale_1x128x128_256x64x64x256_16x16_32x32_1x1_16x16x1_16x16x1_1x32x1x8_8_1x1_intrawave_v1,661.46,1457.05,0.0
256,2648,8192,512,ck,18,0,33.6205,a8w8_blockscale_1x128x128_256x64x64x256_16x16_32x32_1x1_16x16x1_16x16x1_1x32x1x8_8_1x1_intrawave_v1,660.7,1455.51,0.0
256,336,7168,4608,ck,18,0,33.6257,a8w8_blockscale_1x128x128_256x64x64x256_16x16_32x32_1x1_16x16x1_16x16x1_1x32x1x8_8_1x1_intrawave_v1,660.1,1171.58,0.0
256,2642,8192,512,ck,18,0,33.6329,a8w8_blockscale_1x128x128_256x64x64x256_16x16_32x32_1x1_16x16x1_16x16x1_1x32x1x8_8_1x1_intrawave_v1,658.96,1451.96,0.0
256,2608,8192,512,ck,18,0,33.6398,a8w8_blockscale_1x128x128_256x64x64x256_16x16_32x32_1x1_16x16x1_16x16x1_1x32x1x8_8_1x1_intrawave_v1,650.35,1434.58,0.0
256,2677,8192,512,ck,18,0,33.6802,a8w8_blockscale_1x128x128_256x64x64x256_16x16_32x32_1x1_16x16x1_16x16x1_1x32x1x8_8_1x1_intrawave_v1,666.75,1467.48,0.0
256,2680,8192,512,ck,18,0,33.7058,a8w8_blockscale_1x128x128_256x64x64x256_16x16_32x32_1x1_16x16x1_16x16x1_1x32x1x8_8_1x1_intrawave_v1,666.99,1467.87,0.0
256,2635,8192,512,ck,18,0,33.7249,a8w8_blockscale_1x128x128_256x64x64x256_16x16_32x32_1x1_16x16x1_16x16x1_1x32x1x8_8_1x1_intrawave_v1,655.42,1444.49,0.0
256,2628,8192,512,ck,18,0,33.7329,a8w8_blockscale_1x128x128_256x64x64x256_16x16_32x32_1x1_16x16x1_16x16x1_1x32x1x8_8_1x1_intrawave_v1,653.52,1440.64,0.0
256,2588,8192,512,ck,18,0,33.7421,a8w8_blockscale_1x128x128_256x64x64x256_16x16_32x32_1x1_16x16x1_16x16x1_1x32x1x8_8_1x1_intrawave_v1,643.4,1420.22,0.0
256,2659,8192,512,ck,18,0,33.749,a8w8_blockscale_1x128x128_256x64x64x256_16x16_32x32_1x1_16x16x1_16x16x1_1x32x1x8_8_1x1_intrawave_v1,660.92,1455.47,0.0
256,2655,8192,512,ck,18,0,33.7517,a8w8_blockscale_1x128x128_256x64x64x256_16x16_32x32_1x1_16x16x1_16x16x1_1x32x1x8_8_1x1_intrawave_v1,659.87,1453.35,0.0
256,2641,8192,512,ck,18,0,33.7601,a8w8_blockscale_1x128x128_256x64x64x256_16x16_32x32_1x1_16x16x1_16x16x1_1x32x1x8_8_1x1_intrawave_v1,656.23,1445.99,0.0
256,2650,8192,512,ck,18,0,33.8005,a8w8_blockscale_1x128x128_256x64x64x256_16x16_32x32_1x1_16x16x1_16x16x1_1x32x1x8_8_1x1_intrawave_v1,657.68,1448.76,0.0
256,2607,8192,512,ck,18,0,33.8021,a8w8_blockscale_1x128x128_256x64x64x256_16x16_32x32_1x1_16x16x1_16x16x1_1x32x1x8_8_1x1_intrawave_v1,646.97,1427.19,0.0
256,2727,8192,512,ck,18,0,33.8046,a8w8_blockscale_1x128x128_256x64x64x256_16x16_32x32_1x1_16x16x1_16x16x1_1x32x1x8_8_1x1_intrawave_v1,676.7,1487.07,0.0
256,2697,8192,512,ck,18,0,33.8098,a8w8_blockscale_1x128x128_256x64x64x256_16x16_32x32_1x1_16x16x1_16x16x1_1x32x1x8_8_1x1_intrawave_v1,669.16,1471.85,0.0
256,2627,8192,512,ck,18,0,33.8446,a8w8_blockscale_1x128x128_256x64x64x256_16x16_32x32_1x1_16x16x1_16x16x1_1x32x1x8_8_1x1_intrawave_v1,651.12,1435.39,0.0
256,2624,8192,512,ck,18,0,33.9446,a8w8_blockscale_1x128x128_256x64x64x256_16x16_32x32_1x1_16x16x1_16x16x1_1x32x1x8_8_1x1_intrawave_v1,648.46,1429.67,0.0
256,2629,8192,512,ck,18,0,33.9577,a8w8_blockscale_1x128x128_256x64x64x256_16x16_32x32_1x1_16x16x1_16x16x1_1x32x1x8_8_1x1_intrawave_v1,649.44,1431.6,0.0
256,2679,8192,512,ck,18,0,33.9757,a8w8_blockscale_1x128x128_256x64x64x256_16x16_32x32_1x1_16x16x1_16x16x1_1x32x1x8_8_1x1_intrawave_v1,661.45,1455.71,0.0
256,2733,8192,512,ck,18,0,33.991,a8w8_blockscale_1x128x128_256x64x64x256_16x16_32x32_1x1_16x16x1_16x16x1_1x32x1x8_8_1x1_intrawave_v1,674.47,1481.89,0.0
256,1351,6144,1536,ck,18,0,33.9953,a8w8_blockscale_1x128x128_256x64x64x256_16x16_32x32_1x1_16x16x1_16x16x1_1x32x1x8_8_1x1_intrawave_v1,750.08,826.98,0.0
256,2683,8192,512,ck,18,0,33.999,a8w8_blockscale_1x128x128_256x64x64x256_16x16_32x32_1x1_16x16x1_16x16x1_1x32x1x8_8_1x1_intrawave_v1,661.98,1456.7,0.0
256,368,7168,4608,ck,18,0,34.0045,a8w8_blockscale_1x128x128_256x64x64x256_16x16_32x32_1x1_16x16x1_16x16x1_1x32x1x8_8_1x1_intrawave_v1,714.91,1176.36,0.0
256,2639,8192,512,ck,0,0,34.009,a8w8_blockscale_1x128x128_256x128x128x128_16x16_32x32_2x2_8x32x1_8x32x1_1x32x1x8_8_1x1_intrawave_v3,650.93,1434.41,0.0
256,2718,8192,512,ck,18,0,34.017,a8w8_blockscale_1x128x128_256x64x64x256_16x16_32x32_1x1_16x16x1_16x16x1_1x32x1x8_8_1x1_intrawave_v1,670.26,1473.31,0.0
256,2773,8192,512,ck,0,0,34.0291,a8w8_blockscale_1x128x128_256x128x128x128_16x16_32x32_2x2_8x32x1_8x32x1_1x32x1x8_8_1x1_intrawave_v3,683.58,1500.1,0.0
256,2681,8192,512,ck,18,0,34.0617,a8w8_blockscale_1x128x128_256x64x64x256_16x16_32x32_1x1_16x16x1_16x16x1_1x32x1x8_8_1x1_intrawave_v1,660.27,1453.02,0.0
256,2761,8192,512,ck,0,0,34.1103,a8w8_blockscale_1x128x128_256x128x128x128_16x16_32x32_2x2_8x32x1_8x32x1_1x32x1x8_8_1x1_intrawave_v3,679.0,1490.58,0.0
256,2738,8192,512,ck,18,0,34.115,a8w8_blockscale_1x128x128_256x64x64x256_16x16_32x32_1x1_16x16x1_16x16x1_1x32x1x8_8_1x1_intrawave_v1,673.25,1478.98,0.0
256,2732,8192,512,ck,18,0,34.1198,a8w8_blockscale_1x128x128_256x64x64x256_16x16_32x32_1x1_16x16x1_16x16x1_1x32x1x8_8_1x1_intrawave_v1,671.68,1475.81,0.0
256,2692,8192,512,ck,18,0,34.125,a8w8_blockscale_1x128x128_256x64x64x256_16x16_32x32_1x1_16x16x1_16x16x1_1x32x1x8_8_1x1_intrawave_v1,661.75,1455.78,0.0
256,2712,8192,512,ck,0,0,34.1398,a8w8_blockscale_1x128x128_256x128x128x128_16x16_32x32_2x2_8x32x1_8x32x1_1x32x1x8_8_1x1_intrawave_v3,666.37,1465.04,0.0
256,2710,8192,512,ck,18,0,34.1402,a8w8_blockscale_1x128x128_256x64x64x256_16x16_32x32_1x1_16x16x1_16x16x1_1x32x1x8_8_1x1_intrawave_v1,665.88,1464.04,0.0
256,2666,8192,512,ck,18,0,34.1606,a8w8_blockscale_1x128x128_256x64x64x256_16x16_32x32_1x1_16x16x1_16x16x1_1x32x1x8_8_1x1_intrawave_v1,654.67,1441.4,0.0
256,2704,8192,512,ck,0,0,34.1759,a8w8_blockscale_1x128x128_256x128x128x128_16x16_32x32_2x2_8x32x1_8x32x1_1x32x1x8_8_1x1_intrawave_v3,663.71,1459.54,0.0
256,2750,8192,512,ck,18,0,34.1898,a8w8_blockscale_1x128x128_256x64x64x256_16x16_32x32_1x1_16x16x1_16x16x1_1x32x1x8_8_1x1_intrawave_v1,674.72,1481.68,0.0
256,2670,8192,512,ck,18,0,34.2054,a8w8_blockscale_1x128x128_256x64x64x256_16x16_32x32_1x1_16x16x1_16x16x1_1x32x1x8_8_1x1_intrawave_v1,654.8,1441.49,0.0
256,2705,8192,512,ck,0,0,34.2071,a8w8_blockscale_1x128x128_256x128x128x128_16x16_32x32_2x2_8x32x1_8x32x1_1x32x1x8_8_1x1_intrawave_v3,663.35,1458.7,0.0
256,2725,8192,512,ck,18,0,34.2094,a8w8_blockscale_1x128x128_256x64x64x256_16x16_32x32_1x1_16x16x1_16x16x1_1x32x1x8_8_1x1_intrawave_v1,668.21,1468.48,0.0
256,2728,8192,512,ck,0,0,34.2464,a8w8_blockscale_1x128x128_256x128x128x128_16x16_32x32_2x2_8x32x1_8x32x1_1x32x1x8_8_1x1_intrawave_v3,668.22,1468.38,0.0
256,2694,8192,512,ck,0,0,34.2531,a8w8_blockscale_1x128x128_256x128x128x128_16x16_32x32_2x2_8x32x1_8x32x1_1x32x1x8_8_1x1_intrawave_v3,659.76,1451.32,0.0
256,2708,8192,512,ck,18,0,34.2761,a8w8_blockscale_1x128x128_256x64x64x256_16x16_32x32_1x1_16x16x1_16x16x1_1x32x1x8_8_1x1_intrawave_v1,662.75,1457.24,0.0
256,2787,8192,512,ck,0,0,34.2802,a8w8_blockscale_1x128x128_256x128x128x128_16x16_32x32_2x2_8x32x1_8x32x1_1x32x1x8_8_1x1_intrawave_v3,682.0,1496.01,0.0
256,2737,8192,512,ck,18,0,34.2818,a8w8_blockscale_1x128x128_256x64x64x256_16x16_32x32_1x1_16x16x1_16x16x1_1x32x1x8_8_1x1_intrawave_v1,669.73,1471.3,0.0
256,2671,8192,512,ck,18,0,34.2865,a8w8_blockscale_1x128x128_256x64x64x256_16x16_32x32_1x1_16x16x1_16x16x1_1x32x1x8_8_1x1_intrawave_v1,653.49,1438.57,0.0
256,2794,8192,512,ck,0,0,34.2921,a8w8_blockscale_1x128x128_256x128x128x128_16x16_32x32_2x2_8x32x1_8x32x1_1x32x1x8_8_1x1_intrawave_v3,683.47,1498.94,0.0
256,2747,8192,512,ck,18,0,34.293,a8w8_blockscale_1x128x128_256x64x64x256_16x16_32x32_1x1_16x16x1_16x16x1_1x32x1x8_8_1x1_intrawave_v1,671.96,1475.74,0.0
256,2751,8192,512,ck,18,0,34.299,a8w8_blockscale_1x128x128_256x64x64x256_16x16_32x32_1x1_16x16x1_16x16x1_1x32x1x8_8_1x1_intrawave_v1,672.82,1477.45,0.0
256,2798,8192,512,ck,0,0,34.3021,a8w8_blockscale_1x128x128_256x128x128x128_16x16_32x32_2x2_8x32x1_8x32x1_1x32x1x8_8_1x1_intrawave_v3,684.25,1500.47,0.0
256,384,7168,4608,ck,18,0,34.3095,a8w8_blockscale_1x128x128_256x64x64x256_16x16_32x32_1x1_16x16x1_16x16x1_1x32x1x8_8_1x1_intrawave_v1,739.36,1174.74,0.0
256,496,7168,4096,ck,0,0,34.3267,a8w8_blockscale_1x128x128_256x128x128x128_16x16_32x32_2x2_8x32x1_8x32x1_1x32x1x8_8_1x1_intrawave_v3,848.47,1121.65,0.0
256,2766,8192,512,ck,0,0,34.3311,a8w8_blockscale_1x128x128_256x128x128x128_16x16_32x32_2x2_8x32x1_8x32x1_1x32x1x8_8_1x1_intrawave_v3,675.86,1483.45,0.0
256,2760,8192,512,ck,0,0,34.3345,a8w8_blockscale_1x128x128_256x128x128x128_16x16_32x32_2x2_8x32x1_8x32x1_1x32x1x8_8_1x1_intrawave_v3,674.32,1480.36,0.0
256,2743,8192,512,ck,0,0,34.3402,a8w8_blockscale_1x128x128_256x128x128x128_16x16_32x32_2x2_8x32x1_8x32x1_1x32x1x8_8_1x1_intrawave_v3,670.06,1471.75,0.0
256,2795,8192,512,ck,0,0,34.3454,a8w8_blockscale_1x128x128_256x128x128x128_16x16_32x32_2x2_8x32x1_8x32x1_1x32x1x8_8_1x1_intrawave_v3,682.66,1497.1,0.0
256,2785,8192,512,ck,18,0,34.3457,a8w8_blockscale_1x128x128_256x64x64x256_16x16_32x32_1x1_16x16x1_16x16x1_1x32x1x8_8_1x1_intrawave_v1,680.21,1492.17,0.0
256,2771,8192,512,ck,0,0,34.3518,a8w8_blockscale_1x128x128_256x128x128x128_16x16_32x32_2x2_8x32x1_8x32x1_1x32x1x8_8_1x1_intrawave_v3,676.67,1485.02,0.0
256,2723,8192,512,ck,0,0,34.3618,a8w8_blockscale_1x128x128_256x128x128x128_16x16_32x32_2x2_8x32x1_8x32x1_1x32x1x8_8_1x1_intrawave_v3,664.76,1460.99,0.0
256,2783,8192,512,ck,0,0,34.3636,a8w8_blockscale_1x128x128_256x128x128x128_16x16_32x32_2x2_8x32x1_8x32x1_1x32x1x8_8_1x1_intrawave_v3,679.37,1490.41,0.0
256,2724,8192,512,ck,0,0,34.3704,a8w8_blockscale_1x128x128_256x128x128x128_16x16_32x32_2x2_8x32x1_8x32x1_1x32x1x8_8_1x1_intrawave_v3,664.83,1461.11,0.0
256,2695,8192,512,ck,0,0,34.3776,a8w8_blockscale_1x128x128_256x128x128x128_16x16_32x32_2x2_8x32x1_8x32x1_1x32x1x8_8_1x1_intrawave_v3,657.62,1446.55,0.0
256,480,7168,4096,ck,0,0,34.3823,a8w8_blockscale_1x128x128_256x128x128x128_16x16_32x32_2x2_8x32x1_8x32x1_1x32x1x8_8_1x1_intrawave_v3,819.77,1111.25,0.0
256,2836,8192,512,ck,0,0,34.3899,a8w8_blockscale_1x128x128_256x128x128x128_16x16_32x32_2x2_8x32x1_8x32x1_1x32x1x8_8_1x1_intrawave_v3,691.78,1515.31,0.0
256,2801,8192,512,ck,0,0,34.3901,a8w8_blockscale_1x128x128_256x128x128x128_16x16_32x32_2x2_8x32x1_8x32x1_1x32x1x8_8_1x1_intrawave_v3,683.23,1498.11,0.0
256,2786,8192,512,ck,0,0,34.3925,a8w8_blockscale_1x128x128_256x128x128x128_16x16_32x32_2x2_8x32x1_8x32x1_1x32x1x8_8_1x1_intrawave_v3,679.53,1490.63,0.0
256,2802,8192,512,ck,0,0,34.3968,a8w8_blockscale_1x128x128_256x128x128x128_16x16_32x32_2x2_8x32x1_8x32x1_1x32x1x8_8_1x1_intrawave_v3,683.34,1498.3,0.0
256,2789,8192,512,ck,0,0,34.4027,a8w8_blockscale_1x128x128_256x128x128x128_16x16_32x32_2x2_8x32x1_8x32x1_1x32x1x8_8_1x1_intrawave_v3,680.06,1491.66,0.0
256,2784,8192,512,ck,0,0,34.4094,a8w8_blockscale_1x128x128_256x128x128x128_16x16_32x32_2x2_8x32x1_8x32x1_1x32x1x8_8_1x1_intrawave_v3,678.71,1488.92,0.0
256,2744,8192,512,ck,0,0,34.4159,a8w8_blockscale_1x128x128_256x128x128x128_16x16_32x32_2x2_8x32x1_8x32x1_1x32x1x8_8_1x1_intrawave_v3,668.83,1469.0,0.0
256,2719,8192,512,ck,0,0,34.4278,a8w8_blockscale_1x128x128_256x128x128x128_16x16_32x32_2x2_8x32x1_8x32x1_1x32x1x8_8_1x1_intrawave_v3,662.51,1456.22,0.0
256,2790,8192,512,ck,0,0,34.4287,a8w8_blockscale_1x128x128_256x128x128x128_16x16_32x32_2x2_8x32x1_8x32x1_1x32x1x8_8_1x1_intrawave_v3,679.79,1491.03,0.0
256,2828,8192,512,ck,0,0,34.4411,a8w8_blockscale_1x128x128_256x128x128x128_16x16_32x32_2x2_8x32x1_8x32x1_1x32x1x8_8_1x1_intrawave_v3,688.8,1509.13,0.0
256,1490,6144,1536,ck,0,0,34.4454,a8w8_blockscale_1x128x128_256x128x128x128_16x16_32x32_2x2_8x32x1_8x32x1_1x32x1x8_8_1x1_intrawave_v3,816.45,871.96,0.0
256,2772,8192,512,ck,0,0,34.4474,a8w8_blockscale_1x128x128_256x128x128x128_16x16_32x32_2x2_8x32x1_8x32x1_1x32x1x8_8_1x1_intrawave_v3,675.04,1481.39,0.0
256,2739,8192,512,ck,0,0,34.4534,a8w8_blockscale_1x128x128_256x128x128x128_16x16_32x32_2x2_8x32x1_8x32x1_1x32x1x8_8_1x1_intrawave_v3,666.88,1464.95,0.0
256,2756,8192,512,ck,0,0,34.4614,a8w8_blockscale_1x128x128_256x128x128x128_16x16_32x32_2x2_8x32x1_8x32x1_1x32x1x8_8_1x1_intrawave_v3,670.87,1472.94,0.0
256,2752,8192,512,ck,0,0,34.4716,a8w8_blockscale_1x128x128_256x128x128x128_16x16_32x32_2x2_8x32x1_8x32x1_1x32x1x8_8_1x1_intrawave_v3,669.69,1470.55,0.0
256,2806,8192,512,ck,18,0,34.4722,a8w8_blockscale_1x128x128_256x64x64x256_16x16_32x32_1x1_16x16x1_16x16x1_1x32x1x8_8_1x1_intrawave_v1,682.82,1496.99,0.0
256,2706,8192,512,ck,0,0,34.492,a8w8_blockscale_1x128x128_256x128x128x128_16x16_32x32_2x2_8x32x1_8x32x1_1x32x1x8_8_1x1_intrawave_v3,658.11,1447.14,0.0
256,2883,8192,512,ck,0,0,34.4963,a8w8_blockscale_1x128x128_256x128x128x128_16x16_32x32_2x2_8x32x1_8x32x1_1x32x1x8_8_1x1_intrawave_v3,701.07,1533.66,0.0
256,2827,8192,512,ck,0,0,34.4975,a8w8_blockscale_1x128x128_256x128x128x128_16x16_32x32_2x2_8x32x1_8x32x1_1x32x1x8_8_1x1_intrawave_v3,687.43,1506.18,0.0
256,2780,8192,512,ck,0,0,34.5123,a8w8_blockscale_1x128x128_256x128x128x128_16x16_32x32_2x2_8x32x1_8x32x1_1x32x1x8_8_1x1_intrawave_v3,675.71,1482.52,0.0
256,2741,8192,512,ck,0,0,34.5259,a8w8_blockscale_1x128x128_256x128x128x128_16x16_32x32_2x2_8x32x1_8x32x1_1x32x1x8_8_1x1_intrawave_v3,665.97,1462.85,0.0
256,2793,8192,512,ck,18,0,34.5278,a8w8_blockscale_1x128x128_256x64x64x256_16x16_32x32_1x1_16x16x1_16x16x1_1x32x1x8_8_1x1_intrawave_v1,678.57,1488.22,0.0
256,2830,8192,512,ck,0,0,34.5289,a8w8_blockscale_1x128x128_256x128x128x128_16x16_32x32_2x2_8x32x1_8x32x1_1x32x1x8_8_1x1_intrawave_v3,687.53,1506.27,0.0
256,2844,8192,512,ck,0,0,34.5322,a8w8_blockscale_1x128x128_256x128x128x128_16x16_32x32_2x2_8x32x1_8x32x1_1x32x1x8_8_1x1_intrawave_v3,690.87,1512.98,0.0
256,2753,8192,512,ck,0,0,34.5373,a8w8_blockscale_1x128x128_256x128x128x128_16x16_32x32_2x2_8x32x1_8x32x1_1x32x1x8_8_1x1_intrawave_v3,668.66,1468.24,0.0
256,2735,8192,512,ck,0,0,34.5398,a8w8_blockscale_1x128x128_256x128x128x128_16x16_32x32_2x2_8x32x1_8x32x1_1x32x1x8_8_1x1_intrawave_v3,664.24,1459.33,0.0
256,2939,8192,512,ck,0,0,34.5464,a8w8_blockscale_1x128x128_256x128x128x128_16x16_32x32_2x2_8x32x1_8x32x1_1x32x1x8_8_1x1_intrawave_v3,713.65,1558.82,0.0
256,2932,8192,512,ck,0,0,34.5486,a8w8_blockscale_1x128x128_256x128x128x128_16x16_32x32_2x2_8x32x1_8x32x1_1x32x1x8_8_1x1_intrawave_v3,711.91,1555.3,0.0
256,2870,8192,512,ck,0,0,34.5499,a8w8_blockscale_1x128x128_256x128x128x128_16x16_32x32_2x2_8x32x1_8x32x1_1x32x1x8_8_1x1_intrawave_v3,696.83,1524.92,0.0
256,2906,8192,512,ck,0,0,34.5541,a8w8_blockscale_1x128x128_256x128x128x128_16x16_32x32_2x2_8x32x1_8x32x1_1x32x1x8_8_1x1_intrawave_v3,705.48,1542.34,0.0
256,2852,8192,512,ck,0,0,34.5581,a8w8_blockscale_1x128x128_256x128x128x128_16x16_32x32_2x2_8x32x1_8x32x1_1x32x1x8_8_1x1_intrawave_v3,692.29,1515.76,0.0
256,2839,8192,512,ck,0,0,34.574,a8w8_blockscale_1x128x128_256x128x128x128_16x16_32x32_2x2_8x32x1_8x32x1_1x32x1x8_8_1x1_intrawave_v3,688.82,1508.71,0.0
256,1047,8192,1536,ck,0,0,34.5743,a8w8_blockscale_1x128x128_256x128x128x128_16x16_32x32_2x2_8x32x1_8x32x1_1x32x1x8_8_1x1_intrawave_v3,762.09,906.6,0.0
256,2814,8192,512,ck,0,0,34.5781,a8w8_blockscale_1x128x128_256x128x128x128_16x16_32x32_2x2_8x32x1_8x32x1_1x32x1x8_8_1x1_intrawave_v3,682.67,1496.31,0.0
256,2700,8192,512,ck,0,0,34.583,a8w8_blockscale_1x128x128_256x128x128x128_16x16_32x32_2x2_8x32x1_8x32x1_1x32x1x8_8_1x1_intrawave_v3,654.92,1440.4,0.0
256,2788,8192,512,ck,0,0,34.5881,a8w8_blockscale_1x128x128_256x128x128x128_16x16_32x32_2x2_8x32x1_8x32x1_1x32x1x8_8_1x1_intrawave_v3,676.17,1483.18,0.0
256,2927,8192,512,ck,0,0,34.5925,a8w8_blockscale_1x128x128_256x128x128x128_16x16_32x32_2x2_8x32x1_8x32x1_1x32x1x8_8_1x1_intrawave_v3,709.79,1550.88,0.0
256,2721,8192,512,ck,0,0,34.6042,a8w8_blockscale_1x128x128_256x128x128x128_16x16_32x32_2x2_8x32x1_8x32x1_1x32x1x8_8_1x1_intrawave_v3,659.61,1449.78,0.0
256,2831,8192,512,ck,0,0,34.607,a8w8_blockscale_1x128x128_256x128x128x128_16x16_32x32_2x2_8x32x1_8x32x1_1x32x1x8_8_1x1_intrawave_v3,686.22,1503.36,0.0
256,2758,8192,512,ck,0,0,34.6153,a8w8_blockscale_1x128x128_256x128x128x128_16x16_32x32_2x2_8x32x1_8x32x1_1x32x1x8_8_1x1_intrawave_v3,668.37,1467.37,0.0
256,2757,8192,512,ck,0,0,34.6162,a8w8_blockscale_1x128x128_256x128x128x128_16x16_32x32_2x2_8x32x1_8x32x1_1x32x1x8_8_1x1_intrawave_v3,668.11,1466.84,0.0
256,2914,8192,512,ck,0,0,34.6196,a8w8_blockscale_1x128x128_256x128x128x128_16x16_32x32_2x2_8x32x1_8x32x1_1x32x1x8_8_1x1_intrawave_v3,706.09,1543.32,0.0
256,2854,8192,512,ck,0,0,34.6369,a8w8_blockscale_1x128x128_256x128x128x128_16x16_32x32_2x2_8x32x1_8x32x1_1x32x1x8_8_1x1_intrawave_v3,691.2,1513.28,0.0
256,2840,8192,512,ck,0,0,34.6402,a8w8_blockscale_1x128x128_256x128x128x128_16x16_32x32_2x2_8x32x1_8x32x1_1x32x1x8_8_1x1_intrawave_v3,687.75,1506.31,0.0
256,1040,8192,1536,ck,0,0,34.6418,a8w8_blockscale_1x128x128_256x128x128x128_16x16_32x32_2x2_8x32x1_8x32x1_1x32x1x8_8_1x1_intrawave_v3,755.52,901.22,0.0
256,2861,8192,512,ck,0,0,34.6476,a8w8_blockscale_1x128x128_256x128x128x128_16x16_32x32_2x2_8x32x1_8x32x1_1x32x1x8_8_1x1_intrawave_v3,692.68,1516.23,0.0
256,2734,8192,512,ck,0,0,34.6479,a8w8_blockscale_1x128x128_256x128x128x128_16x16_32x32_2x2_8x32x1_8x32x1_1x32x1x8_8_1x1_intrawave_v3,661.93,1454.29,0.0
256,2765,8192,512,ck,0,0,34.6513,a8w8_blockscale_1x128x128_256x128x128x128_16x16_32x32_2x2_8x32x1_8x32x1_1x32x1x8_8_1x1_intrawave_v3,669.37,1469.26,0.0
256,2846,8192,512,ck,0,0,34.6514,a8w8_blockscale_1x128x128_256x128x128x128_16x16_32x32_2x2_8x32x1_8x32x1_1x32x1x8_8_1x1_intrawave_v3,688.98,1508.75,0.0
256,2942,8192,512,ck,0,0,34.6525,a8w8_blockscale_1x128x128_256x128x128x128_16x16_32x32_2x2_8x32x1_8x32x1_1x32x1x8_8_1x1_intrawave_v3,712.19,1555.51,0.0
256,2880,8192,512,ck,0,0,34.655,a8w8_blockscale_1x128x128_256x128x128x128_16x16_32x32_2x2_8x32x1_8x32x1_1x32x1x8_8_1x1_intrawave_v3,697.13,1525.17,0.0
256,2871,8192,512,ck,0,0,34.6556,a8w8_blockscale_1x128x128_256x128x128x128_16x16_32x32_2x2_8x32x1_8x32x1_1x32x1x8_8_1x1_intrawave_v3,694.94,1520.76,0.0
256,1485,6144,1536,ck,0,0,34.6596,a8w8_blockscale_1x128x128_256x128x128x128_16x16_32x32_2x2_8x32x1_8x32x1_1x32x1x8_8_1x1_intrawave_v3,808.68,864.58,0.0
256,2902,8192,512,ck,0,0,34.6686,a8w8_blockscale_1x128x128_256x128x128x128_16x16_32x32_2x2_8x32x1_8x32x1_1x32x1x8_8_1x1_intrawave_v3,702.18,1535.29,0.0
256,2779,8192,512,ck,0,0,34.683,a8w8_blockscale_1x128x128_256x128x128x128_16x16_32x32_2x2_8x32x1_8x32x1_1x32x1x8_8_1x1_intrawave_v3,672.14,1474.74,0.0
256,2925,8192,512,ck,0,0,34.6998,a8w8_blockscale_1x128x128_256x128x128x128_16x16_32x32_2x2_8x32x1_8x32x1_1x32x1x8_8_1x1_intrawave_v3,707.11,1545.11,0.0
256,2867,8192,512,ck,0,0,34.7165,a8w8_blockscale_1x128x128_256x128x128x128_16x16_32x32_2x2_8x32x1_8x32x1_1x32x1x8_8_1x1_intrawave_v3,692.76,1516.14,0.0
256,2837,8192,512,ck,0,0,34.7307,a8w8_blockscale_1x128x128_256x128x128x128_16x16_32x32_2x2_8x32x1_8x32x1_1x32x1x8_8_1x1_intrawave_v3,685.23,1500.93,0.0
256,2873,8192,512,ck,0,0,34.7402,a8w8_blockscale_1x128x128_256x128x128x128_16x16_32x32_2x2_8x32x1_8x32x1_1x32x1x8_8_1x1_intrawave_v3,693.73,1518.03,0.0
256,2817,8192,512,ck,0,0,34.7444,a8w8_blockscale_1x128x128_256x128x128x128_16x16_32x32_2x2_8x32x1_8x32x1_1x32x1x8_8_1x1_intrawave_v3,680.13,1490.61,0.0
256,1087,8192,1536,ck,0,0,34.7526,a8w8_blockscale_1x128x128_256x128x128x128_16x16_32x32_2x2_8x32x1_8x32x1_1x32x1x8_8_1x1_intrawave_v3,787.14,922.58,0.0
256,2863,8192,512,ck,0,0,34.761,a8w8_blockscale_1x128x128_256x128x128x128_16x16_32x32_2x2_8x32x1_8x32x1_1x32x1x8_8_1x1_intrawave_v3,690.91,1512.26,0.0
256,2904,8192,512,ck,0,0,34.7667,a8w8_blockscale_1x128x128_256x128x128x128_16x16_32x32_2x2_8x32x1_8x32x1_1x32x1x8_8_1x1_intrawave_v3,700.69,1531.93,0.0
256,2715,8192,512,ck,0,0,34.7834,a8w8_blockscale_1x128x128_256x128x128x128_16x16_32x32_2x2_8x32x1_8x32x1_1x32x1x8_8_1x1_intrawave_v3,654.77,1439.39,0.0
256,2922,8192,512,ck,0,0,34.7856,a8w8_blockscale_1x128x128_256x128x128x128_16x16_32x32_2x2_8x32x1_8x32x1_1x32x1x8_8_1x1_intrawave_v3,704.65,1539.84,0.0
256,2841,8192,512,ck,0,0,34.7896,a8w8_blockscale_1x128x128_256x128x128x128_16x16_32x32_2x2_8x32x1_8x32x1_1x32x1x8_8_1x1_intrawave_v3,685.03,1500.33,0.0
256,2933,8192,512,ck,0,0,34.7906,a8w8_blockscale_1x128x128_256x128x128x128_16x16_32x32_2x2_8x32x1_8x32x1_1x32x1x8_8_1x1_intrawave_v3,707.2,1544.97,0.0
256,2915,8192,512,ck,0,0,34.7946,a8w8_blockscale_1x128x128_256x128x128x128_16x16_32x32_2x2_8x32x1_8x32x1_1x32x1x8_8_1x1_intrawave_v3,702.78,1536.05,0.0
256,2878,8192,512,ck,0,0,34.7985,a8w8_blockscale_1x128x128_256x128x128x128_16x16_32x32_2x2_8x32x1_8x32x1_1x32x1x8_8_1x1_intrawave_v3,693.78,1517.91,0.0
256,2923,8192,512,ck,0,0,34.8031,a8w8_blockscale_1x128x128_256x128x128x128_16x16_32x32_2x2_8x32x1_8x32x1_1x32x1x8_8_1x1_intrawave_v3,704.53,1539.56,0.0
256,400,7168,4608,ck,0,0,34.8109,a8w8_blockscale_1x128x128_256x128x128x128_16x16_32x32_2x2_8x32x1_8x32x1_1x32x1x8_8_1x1_intrawave_v3,759.08,1166.52,0.0
256,104,9216,7168,ck,18,0,34.8123,a8w8_blockscale_1x128x128_256x64x64x256_16x16_32x32_1x1_16x16x1_16x16x1_1x32x1x8_8_1x1_intrawave_v1,394.7,1974.09,0.0
256,2782,8192,512,ck,0,0,34.8142,a8w8_blockscale_1x128x128_256x128x128x128_16x16_32x32_2x2_8x32x1_8x32x1_1x32x1x8_8_1x1_intrawave_v3,670.33,1470.63,0.0
256,2879,8192,512,ck,0,0,34.8189,a8w8_blockscale_1x128x128_256x128x128x128_16x16_32x32_2x2_8x32x1_8x32x1_1x32x1x8_8_1x1_intrawave_v3,693.61,1517.51,0.0
256,2926,8192,512,ck,0,0,34.8206,a8w8_blockscale_1x128x128_256x128x128x128_16x16_32x32_2x2_8x32x1_8x32x1_1x32x1x8_8_1x1_intrawave_v3,704.9,1540.24,0.0
256,2886,8192,512,ck,0,0,34.8218,a8w8_blockscale_1x128x128_256x128x128x128_16x16_32x32_2x2_8x32x1_8x32x1_1x32x1x8_8_1x1_intrawave_v3,695.24,1520.78,0.0
256,1601,6144,1536,ck,0,0,34.8263,a8w8_blockscale_1x128x128_256x128x128x128_16x16_32x32_2x2_8x32x1_8x32x1_1x32x1x8_8_1x1_intrawave_v3,867.67,906.48,0.0
256,2755,8192,512,ck,0,0,34.827,a8w8_blockscale_1x128x128_256x128x128x128_16x16_32x32_2x2_8x32x1_8x32x1_1x32x1x8_8_1x1_intrawave_v3,663.58,1457.0,0.0
256,2819,8192,512,ck,0,0,34.8302,a8w8_blockscale_1x128x128_256x128x128x128_16x16_32x32_2x2_8x32x1_8x32x1_1x32x1x8_8_1x1_intrawave_v3,678.94,1487.91,0.0
256,2917,8192,512,ck,0,0,34.8349,a8w8_blockscale_1x128x128_256x128x128x128_16x16_32x32_2x2_8x32x1_8x32x1_1x32x1x8_8_1x1_intrawave_v3,702.44,1535.24,0.0
256,2937,8192,512,ck,0,0,34.8474,a8w8_blockscale_1x128x128_256x128x128x128_16x16_32x32_2x2_8x32x1_8x32x1_1x32x1x8_8_1x1_intrawave_v3,707.01,1544.39,0.0
256,1112,8192,1536,ck,0,0,34.8502,a8w8_blockscale_1x128x128_256x128x128x128_16x16_32x32_2x2_8x32x1_8x32x1_1x32x1x8_8_1x1_intrawave_v3,802.99,932.85,0.0
256,2934,8192,512,ck,0,0,34.8539,a8w8_blockscale_1x128x128_256x128x128x128_16x16_32x32_2x2_8x32x1_8x32x1_1x32x1x8_8_1x1_intrawave_v3,706.15,1542.64,0.0
256,1580,6144,1536,ck,0,0,34.8557,a8w8_blockscale_1x128x128_256x128x128x128_16x16_32x32_2x2_8x32x1_8x32x1_1x32x1x8_8_1x1_intrawave_v3,855.57,897.39,0.0
256,2882,8192,512,ck,0,0,34.8563,a8w8_blockscale_1x128x128_256x128x128x128_16x16_32x32_2x2_8x32x1_8x32x1_1x32x1x8_8_1x1_intrawave_v3,693.59,1517.33,0.0
256,2759,8192,512,ck,0,0,34.8717,a8w8_blockscale_1x128x128_256x128x128x128_16x16_32x32_2x2_8x32x1_8x32x1_1x32x1x8_8_1x1_intrawave_v3,663.69,1457.07,0.0
256,2872,8192,512,ck,0,0,34.9036,a8w8_blockscale_1x128x128_256x128x128x128_16x16_32x32_2x2_8x32x1_8x32x1_1x32x1x8_8_1x1_intrawave_v3,690.25,1510.43,0.0
256,2997,8192,512,ck,0,0,34.9056,a8w8_blockscale_1x128x128_256x128x128x128_16x16_32x32_2x2_8x32x1_8x32x1_1x32x1x8_8_1x1_intrawave_v3,720.25,1570.85,0.0
256,2876,8192,512,ck,0,0,34.9375,a8w8_blockscale_1x128x128_256x128x128x128_16x16_32x32_2x2_8x32x1_8x32x1_1x32x1x8_8_1x1_intrawave_v3,690.54,1510.9,0.0
256,2875,8192,512,ck,0,0,34.9487,a8w8_blockscale_1x128x128_256x128x128x128_16x16_32x32_2x2_8x32x1_8x32x1_1x32x1x8_8_1x1_intrawave_v3,690.08,1509.94,0.0
256,3072,8192,512,ck,0,0,34.961,a8w8_blockscale_1x128x128_256x128x128x128_16x16_32x32_2x2_8x32x1_8x32x1_1x32x1x8_8_1x1_intrawave_v3,737.1,1604.61,0.0
256,2920,8192,512,ck,0,0,34.9635,a8w8_blockscale_1x128x128_256x128x128x128_16x16_32x32_2x2_8x32x1_8x32x1_1x32x1x8_8_1x1_intrawave_v3,700.58,1531.04,0.0
256,1623,6144,1536,ck,0,0,34.9648,a8w8_blockscale_1x128x128_256x128x128x128_16x16_32x32_2x2_8x32x1_8x32x1_1x32x1x8_8_1x1_intrawave_v3,876.11,911.59,0.0
256,2862,8192,512,ck,0,0,34.9774,a8w8_blockscale_1x128x128_256x128x128x128_16x16_32x32_2x2_8x32x1_8x32x1_1x32x1x8_8_1x1_intrawave_v3,686.39,1502.42,0.0
256,136,9216,7168,ck,18,0,35.0048,a8w8_blockscale_1x128x128_256x64x64x256_16x16_32x32_1x1_16x16x1_16x16x1_1x32x1x8_8_1x1_intrawave_v1,513.31,1986.64,0.0
256,2896,8192,512,ck,0,0,35.0111,a8w8_blockscale_1x128x128_256x128x128x128_16x16_32x32_2x2_8x32x1_8x32x1_1x32x1x8_8_1x1_intrawave_v3,693.88,1517.38,0.0
256,2900,8192,512,ck,0,0,35.0426,a8w8_blockscale_1x128x128_256x128x128x128_16x16_32x32_2x2_8x32x1_8x32x1_1x32x1x8_8_1x1_intrawave_v3,694.21,1517.94,0.0
256,2822,8192,512,ck,0,0,35.0426,a8w8_blockscale_1x128x128_256x128x128x128_16x16_32x32_2x2_8x32x1_8x32x1_1x32x1x8_8_1x1_intrawave_v3,675.54,1480.34,0.0
256,2909,8192,512,ck,0,0,35.0502,a8w8_blockscale_1x128x128_256x128x128x128_16x16_32x32_2x2_8x32x1_8x32x1_1x32x1x8_8_1x1_intrawave_v3,696.21,1521.95,0.0
256,2907,8192,512,ck,0,0,35.051,a8w8_blockscale_1x128x128_256x128x128x128_16x16_32x32_2x2_8x32x1_8x32x1_1x32x1x8_8_1x1_intrawave_v3,695.72,1520.95,0.0
256,1517,6144,1536,ck,18,0,35.0534,a8w8_blockscale_1x128x128_256x64x64x256_16x16_32x32_1x1_16x16x1_16x16x1_1x32x1x8_8_1x1_intrawave_v1,816.82,867.48,0.0
256,3062,8192,512,ck,0,0,35.0561,a8w8_blockscale_1x128x128_256x128x128x128_16x16_32x32_2x2_8x32x1_8x32x1_1x32x1x8_8_1x1_intrawave_v3,732.71,1595.44,0.0
256,2968,8192,512,ck,0,0,35.0751,a8w8_blockscale_1x128x128_256x128x128x128_16x16_32x32_2x2_8x32x1_8x32x1_1x32x1x8_8_1x1_intrawave_v3,709.83,1549.29,0.0
256,2974,8192,512,ck,0,0,35.0758,a8w8_blockscale_1x128x128_256x128x128x128_16x16_32x32_2x2_8x32x1_8x32x1_1x32x1x8_8_1x1_intrawave_v3,711.25,1552.15,0.0
256,2910,8192,512,ck,0,0,35.0935,a8w8_blockscale_1x128x128_256x128x128x128_16x16_32x32_2x2_8x32x1_8x32x1_1x32x1x8_8_1x1_intrawave_v3,695.59,1520.56,0.0
256,2969,8192,512,ck,0,0,35.0938,a8w8_blockscale_1x128x128_256x128x128x128_16x16_32x32_2x2_8x32x1_8x32x1_1x32x1x8_8_1x1_intrawave_v3,709.69,1548.95,0.0
256,3044,8192,512,ck,0,0,35.0955,a8w8_blockscale_1x128x128_256x128x128x128_16x16_32x32_2x2_8x32x1_8x32x1_1x32x1x8_8_1x1_intrawave_v3,727.58,1584.98,0.0
256,1132,8192,1536,ck,0,0,35.0998,a8w8_blockscale_1x128x128_256x128x128x128_16x16_32x32_2x2_8x32x1_8x32x1_1x32x1x8_8_1x1_intrawave_v3,811.62,936.43,0.0
256,1185,8192,1536,ck,0,0,35.1038,a8w8_blockscale_1x128x128_256x128x128x128_16x16_32x32_2x2_8x32x1_8x32x1_1x32x1x8_8_1x1_intrawave_v3,849.52,963.37,0.0
256,2930,8192,512,ck,0,0,35.1086,a8w8_blockscale_1x128x128_256x128x128x128_16x16_32x32_2x2_8x32x1_8x32x1_1x32x1x8_8_1x1_intrawave_v3,700.07,1529.53,0.0
256,2973,8192,512,ck,0,0,35.1141,a8w8_blockscale_1x128x128_256x128x128x128_16x16_32x32_2x2_8x32x1_8x32x1_1x32x1x8_8_1x1_intrawave_v3,710.24,1549.98,0.0
256,1144,8192,1536,ck,0,0,35.1194,a8w8_blockscale_1x128x128_256x128x128x128_16x16_32x32_2x2_8x32x1_8x32x1_1x32x1x8_8_1x1_intrawave_v3,819.77,942.03,0.0
256,2984,8192,512,ck,0,0,35.1262,a8w8_blockscale_1x128x128_256x128x128x128_16x16_32x32_2x2_8x32x1_8x32x1_1x32x1x8_8_1x1_intrawave_v3,712.62,1554.74,0.0
256,2972,8192,512,ck,0,0,35.1318,a8w8_blockscale_1x128x128_256x128x128x128_16x16_32x32_2x2_8x32x1_8x32x1_1x32x1x8_8_1x1_intrawave_v3,709.64,1548.72,0.0
256,416,7168,4608,ck,0,0,35.138,a8w8_blockscale_1x128x128_256x128x128x128_16x16_32x32_2x2_8x32x1_8x32x1_1x32x1x8_8_1x1_intrawave_v3,782.09,1164.29,0.0
256,2994,8192,512,ck,0,0,35.1415,a8w8_blockscale_1x128x128_256x128x128x128_16x16_32x32_2x2_8x32x1_8x32x1_1x32x1x8_8_1x1_intrawave_v3,714.7,1558.87,0.0
256,1553,6144,1536,ck,0,0,35.1486,a8w8_blockscale_1x128x128_256x128x128x128_16x16_32x32_2x2_8x32x1_8x32x1_1x32x1x8_8_1x1_intrawave_v3,833.94,879.29,0.0
256,3013,8192,512,ck,0,0,35.1514,a8w8_blockscale_1x128x128_256x128x128x128_16x16_32x32_2x2_8x32x1_8x32x1_1x32x1x8_8_1x1_intrawave_v3,719.03,1567.56,0.0
256,1639,6144,1536,ck,0,0,35.1569,a8w8_blockscale_1x128x128_256x128x128x128_16x16_32x32_2x2_8x32x1_8x32x1_1x32x1x8_8_1x1_intrawave_v3,879.92,912.9,0.0
256,2971,8192,512,ck,0,0,35.1737,a8w8_blockscale_1x128x128_256x128x128x128_16x16_32x32_2x2_8x32x1_8x32x1_1x32x1x8_8_1x1_intrawave_v3,708.56,1546.39,0.0
256,2983,8192,512,ck,0,0,35.1749,a8w8_blockscale_1x128x128_256x128x128x128_16x16_32x32_2x2_8x32x1_8x32x1_1x32x1x8_8_1x1_intrawave_v3,711.39,1552.1,0.0
256,3020,8192,512,ck,0,0,35.1985,a8w8_blockscale_1x128x128_256x128x128x128_16x16_32x32_2x2_8x32x1_8x32x1_1x32x1x8_8_1x1_intrawave_v3,719.74,1568.82,0.0
256,2826,8192,512,ck,0,0,35.2026,a8w8_blockscale_1x128x128_256x128x128x128_16x16_32x32_2x2_8x32x1_8x32x1_1x32x1x8_8_1x1_intrawave_v3,673.42,1475.53,0.0
256,2999,8192,512,ck,0,0,35.2096,a8w8_blockscale_1x128x128_256x128x128x128_16x16_32x32_2x2_8x32x1_8x32x1_1x32x1x8_8_1x1_intrawave_v3,714.51,1558.25,0.0
256,3027,8192,512,ck,0,0,35.2103,a8w8_blockscale_1x128x128_256x128x128x128_16x16_32x32_2x2_8x32x1_8x32x1_1x32x1x8_8_1x1_intrawave_v3,721.16,1571.66,0.0
256,3063,8192,512,ck,0,0,35.2527,a8w8_blockscale_1x128x128_256x128x128x128_16x16_32x32_2x2_8x32x1_8x32x1_1x32x1x8_8_1x1_intrawave_v3,728.86,1587.02,0.0
256,2996,8192,512,ck,0,0,35.2575,a8w8_blockscale_1x128x128_256x128x128x128_16x16_32x32_2x2_8x32x1_8x32x1_1x32x1x8_8_1x1_intrawave_v3,712.82,1554.7,0.0
256,3047,8192,512,ck,0,0,35.2588,a8w8_blockscale_1x128x128_256x128x128x128_16x16_32x32_2x2_8x32x1_8x32x1_1x32x1x8_8_1x1_intrawave_v3,724.93,1579.08,0.0
256,2982,8192,512,ck,0,0,35.2644,a8w8_blockscale_1x128x128_256x128x128x128_16x16_32x32_2x2_8x32x1_8x32x1_1x32x1x8_8_1x1_intrawave_v3,709.35,1547.68,0.0
256,2990,8192,512,ck,0,0,35.2978,a8w8_blockscale_1x128x128_256x128x128x128_16x16_32x32_2x2_8x32x1_8x32x1_1x32x1x8_8_1x1_intrawave_v3,710.58,1550.05,0.0
256,1548,6144,1536,ck,0,0,35.3037,a8w8_blockscale_1x128x128_256x128x128x128_16x16_32x32_2x2_8x32x1_8x32x1_1x32x1x8_8_1x1_intrawave_v3,827.61,873.47,0.0
256,3056,8192,512,ck,0,0,35.3209,a8w8_blockscale_1x128x128_256x128x128x128_16x16_32x32_2x2_8x32x1_8x32x1_1x32x1x8_8_1x1_intrawave_v3,725.79,1580.61,0.0
256,2960,8192,512,ck,0,0,35.3258,a8w8_blockscale_1x128x128_256x128x128x128_16x16_32x32_2x2_8x32x1_8x32x1_1x32x1x8_8_1x1_intrawave_v3,702.89,1534.47,0.0
256,1696,6144,1536,ck,0,0,35.3344,a8w8_blockscale_1x128x128_256x128x128x128_16x16_32x32_2x2_8x32x1_8x32x1_1x32x1x8_8_1x1_intrawave_v3,905.94,930.61,0.0
256,2978,8192,512,ck,0,0,35.3582,a8w8_blockscale_1x128x128_256x128x128x128_16x16_32x32_2x2_8x32x1_8x32x1_1x32x1x8_8_1x1_intrawave_v3,706.52,1541.67,0.0
256,1718,6144,1536,ck,0,0,35.3642,a8w8_blockscale_1x128x128_256x128x128x128_16x16_32x32_2x2_8x32x1_8x32x1_1x32x1x8_8_1x1_intrawave_v3,916.92,938.43,0.0
256,152,9216,7168,ck,18,0,35.3757,a8w8_blockscale_1x128x128_256x64x64x256_16x16_32x32_1x1_16x16x1_16x16x1_1x32x1x8_8_1x1_intrawave_v1,567.69,1977.39,0.0
256,1590,6144,1536,ck,0,0,35.3759,a8w8_blockscale_1x128x128_256x128x128x128_16x16_32x32_2x2_8x32x1_8x32x1_1x32x1x8_8_1x1_intrawave_v3,848.32,888.1,0.0
256,3043,8192,512,ck,0,0,35.3765,a8w8_blockscale_1x128x128_256x128x128x128_16x16_32x32_2x2_8x32x1_8x32x1_1x32x1x8_8_1x1_intrawave_v3,721.57,1571.91,0.0
256,2958,8192,512,ck,0,0,35.3877,a8w8_blockscale_1x128x128_256x128x128x128_16x16_32x32_2x2_8x32x1_8x32x1_1x32x1x8_8_1x1_intrawave_v3,701.19,1530.83,0.0
256,2998,8192,512,ck,0,0,35.3982,a8w8_blockscale_1x128x128_256x128x128x128_16x16_32x32_2x2_8x32x1_8x32x1_1x32x1x8_8_1x1_intrawave_v3,710.46,1549.47,0.0
256,3055,8192,512,ck,0,0,35.4026,a8w8_blockscale_1x128x128_256x128x128x128_16x16_32x32_2x2_8x32x1_8x32x1_1x32x1x8_8_1x1_intrawave_v3,723.88,1576.48,0.0
256,3010,8192,512,ck,0,0,35.4258,a8w8_blockscale_1x128x128_256x128x128x128_16x16_32x32_2x2_8x32x1_8x32x1_1x32x1x8_8_1x1_intrawave_v3,712.75,1553.99,0.0
256,112,9216,7168,ck,18,0,35.4385,a8w8_blockscale_1x128x128_256x64x64x256_16x16_32x32_1x1_16x16x1_16x16x1_1x32x1x8_8_1x1_intrawave_v1,417.55,1944.99,0.0
256,3071,8192,512,ck,0,0,35.4418,a8w8_blockscale_1x128x128_256x128x128x128_16x16_32x32_2x2_8x32x1_8x32x1_1x32x1x8_8_1x1_intrawave_v3,726.87,1582.37,0.0
256,432,7168,4608,ck,0,0,35.4465,a8w8_blockscale_1x128x128_256x128x128x128_16x16_32x32_2x2_8x32x1_8x32x1_1x32x1x8_8_1x1_intrawave_v3,805.1,1162.71,0.0
256,3001,8192,512,ck,0,0,35.4511,a8w8_blockscale_1x128x128_256x128x128x128_16x16_32x32_2x2_8x32x1_8x32x1_1x32x1x8_8_1x1_intrawave_v3,710.11,1548.59,0.0
256,3060,8192,512,ck,0,0,35.4622,a8w8_blockscale_1x128x128_256x128x128x128_16x16_32x32_2x2_8x32x1_8x32x1_1x32x1x8_8_1x1_intrawave_v3,723.85,1576.22,0.0
256,3030,8192,512,ck,0,0,35.4749,a8w8_blockscale_1x128x128_256x128x128x128_16x16_32x32_2x2_8x32x1_8x32x1_1x32x1x8_8_1x1_intrawave_v3,716.49,1561.36,0.0
256,2945,8192,512,ck,0,0,35.4765,a8w8_blockscale_1x128x128_256x128x128x128_16x16_32x32_2x2_8x32x1_8x32x1_1x32x1x8_8_1x1_intrawave_v3,696.36,1520.81,0.0
256,1265,8192,1536,ck,0,0,35.4858,a8w8_blockscale_1x128x128_256x128x128x128_16x16_32x32_2x2_8x32x1_8x32x1_1x32x1x8_8_1x1_intrawave_v3,897.11,993.4,0.0
256,3002,8192,512,ck,0,0,35.4874,a8w8_blockscale_1x128x128_256x128x128x128_16x16_32x32_2x2_8x32x1_8x32x1_1x32x1x8_8_1x1_intrawave_v3,709.62,1547.48,0.0
256,3048,8192,512,ck,0,0,35.4968,a8w8_blockscale_1x128x128_256x128x128x128_16x16_32x32_2x2_8x32x1_8x32x1_1x32x1x8_8_1x1_intrawave_v3,720.3,1568.97,0.0
256,3017,8192,512,ck,0,0,35.4979,a8w8_blockscale_1x128x128_256x128x128x128_16x16_32x32_2x2_8x32x1_8x32x1_1x32x1x8_8_1x1_intrawave_v3,712.96,1554.16,0.0
256,3000,8192,512,ck,0,0,35.4996,a8w8_blockscale_1x128x128_256x128x128x128_16x16_32x32_2x2_8x32x1_8x32x1_1x32x1x8_8_1x1_intrawave_v3,708.9,1546.0,0.0
256,3038,8192,512,ck,0,0,35.5116,a8w8_blockscale_1x128x128_256x128x128x128_16x16_32x32_2x2_8x32x1_8x32x1_1x32x1x8_8_1x1_intrawave_v3,717.64,1563.56,0.0
256,1599,6144,1536,ck,0,0,35.5136,a8w8_blockscale_1x128x128_256x128x128x128_16x16_32x32_2x2_8x32x1_8x32x1_1x32x1x8_8_1x1_intrawave_v3,849.82,888.16,0.0
256,3007,8192,512,ck,0,0,35.5194,a8w8_blockscale_1x128x128_256x128x128x128_16x16_32x32_2x2_8x32x1_8x32x1_1x32x1x8_8_1x1_intrawave_v3,710.16,1548.47,0.0
256,3029,8192,512,ck,0,0,35.5456,a8w8_blockscale_1x128x128_256x128x128x128_16x16_32x32_2x2_8x32x1_8x32x1_1x32x1x8_8_1x1_intrawave_v3,714.83,1557.78,0.0
256,3042,8192,512,ck,0,0,35.5554,a8w8_blockscale_1x128x128_256x128x128x128_16x16_32x32_2x2_8x32x1_8x32x1_1x32x1x8_8_1x1_intrawave_v3,717.7,1563.53,0.0
256,1710,6144,1536,ck,0,0,35.5858,a8w8_blockscale_1x128x128_256x128x128x128_16x16_32x32_2x2_8x32x1_8x32x1_1x32x1x8_8_1x1_intrawave_v3,906.97,929.48,0.0
256,3019,8192,512,ck,0,0,35.6042,a8w8_blockscale_1x128x128_256x128x128x128_16x16_32x32_2x2_8x32x1_8x32x1_1x32x1x8_8_1x1_intrawave_v3,711.3,1550.47,0.0
256,3022,8192,512,ck,0,0,35.6086,a8w8_blockscale_1x128x128_256x128x128x128_16x16_32x32_2x2_8x32x1_8x32x1_1x32x1x8_8_1x1_intrawave_v3,711.92,1551.7,0.0
256,3041,8192,512,ck,0,0,35.6127,a8w8_blockscale_1x128x128_256x128x128x128_16x16_32x32_2x2_8x32x1_8x32x1_1x32x1x8_8_1x1_intrawave_v3,716.31,1560.54,0.0
256,3037,8192,512,ck,0,0,35.6204,a8w8_blockscale_1x128x128_256x128x128x128_16x16_32x32_2x2_8x32x1_8x32x1_1x32x1x8_8_1x1_intrawave_v3,715.21,1558.31,0.0
256,1255,8192,1536,ck,0,0,35.7009,a8w8_blockscale_1x128x128_256x128x128x128_16x16_32x32_2x2_8x32x1_8x32x1_1x32x1x8_8_1x1_intrawave_v3,884.66,982.4,0.0
256,144,9216,7168,ck,18,0,35.735,a8w8_blockscale_1x128x128_256x64x64x256_16x16_32x32_1x1_16x16x1_16x16x1_1x32x1x8_8_1x1_intrawave_v1,532.4,1951.78,0.0
256,464,7168,4608,ck,0,0,35.7385,a8w8_blockscale_1x128x128_256x128x128x128_16x16_32x32_2x2_8x32x1_8x32x1_1x32x1x8_8_1x1_intrawave_v3,857.67,1170.17,0.0
256,3021,8192,512,ck,0,0,35.7398,a8w8_blockscale_1x128x128_256x128x128x128_16x16_32x32_2x2_8x32x1_8x32x1_1x32x1x8_8_1x1_intrawave_v3,709.07,1545.54,0.0
256,448,7168,4608,ck,0,0,35.7543,a8w8_blockscale_1x128x128_256x128x128x128_16x16_32x32_2x2_8x32x1_8x32x1_1x32x1x8_8_1x1_intrawave_v3,827.73,1161.18,0.0
256,3070,8192,512,ck,0,0,35.7674,a8w8_blockscale_1x128x128_256x128x128x128_16x16_32x32_2x2_8x32x1_8x32x1_1x32x1x8_8_1x1_intrawave_v3,720.01,1567.49,0.0
256,3006,8192,512,ck,0,0,35.8022,a8w8_blockscale_1x128x128_256x128x128x128_16x16_32x32_2x2_8x32x1_8x32x1_1x32x1x8_8_1x1_intrawave_v3,704.32,1535.76,0.0
256,1813,6144,1536,ck,0,0,35.9075,a8w8_blockscale_1x128x128_256x128x128x128_16x16_32x32_2x2_8x32x1_8x32x1_1x32x1x8_8_1x1_intrawave_v3,952.98,960.8,0.0
256,1685,6144,1536,ck,0,0,35.9585,a8w8_blockscale_1x128x128_256x128x128x128_16x16_32x32_2x2_8x32x1_8x32x1_1x32x1x8_8_1x1_intrawave_v3,884.44,910.23,0.0
256,2948,8192,512,ck,0,0,35.9906,a8w8_blockscale_1x128x128_256x128x128x128_16x16_32x32_2x2_8x32x1_8x32x1_1x32x1x8_8_1x1_intrawave_v3,687.11,1500.49,0.0
256,160,9216,7168,ck,18,0,36.1006,a8w8_blockscale_1x128x128_256x64x64x256_16x16_32x32_1x1_16x16x1_16x16x1_1x32x1x8_8_1x1_intrawave_v1,585.57,1943.36,0.0
256,480,7168,4608,ck,0,0,36.104,a8w8_blockscale_1x128x128_256x128x128x128_16x16_32x32_2x2_8x32x1_8x32x1_1x32x1x8_8_1x1_intrawave_v3,878.27,1166.72,0.0
256,1334,8192,1536,ck,0,0,36.1817,a8w8_blockscale_1x128x128_256x128x128x128_16x16_32x32_2x2_8x32x1_8x32x1_1x32x1x8_8_1x1_intrawave_v3,927.85,1008.47,0.0
256,512,7168,4608,ck,0,0,36.1852,a8w8_blockscale_1x128x128_256x128x128x128_16x16_32x32_2x2_8x32x1_8x32x1_1x32x1x8_8_1x1_intrawave_v3,934.72,1180.85,0.0
256,168,9216,7168,ck,18,0,36.2002,a8w8_blockscale_1x128x128_256x64x64x256_16x16_32x32_1x1_16x16x1_16x16x1_1x32x1x8_8_1x1_intrawave_v1,613.15,1943.67,0.0
256,1808,6144,1536,ck,0,0,36.2494,a8w8_blockscale_1x128x128_256x128x128x128_16x16_32x32_2x2_8x32x1_8x32x1_1x32x1x8_8_1x1_intrawave_v3,941.39,949.84,0.0
256,2964,8192,512,ck,0,0,36.3539,a8w8_blockscale_1x128x128_256x128x128x128_16x16_32x32_2x2_8x32x1_8x32x1_1x32x1x8_8_1x1_intrawave_v3,683.94,1492.94,0.0
256,176,9216,7168,ck,18,0,36.373,a8w8_blockscale_1x128x128_256x64x64x256_16x16_32x32_1x1_16x16x1_16x16x1_1x32x1x8_8_1x1_intrawave_v1,639.3,1940.06,0.0
256,496,7168,4608,ck,0,0,36.412,a8w8_blockscale_1x128x128_256x128x128x128_16x16_32x32_2x2_8x32x1_8x32x1_1x32x1x8_8_1x1_intrawave_v3,899.87,1165.18,0.0
256,1865,6144,1536,ck,0,0,36.4996,a8w8_blockscale_1x128x128_256x128x128x128_16x16_32x32_2x2_8x32x1_8x32x1_1x32x1x8_8_1x1_intrawave_v3,964.41,964.91,0.0
256,1810,6144,1536,ck,0,0,36.5221,a8w8_blockscale_1x128x128_256x128x128x128_16x16_32x32_2x2_8x32x1_8x32x1_1x32x1x8_8_1x1_intrawave_v3,935.4,943.5,0.0
256,1333,8192,1536,ck,0,0,36.5445,a8w8_blockscale_1x128x128_256x128x128x128_16x16_32x32_2x2_8x32x1_8x32x1_1x32x1x8_8_1x1_intrawave_v3,917.95,997.97,0.0
256,1817,6144,1536,ck,0,0,36.69,a8w8_blockscale_1x128x128_256x128x128x128_16x16_32x32_2x2_8x32x1_8x32x1_1x32x1x8_8_1x1_intrawave_v3,934.72,941.82,0.0
256,1821,6144,1536,ck,0,0,36.803,a8w8_blockscale_1x128x128_256x128x128x128_16x16_32x32_2x2_8x32x1_8x32x1_1x32x1x8_8_1x1_intrawave_v3,933.9,940.43,0.0
256,1867,6144,1536,ck,0,0,36.8298,a8w8_blockscale_1x128x128_256x128x128x128_16x16_32x32_2x2_8x32x1_8x32x1_1x32x1x8_8_1x1_intrawave_v3,956.79,957.01,0.0
256,1490,8192,1536,ck,0,0,36.9146,a8w8_blockscale_1x128x128_256x128x128x128_16x16_32x32_2x2_8x32x1_8x32x1_1x32x1x8_8_1x1_intrawave_v3,1015.78,1064.18,0.0
256,1816,6144,1536,ck,0,0,36.9245,a8w8_blockscale_1x128x128_256x128x128x128_16x16_32x32_2x2_8x32x1_8x32x1_1x32x1x8_8_1x1_intrawave_v3,928.27,935.46,0.0
256,184,9216,7168,ck,18,0,37.0145,a8w8_blockscale_1x128x128_256x64x64x256_16x16_32x32_1x1_16x16x1_16x16x1_1x32x1x8_8_1x1_intrawave_v1,656.77,1911.97,0.0
256,120,9216,7168,ck,18,0,37.1231,a8w8_blockscale_1x128x128_256x64x64x256_16x16_32x32_1x1_16x16x1_16x16x1_1x32x1x8_8_1x1_intrawave_v1,427.08,1862.24,0.0
256,1809,6144,1536,ck,0,0,37.1966,a8w8_blockscale_1x128x128_256x128x128x128_16x16_32x32_2x2_8x32x1_8x32x1_1x32x1x8_8_1x1_intrawave_v3,917.93,926.02,0.0
256,1485,8192,1536,ck,0,0,37.5002,a8w8_blockscale_1x128x128_256x128x128x128_16x16_32x32_2x2_8x32x1_8x32x1_1x32x1x8_8_1x1_intrawave_v3,996.56,1045.17,0.0
256,192,9216,7168,ck,18,0,37.5615,a8w8_blockscale_1x128x128_256x64x64x256_16x16_32x32_1x1_16x16x1_16x16x1_1x32x1x8_8_1x1_intrawave_v1,675.35,1889.58,0.0
256,1517,8192,1536,ck,0,0,37.7214,a8w8_blockscale_1x128x128_256x128x128x128_16x16_32x32_2x2_8x32x1_8x32x1_1x32x1x8_8_1x1_intrawave_v3,1012.07,1054.24,0.0
256,1922,6144,1536,ck,0,0,37.8157,a8w8_blockscale_1x128x128_256x128x128x128_16x16_32x32_2x2_8x32x1_8x32x1_1x32x1x8_8_1x1_intrawave_v3,959.3,952.17,0.0
256,2002,6144,1536,ck,0,0,38.0305,a8w8_blockscale_1x128x128_256x128x128x128_16x16_32x32_2x2_8x32x1_8x32x1_1x32x1x8_8_1x1_intrawave_v3,993.58,975.87,0.0
256,2000,6144,1536,ck,0,0,38.0578,a8w8_blockscale_1x128x128_256x128x128x128_16x16_32x32_2x2_8x32x1_8x32x1_1x32x1x8_8_1x1_intrawave_v3,991.88,974.44,0.0
256,2003,6144,1536,ck,0,0,38.1307,a8w8_blockscale_1x128x128_256x128x128x128_16x16_32x32_2x2_8x32x1_8x32x1_1x32x1x8_8_1x1_intrawave_v3,991.47,973.67,0.0
256,3099,8192,512,ck,18,0,38.1634,a8w8_blockscale_1x128x128_256x64x64x256_16x16_32x32_1x1_16x16x1_16x16x1_1x32x1x8_8_1x1_intrawave_v1,681.18,1481.92,0.0
256,1934,6144,1536,ck,0,0,38.2226,a8w8_blockscale_1x128x128_256x128x128x128_16x16_32x32_2x2_8x32x1_8x32x1_1x32x1x8_8_1x1_intrawave_v3,955.01,946.37,0.0
256,3092,8192,512,ck,18,0,38.2954,a8w8_blockscale_1x128x128_256x64x64x256_16x16_32x32_1x1_16x16x1_16x16x1_1x32x1x8_8_1x1_intrawave_v1,677.3,1473.72,0.0
256,2041,6144,1536,ck,0,0,38.3041,a8w8_blockscale_1x128x128_256x128x128x128_16x16_32x32_2x2_8x32x1_8x32x1_1x32x1x8_8_1x1_intrawave_v3,1005.7,982.97,0.0
256,2006,6144,1536,ck,0,0,38.3517,a8w8_blockscale_1x128x128_256x128x128x128_16x16_32x32_2x2_8x32x1_8x32x1_1x32x1x8_8_1x1_intrawave_v3,987.23,969.14,0.0
256,1968,6144,1536,ck,0,0,38.3655,a8w8_blockscale_1x128x128_256x128x128x128_16x16_32x32_2x2_8x32x1_8x32x1_1x32x1x8_8_1x1_intrawave_v3,968.18,955.1,0.0
256,1978,6144,1536,ck,0,0,38.3837,a8w8_blockscale_1x128x128_256x128x128x128_16x16_32x32_2x2_8x32x1_8x32x1_1x32x1x8_8_1x1_intrawave_v3,972.64,958.25,0.0
256,2032,6144,1536,ck,0,0,38.4282,a8w8_blockscale_1x128x128_256x128x128x128_16x16_32x32_2x2_8x32x1_8x32x1_1x32x1x8_8_1x1_intrawave_v3,998.04,976.56,0.0
256,1991,6144,1536,ck,0,0,38.4659,a8w8_blockscale_1x128x128_256x128x128x128_16x16_32x32_2x2_8x32x1_8x32x1_1x32x1x8_8_1x1_intrawave_v3,976.94,960.87,0.0
256,3161,8192,512,ck,0,0,38.5202,a8w8_blockscale_1x128x128_256x128x128x128_16x16_32x32_2x2_8x32x1_8x32x1_1x32x1x8_8_1x1_intrawave_v3,688.38,1495.39,0.0
256,3131,8192,512,ck,18,0,38.5406,a8w8_blockscale_1x128x128_256x64x64x256_16x16_32x32_1x1_16x16x1_16x16x1_1x32x1x8_8_1x1_intrawave_v1,681.48,1481.44,0.0
256,1944,6144,1536,ck,0,0,38.5543,a8w8_blockscale_1x128x128_256x128x128x128_16x16_32x32_2x2_8x32x1_8x32x1_1x32x1x8_8_1x1_intrawave_v3,951.69,941.82,0.0
256,2048,6144,1536,ck,0,0,38.5623,a8w8_blockscale_1x128x128_256x128x128x128_16x16_32x32_2x2_8x32x1_8x32x1_1x32x1x8_8_1x1_intrawave_v3,1002.4,978.9,0.0
256,128,9216,7168,ck,18,0,38.5636,a8w8_blockscale_1x128x128_256x64x64x256_16x16_32x32_1x1_16x16x1_16x16x1_1x32x1x8_8_1x1_intrawave_v1,438.53,1797.99,0.0
256,1987,6144,1536,ck,0,0,38.5756,a8w8_blockscale_1x128x128_256x128x128x128_16x16_32x32_2x2_8x32x1_8x32x1_1x32x1x8_8_1x1_intrawave_v3,972.2,956.71,0.0
256,2011,6144,1536,ck,0,0,38.5831,a8w8_blockscale_1x128x128_256x128x128x128_16x16_32x32_2x2_8x32x1_8x32x1_1x32x1x8_8_1x1_intrawave_v3,983.76,965.12,0.0
256,3177,8192,512,ck,18,0,38.6462,a8w8_blockscale_1x128x128_256x64x64x256_16x16_32x32_1x1_16x16x1_16x16x1_1x32x1x8_8_1x1_intrawave_v1,689.6,1497.51,0.0
256,3200,8192,512,ck,0,0,38.6487,a8w8_blockscale_1x128x128_256x128x128x128_16x16_32x32_2x2_8x32x1_8x32x1_1x32x1x8_8_1x1_intrawave_v3,694.55,1507.46,0.0
256,3191,8192,512,ck,18,0,38.6598,a8w8_blockscale_1x128x128_256x64x64x256_16x16_32x32_1x1_16x16x1_16x16x1_1x32x1x8_8_1x1_intrawave_v1,692.4,1503.1,0.0
256,3144,8192,512,ck,18,0,38.6658,a8w8_blockscale_1x128x128_256x64x64x256_16x16_32x32_1x1_16x16x1_16x16x1_1x32x1x8_8_1x1_intrawave_v1,682.1,1482.33,0.0
256,3102,8192,512,ck,18,0,38.6898,a8w8_blockscale_1x128x128_256x64x64x256_16x16_32x32_1x1_16x16x1_16x16x1_1x32x1x8_8_1x1_intrawave_v1,672.57,1463.07,0.0
256,3090,8192,512,ck,0,0,38.6915,a8w8_blockscale_1x128x128_256x128x128x128_16x16_32x32_2x2_8x32x1_8x32x1_1x32x1x8_8_1x1_intrawave_v3,669.94,1457.76,0.0
256,3167,8192,512,ck,0,0,38.7155,a8w8_blockscale_1x128x128_256x128x128x128_16x16_32x32_2x2_8x32x1_8x32x1_1x32x1x8_8_1x1_intrawave_v3,686.2,1490.46,0.0
256,2046,6144,1536,ck,0,0,38.7408,a8w8_blockscale_1x128x128_256x128x128x128_16x16_32x32_2x2_8x32x1_8x32x1_1x32x1x8_8_1x1_intrawave_v3,996.8,973.68,0.0
256,3101,8192,512,ck,18,0,38.7526,a8w8_blockscale_1x128x128_256x64x64x256_16x16_32x32_1x1_16x16x1_16x16x1_1x32x1x8_8_1x1_intrawave_v1,671.26,1460.26,0.0
256,2009,6144,1536,ck,0,0,38.7554,a8w8_blockscale_1x128x128_256x128x128x128_16x16_32x32_2x2_8x32x1_8x32x1_1x32x1x8_8_1x1_intrawave_v3,978.41,960.11,0.0
256,3182,8192,512,ck,18,0,38.7606,a8w8_blockscale_1x128x128_256x64x64x256_16x16_32x32_1x1_16x16x1_16x16x1_1x32x1x8_8_1x1_intrawave_v1,688.65,1495.27,0.0
256,3185,8192,512,ck,0,0,38.7648,a8w8_blockscale_1x128x128_256x128x128x128_16x16_32x32_2x2_8x32x1_8x32x1_1x32x1x8_8_1x1_intrawave_v3,689.23,1496.41,0.0
256,3074,8192,512,ck,0,0,38.7715,a8w8_blockscale_1x128x128_256x128x128x128_16x16_32x32_2x2_8x32x1_8x32x1_1x32x1x8_8_1x1_intrawave_v3,665.09,1447.78,0.0
256,3091,8192,512,ck,18,0,38.775,a8w8_blockscale_1x128x128_256x64x64x256_16x16_32x32_1x1_16x16x1_16x16x1_1x32x1x8_8_1x1_intrawave_v1,668.71,1455.06,0.0
256,3194,8192,512,ck,18,0,38.791,a8w8_blockscale_1x128x128_256x64x64x256_16x16_32x32_1x1_16x16x1_16x16x1_1x32x1x8_8_1x1_intrawave_v1,690.71,1499.32,0.0
256,2012,6144,1536,ck,0,0,38.8214,a8w8_blockscale_1x128x128_256x128x128x128_16x16_32x32_2x2_8x32x1_8x32x1_1x32x1x8_8_1x1_intrawave_v3,978.2,959.55,0.0
256,2004,6144,1536,ck,0,0,38.8219,a8w8_blockscale_1x128x128_256x128x128x128_16x16_32x32_2x2_8x32x1_8x32x1_1x32x1x8_8_1x1_intrawave_v3,974.3,956.69,0.0
256,3135,8192,512,ck,18,0,38.8326,a8w8_blockscale_1x128x128_256x64x64x256_16x16_32x32_1x1_16x16x1_16x16x1_1x32x1x8_8_1x1_intrawave_v1,677.22,1472.04,0.0
256,3095,8192,512,ck,0,0,38.8707,a8w8_blockscale_1x128x128_256x128x128x128_16x16_32x32_2x2_8x32x1_8x32x1_1x32x1x8_8_1x1_intrawave_v3,667.93,1453.21,0.0
256,3080,8192,512,ck,0,0,38.8734,a8w8_blockscale_1x128x128_256x128x128x128_16x16_32x32_2x2_8x32x1_8x32x1_1x32x1x8_8_1x1_intrawave_v3,664.64,1446.59,0.0
256,3197,8192,512,ck,18,0,38.8791,a8w8_blockscale_1x128x128_256x64x64x256_16x16_32x32_1x1_16x16x1_16x16x1_1x32x1x8_8_1x1_intrawave_v1,689.79,1497.23,0.0
256,3176,8192,512,ck,0,0,38.8814,a8w8_blockscale_1x128x128_256x128x128x128_16x16_32x32_2x2_8x32x1_8x32x1_1x32x1x8_8_1x1_intrawave_v3,685.22,1488.01,0.0
256,3173,8192,512,ck,0,0,38.886,a8w8_blockscale_1x128x128_256x128x128x128_16x16_32x32_2x2_8x32x1_8x32x1_1x32x1x8_8_1x1_intrawave_v3,684.49,1486.53,0.0
256,3136,8192,512,ck,0,0,38.8882,a8w8_blockscale_1x128x128_256x128x128x128_16x16_32x32_2x2_8x32x1_8x32x1_1x32x1x8_8_1x1_intrawave_v3,676.47,1470.37,0.0
256,3287,8192,512,ck,0,0,38.9165,a8w8_blockscale_1x128x128_256x128x128x128_16x16_32x32_2x2_8x32x1_8x32x1_1x32x1x8_8_1x1_intrawave_v3,708.53,1534.86,0.0
256,3077,8192,512,ck,0,0,38.9174,a8w8_blockscale_1x128x128_256x128x128x128_16x16_32x32_2x2_8x32x1_8x32x1_1x32x1x8_8_1x1_intrawave_v3,663.24,1443.65,0.0
256,3192,8192,512,ck,0,0,38.9182,a8w8_blockscale_1x128x128_256x128x128x128_16x16_32x32_2x2_8x32x1_8x32x1_1x32x1x8_8_1x1_intrawave_v3,688.02,1493.55,0.0
256,3180,8192,512,ck,0,0,38.9219,a8w8_blockscale_1x128x128_256x128x128x128_16x16_32x32_2x2_8x32x1_8x32x1_1x32x1x8_8_1x1_intrawave_v3,685.37,1488.2,0.0
256,3157,8192,512,ck,18,0,38.925,a8w8_blockscale_1x128x128_256x64x64x256_16x16_32x32_1x1_16x16x1_16x16x1_1x32x1x8_8_1x1_intrawave_v1,680.36,1478.1,0.0
256,3328,8192,512,ck,0,0,38.9306,a8w8_blockscale_1x128x128_256x128x128x128_16x16_32x32_2x2_8x32x1_8x32x1_1x32x1x8_8_1x1_intrawave_v3,717.1,1552.1,0.0
256,1980,6144,1536,ck,0,0,38.9355,a8w8_blockscale_1x128x128_256x128x128x128_16x16_32x32_2x2_8x32x1_8x32x1_1x32x1x8_8_1x1_intrawave_v3,959.82,945.38,0.0
256,2040,6144,1536,ck,0,0,38.9355,a8w8_blockscale_1x128x128_256x128x128x128_16x16_32x32_2x2_8x32x1_8x32x1_1x32x1x8_8_1x1_intrawave_v3,988.91,966.68,0.0
256,3148,8192,512,ck,0,0,38.9386,a8w8_blockscale_1x128x128_256x128x128x128_16x16_32x32_2x2_8x32x1_8x32x1_1x32x1x8_8_1x1_intrawave_v3,678.18,1473.68,0.0
256,3140,8192,512,ck,0,0,38.9392,a8w8_blockscale_1x128x128_256x128x128x128_16x16_32x32_2x2_8x32x1_8x32x1_1x32x1x8_8_1x1_intrawave_v3,676.45,1470.18,0.0
256,3189,8192,512,ck,18,0,38.9462,a8w8_blockscale_1x128x128_256x64x64x256_16x16_32x32_1x1_16x16x1_16x16x1_1x32x1x8_8_1x1_intrawave_v1,686.88,1491.18,0.0
256,3088,8192,512,ck,18,0,38.9466,a8w8_blockscale_1x128x128_256x64x64x256_16x16_32x32_1x1_16x16x1_16x16x1_1x32x1x8_8_1x1_intrawave_v1,665.12,1447.34,0.0
256,3075,8192,512,ck,0,0,38.9671,a8w8_blockscale_1x128x128_256x128x128x128_16x16_32x32_2x2_8x32x1_8x32x1_1x32x1x8_8_1x1_intrawave_v3,661.97,1440.95,0.0
256,3188,8192,512,ck,0,0,38.9699,a8w8_blockscale_1x128x128_256x128x128x128_16x16_32x32_2x2_8x32x1_8x32x1_1x32x1x8_8_1x1_intrawave_v3,686.24,1489.84,0.0
256,3134,8192,512,ck,0,0,38.9745,a8w8_blockscale_1x128x128_256x128x128x128_16x16_32x32_2x2_8x32x1_8x32x1_1x32x1x8_8_1x1_intrawave_v3,674.54,1466.25,0.0
256,3085,8192,512,ck,0,0,38.9908,a8w8_blockscale_1x128x128_256x128x128x128_16x16_32x32_2x2_8x32x1_8x32x1_1x32x1x8_8_1x1_intrawave_v3,663.72,1444.4,0.0
256,3106,8192,512,ck,0,0,38.9977,a8w8_blockscale_1x128x128_256x128x128x128_16x16_32x32_2x2_8x32x1_8x32x1_1x32x1x8_8_1x1_intrawave_v3,668.12,1453.25,0.0
256,3181,8192,512,ck,0,0,39.0019,a8w8_blockscale_1x128x128_256x128x128x128_16x16_32x32_2x2_8x32x1_8x32x1_1x32x1x8_8_1x1_intrawave_v3,684.18,1485.58,0.0
256,3186,8192,512,ck,0,0,39.0044,a8w8_blockscale_1x128x128_256x128x128x128_16x16_32x32_2x2_8x32x1_8x32x1_1x32x1x8_8_1x1_intrawave_v3,685.21,1487.65,0.0
256,2035,6144,1536,ck,0,0,39.0055,a8w8_blockscale_1x128x128_256x128x128x128_16x16_32x32_2x2_8x32x1_8x32x1_1x32x1x8_8_1x1_intrawave_v3,984.72,963.17,0.0
256,3113,8192,512,ck,18,0,39.009,a8w8_blockscale_1x128x128_256x64x64x256_16x16_32x32_1x1_16x16x1_16x16x1_1x32x1x8_8_1x1_intrawave_v1,669.43,1455.86,0.0
256,3159,8192,512,ck,0,0,39.0406,a8w8_blockscale_1x128x128_256x128x128x128_16x16_32x32_2x2_8x32x1_8x32x1_1x32x1x8_8_1x1_intrawave_v3,678.77,1474.59,0.0
256,3187,8192,512,ck,0,0,39.043,a8w8_blockscale_1x128x128_256x128x128x128_16x16_32x32_2x2_8x32x1_8x32x1_1x32x1x8_8_1x1_intrawave_v3,684.74,1486.61,0.0
256,3198,8192,512,ck,0,0,39.0483,a8w8_blockscale_1x128x128_256x128x128x128_16x16_32x32_2x2_8x32x1_8x32x1_1x32x1x8_8_1x1_intrawave_v3,687.02,1491.17,0.0
256,3107,8192,512,ck,0,0,39.0488,a8w8_blockscale_1x128x128_256x128x128x128_16x16_32x32_2x2_8x32x1_8x32x1_1x32x1x8_8_1x1_intrawave_v3,667.46,1451.78,0.0
256,3098,8192,512,ck,0,0,39.0577,a8w8_blockscale_1x128x128_256x128x128x128_16x16_32x32_2x2_8x32x1_8x32x1_1x32x1x8_8_1x1_intrawave_v3,665.37,1447.55,0.0
256,3118,8192,512,ck,0,0,39.0665,a8w8_blockscale_1x128x128_256x128x128x128_16x16_32x32_2x2_8x32x1_8x32x1_1x32x1x8_8_1x1_intrawave_v3,669.52,1455.88,0.0
256,3190,8192,512,ck,0,0,39.0703,a8w8_blockscale_1x128x128_256x128x128x128_16x16_32x32_2x2_8x32x1_8x32x1_1x32x1x8_8_1x1_intrawave_v3,684.91,1486.87,0.0
256,3117,8192,512,ck,0,0,39.099,a8w8_blockscale_1x128x128_256x128x128x128_16x16_32x32_2x2_8x32x1_8x32x1_1x32x1x8_8_1x1_intrawave_v3,668.75,1454.24,0.0
256,3129,8192,512,ck,0,0,39.1154,a8w8_blockscale_1x128x128_256x128x128x128_16x16_32x32_2x2_8x32x1_8x32x1_1x32x1x8_8_1x1_intrawave_v3,671.04,1458.81,0.0
256,3222,8192,512,ck,0,0,39.1291,a8w8_blockscale_1x128x128_256x128x128x128_16x16_32x32_2x2_8x32x1_8x32x1_1x32x1x8_8_1x1_intrawave_v3,690.74,1498.46,0.0
256,3251,8192,512,ck,0,0,39.1557,a8w8_blockscale_1x128x128_256x128x128x128_16x16_32x32_2x2_8x32x1_8x32x1_1x32x1x8_8_1x1_intrawave_v3,696.49,1509.95,0.0
256,3310,8192,512,ck,0,0,39.1582,a8w8_blockscale_1x128x128_256x128x128x128_16x16_32x32_2x2_8x32x1_8x32x1_1x32x1x8_8_1x1_intrawave_v3,709.08,1535.31,0.0
256,3183,8192,512,ck,0,0,39.1701,a8w8_blockscale_1x128x128_256x128x128x128_16x16_32x32_2x2_8x32x1_8x32x1_1x32x1x8_8_1x1_intrawave_v3,681.67,1480.06,0.0
256,3321,8192,512,ck,0,0,39.1958,a8w8_blockscale_1x128x128_256x128x128x128_16x16_32x32_2x2_8x32x1_8x32x1_1x32x1x8_8_1x1_intrawave_v3,710.75,1538.58,0.0
256,3142,8192,512,ck,0,0,39.2164,a8w8_blockscale_1x128x128_256x128x128x128_16x16_32x32_2x2_8x32x1_8x32x1_1x32x1x8_8_1x1_intrawave_v3,672.09,1460.65,0.0
256,3206,8192,512,ck,0,0,39.23,a8w8_blockscale_1x128x128_256x128x128x128_16x16_32x32_2x2_8x32x1_8x32x1_1x32x1x8_8_1x1_intrawave_v3,685.54,1487.71,0.0
256,3260,8192,512,ck,0,0,39.2304,a8w8_blockscale_1x128x128_256x128x128x128_16x16_32x32_2x2_8x32x1_8x32x1_1x32x1x8_8_1x1_intrawave_v3,697.08,1510.95,0.0
256,3311,8192,512,ck,0,0,39.2329,a8w8_blockscale_1x128x128_256x128x128x128_16x16_32x32_2x2_8x32x1_8x32x1_1x32x1x8_8_1x1_intrawave_v3,707.94,1532.82,0.0
256,3178,8192,512,ck,18,0,39.245,a8w8_blockscale_1x128x128_256x64x64x256_16x16_32x32_1x1_16x16x1_16x16x1_1x32x1x8_8_1x1_intrawave_v1,679.3,1475.09,0.0
256,3250,8192,512,ck,0,0,39.2525,a8w8_blockscale_1x128x128_256x128x128x128_16x16_32x32_2x2_8x32x1_8x32x1_1x32x1x8_8_1x1_intrawave_v3,694.55,1505.8,0.0
256,3233,8192,512,ck,0,0,39.2627,a8w8_blockscale_1x128x128_256x128x128x128_16x16_32x32_2x2_8x32x1_8x32x1_1x32x1x8_8_1x1_intrawave_v3,690.74,1498.09,0.0
256,3219,8192,512,ck,0,0,39.2737,a8w8_blockscale_1x128x128_256x128x128x128_16x16_32x32_2x2_8x32x1_8x32x1_1x32x1x8_8_1x1_intrawave_v3,687.56,1491.65,0.0
256,3269,8192,512,ck,0,0,39.2831,a8w8_blockscale_1x128x128_256x128x128x128_16x16_32x32_2x2_8x32x1_8x32x1_1x32x1x8_8_1x1_intrawave_v3,698.07,1512.8,0.0
256,2037,6144,1536,ck,0,0,39.2834,a8w8_blockscale_1x128x128_256x128x128x128_16x16_32x32_2x2_8x32x1_8x32x1_1x32x1x8_8_1x1_intrawave_v3,978.71,957.06,0.0
256,3243,8192,512,ck,0,0,39.288,a8w8_blockscale_1x128x128_256x128x128x128_16x16_32x32_2x2_8x32x1_8x32x1_1x32x1x8_8_1x1_intrawave_v3,692.43,1501.43,0.0
256,3301,8192,512,ck,0,0,39.2918,a8w8_blockscale_1x128x128_256x128x128x128_16x16_32x32_2x2_8x32x1_8x32x1_1x32x1x8_8_1x1_intrawave_v3,704.75,1526.22,0.0
256,3225,8192,512,ck,0,0,39.2927,a8w8_blockscale_1x128x128_256x128x128x128_16x16_32x32_2x2_8x32x1_8x32x1_1x32x1x8_8_1x1_intrawave_v3,688.51,1493.51,0.0
256,3234,8192,512,ck,0,0,39.2971,a8w8_blockscale_1x128x128_256x128x128x128_16x16_32x32_2x2_8x32x1_8x32x1_1x32x1x8_8_1x1_intrawave_v3,690.35,1497.21,0.0
256,3265,8192,512,ck,0,0,39.3046,a8w8_blockscale_1x128x128_256x128x128x128_16x16_32x32_2x2_8x32x1_8x32x1_1x32x1x8_8_1x1_intrawave_v3,696.83,1510.25,0.0
256,3256,8192,512,ck,0,0,39.3145,a8w8_blockscale_1x128x128_256x128x128x128_16x16_32x32_2x2_8x32x1_8x32x1_1x32x1x8_8_1x1_intrawave_v3,694.74,1506.0,0.0
256,3445,8192,512,ck,0,0,39.3182,a8w8_blockscale_1x128x128_256x128x128x128_16x16_32x32_2x2_8x32x1_8x32x1_1x32x1x8_8_1x1_intrawave_v3,735.0,1587.08,0.0
256,3229,8192,512,ck,0,0,39.3419,a8w8_blockscale_1x128x128_256x128x128x128_16x16_32x32_2x2_8x32x1_8x32x1_1x32x1x8_8_1x1_intrawave_v3,688.5,1493.36,0.0
256,3281,8192,512,ck,0,0,39.3582,a8w8_blockscale_1x128x128_256x128x128x128_16x16_32x32_2x2_8x32x1_8x32x1_1x32x1x8_8_1x1_intrawave_v3,699.3,1515.06,0.0
256,3263,8192,512,ck,0,0,39.368,a8w8_blockscale_1x128x128_256x128x128x128_16x16_32x32_2x2_8x32x1_8x32x1_1x32x1x8_8_1x1_intrawave_v3,695.29,1506.96,0.0
256,3363,8192,512,ck,0,0,39.3688,a8w8_blockscale_1x128x128_256x128x128x128_16x16_32x32_2x2_8x32x1_8x32x1_1x32x1x8_8_1x1_intrawave_v3,716.58,1549.85,0.0
256,3247,8192,512,ck,0,0,39.3759,a8w8_blockscale_1x128x128_256x128x128x128_16x16_32x32_2x2_8x32x1_8x32x1_1x32x1x8_8_1x1_intrawave_v3,691.74,1499.79,0.0
256,3276,8192,512,ck,0,0,39.3801,a8w8_blockscale_1x128x128_256x128x128x128_16x16_32x32_2x2_8x32x1_8x32x1_1x32x1x8_8_1x1_intrawave_v3,697.84,1512.07,0.0
256,3224,8192,512,ck,0,0,39.382,a8w8_blockscale_1x128x128_256x128x128x128_16x16_32x32_2x2_8x32x1_8x32x1_1x32x1x8_8_1x1_intrawave_v3,686.73,1489.69,0.0
256,3201,8192,512,ck,0,0,39.3892,a8w8_blockscale_1x128x128_256x128x128x128_16x16_32x32_2x2_8x32x1_8x32x1_1x32x1x8_8_1x1_intrawave_v3,681.71,1479.55,0.0
256,3223,8192,512,ck,0,0,39.39,a8w8_blockscale_1x128x128_256x128x128x128_16x16_32x32_2x2_8x32x1_8x32x1_1x32x1x8_8_1x1_intrawave_v3,686.38,1488.96,0.0
256,3217,8192,512,ck,0,0,39.3929,a8w8_blockscale_1x128x128_256x128x128x128_16x16_32x32_2x2_8x32x1_8x32x1_1x32x1x8_8_1x1_intrawave_v3,685.05,1486.28,0.0
256,3227,8192,512,ck,0,0,39.3965,a8w8_blockscale_1x128x128_256x128x128x128_16x16_32x32_2x2_8x32x1_8x32x1_1x32x1x8_8_1x1_intrawave_v3,687.12,1490.43,0.0
256,3280,8192,512,ck,0,0,39.4075,a8w8_blockscale_1x128x128_256x128x128x128_16x16_32x32_2x2_8x32x1_8x32x1_1x32x1x8_8_1x1_intrawave_v3,698.21,1512.74,0.0
256,3288,8192,512,ck,0,0,39.4075,a8w8_blockscale_1x128x128_256x128x128x128_16x16_32x32_2x2_8x32x1_8x32x1_1x32x1x8_8_1x1_intrawave_v3,699.91,1516.17,0.0
256,3175,8192,512,ck,18,0,39.4163,a8w8_blockscale_1x128x128_256x64x64x256_16x16_32x32_1x1_16x16x1_16x16x1_1x32x1x8_8_1x1_intrawave_v1,675.71,1467.39,0.0
256,3239,8192,512,ck,0,0,39.4236,a8w8_blockscale_1x128x128_256x128x128x128_16x16_32x32_2x2_8x32x1_8x32x1_1x32x1x8_8_1x1_intrawave_v3,689.2,1494.55,0.0
256,3315,8192,512,ck,0,0,39.4411,a8w8_blockscale_1x128x128_256x128x128x128_16x16_32x32_2x2_8x32x1_8x32x1_1x32x1x8_8_1x1_intrawave_v3,705.06,1526.44,0.0
256,3216,8192,512,ck,0,0,39.442,a8w8_blockscale_1x128x128_256x128x128x128_16x16_32x32_2x2_8x32x1_8x32x1_1x32x1x8_8_1x1_intrawave_v3,683.99,1484.0,0.0
256,3327,8192,512,ck,0,0,39.4478,a8w8_blockscale_1x128x128_256x128x128x128_16x16_32x32_2x2_8x32x1_8x32x1_1x32x1x8_8_1x1_intrawave_v3,707.49,1531.32,0.0
256,3338,8192,512,ck,0,0,39.4479,a8w8_blockscale_1x128x128_256x128x128x128_16x16_32x32_2x2_8x32x1_8x32x1_1x32x1x8_8_1x1_intrawave_v3,709.83,1536.03,0.0
256,3282,8192,512,ck,0,0,39.449,a8w8_blockscale_1x128x128_256x128x128x128_16x16_32x32_2x2_8x32x1_8x32x1_1x32x1x8_8_1x1_intrawave_v3,697.9,1512.0,0.0
256,3430,8192,512,ck,0,0,39.4557,a8w8_blockscale_1x128x128_256x128x128x128_16x16_32x32_2x2_8x32x1_8x32x1_1x32x1x8_8_1x1_intrawave_v3,729.25,1575.12,0.0
256,3325,8192,512,ck,0,0,39.4572,a8w8_blockscale_1x128x128_256x128x128x128_16x16_32x32_2x2_8x32x1_8x32x1_1x32x1x8_8_1x1_intrawave_v3,706.9,1530.1,0.0
256,3221,8192,512,ck,18,0,39.4674,a8w8_blockscale_1x128x128_256x64x64x256_16x16_32x32_1x1_16x16x1_16x16x1_1x32x1x8_8_1x1_intrawave_v1,684.61,1485.18,0.0
256,3359,8192,512,ck,0,0,39.4675,a8w8_blockscale_1x128x128_256x128x128x128_16x16_32x32_2x2_8x32x1_8x32x1_1x32x1x8_8_1x1_intrawave_v3,713.94,1544.26,0.0
256,3349,8192,512,ck,0,0,39.477,a8w8_blockscale_1x128x128_256x128x128x128_16x16_32x32_2x2_8x32x1_8x32x1_1x32x1x8_8_1x1_intrawave_v3,711.64,1539.61,0.0
256,3155,8192,512,ck,0,0,39.4772,a8w8_blockscale_1x128x128_256x128x128x128_16x16_32x32_2x2_8x32x1_8x32x1_1x32x1x8_8_1x1_intrawave_v3,670.41,1456.57,0.0
256,3209,8192,512,ck,0,0,39.4802,a8w8_blockscale_1x128x128_256x128x128x128_16x16_32x32_2x2_8x32x1_8x32x1_1x32x1x8_8_1x1_intrawave_v3,681.84,1479.57,0.0
256,3266,8192,512,ck,0,0,39.4887,a8w8_blockscale_1x128x128_256x128x128x128_16x16_32x32_2x2_8x32x1_8x32x1_1x32x1x8_8_1x1_intrawave_v3,693.8,1503.64,0.0
256,3380,8192,512,ck,0,0,39.4926,a8w8_blockscale_1x128x128_256x128x128x128_16x16_32x32_2x2_8x32x1_8x32x1_1x32x1x8_8_1x1_intrawave_v3,717.94,1552.26,0.0
256,3253,8192,512,ck,0,0,39.4944,a8w8_blockscale_1x128x128_256x128x128x128_16x16_32x32_2x2_8x32x1_8x32x1_1x32x1x8_8_1x1_intrawave_v3,690.94,1497.86,0.0
256,3255,8192,512,ck,0,0,39.5049,a8w8_blockscale_1x128x128_256x128x128x128_16x16_32x32_2x2_8x32x1_8x32x1_1x32x1x8_8_1x1_intrawave_v3,691.18,1498.31,0.0
256,3296,8192,512,ck,0,0,39.5113,a8w8_blockscale_1x128x128_256x128x128x128_16x16_32x32_2x2_8x32x1_8x32x1_1x32x1x8_8_1x1_intrawave_v3,699.77,1515.6,0.0
256,3475,8192,512,ck,0,0,39.5335,a8w8_blockscale_1x128x128_256x128x128x128_16x16_32x32_2x2_8x32x1_8x32x1_1x32x1x8_8_1x1_intrawave_v3,737.36,1591.26,0.0
256,3295,8192,512,ck,0,0,39.5373,a8w8_blockscale_1x128x128_256x128x128x128_16x16_32x32_2x2_8x32x1_8x32x1_1x32x1x8_8_1x1_intrawave_v3,699.1,1514.18,0.0
256,3356,8192,512,ck,0,0,39.5465,a8w8_blockscale_1x128x128_256x128x128x128_16x16_32x32_2x2_8x32x1_8x32x1_1x32x1x8_8_1x1_intrawave_v3,711.88,1539.89,0.0
256,3419,8192,512,ck,0,0,39.5553,a8w8_blockscale_1x128x128_256x128x128x128_16x16_32x32_2x2_8x32x1_8x32x1_1x32x1x8_8_1x1_intrawave_v3,725.08,1566.46,0.0
256,3343,8192,512,ck,0,0,39.5627,a8w8_blockscale_1x128x128_256x128x128x128_16x16_32x32_2x2_8x32x1_8x32x1_1x32x1x8_8_1x1_intrawave_v3,708.83,1533.71,0.0
256,3524,8192,512,ck,0,0,39.5691,a8w8_blockscale_1x128x128_256x128x128x128_16x16_32x32_2x2_8x32x1_8x32x1_1x32x1x8_8_1x1_intrawave_v3,747.08,1610.75,0.0
256,3163,8192,512,ck,0,0,39.5742,a8w8_blockscale_1x128x128_256x128x128x128_16x16_32x32_2x2_8x32x1_8x32x1_1x32x1x8_8_1x1_intrawave_v3,670.47,1456.41,0.0
256,3309,8192,512,ck,0,0,39.5932,a8w8_blockscale_1x128x128_256x128x128x128_16x16_32x32_2x2_8x32x1_8x32x1_1x32x1x8_8_1x1_intrawave_v3,701.08,1518.02,0.0
256,3137,8192,512,ck,0,0,39.6068,a8w8_blockscale_1x128x128_256x128x128x128_16x16_32x32_2x2_8x32x1_8x32x1_1x32x1x8_8_1x1_intrawave_v3,664.41,1444.12,0.0
256,3245,8192,512,ck,0,0,39.6138,a8w8_blockscale_1x128x128_256x128x128x128_16x16_32x32_2x2_8x32x1_8x32x1_1x32x1x8_8_1x1_intrawave_v3,687.16,1489.93,0.0
256,3364,8192,512,ck,0,0,39.6168,a8w8_blockscale_1x128x128_256x128x128x128_16x16_32x32_2x2_8x32x1_8x32x1_1x32x1x8_8_1x1_intrawave_v3,712.31,1540.57,0.0
256,3354,8192,512,ck,0,0,39.6207,a8w8_blockscale_1x128x128_256x128x128x128_16x16_32x32_2x2_8x32x1_8x32x1_1x32x1x8_8_1x1_intrawave_v3,710.12,1536.15,0.0
256,3435,8192,512,ck,0,0,39.6227,a8w8_blockscale_1x128x128_256x128x128x128_16x16_32x32_2x2_8x32x1_8x32x1_1x32x1x8_8_1x1_intrawave_v3,727.23,1570.62,0.0
256,3372,8192,512,ck,0,0,39.6292,a8w8_blockscale_1x128x128_256x128x128x128_16x16_32x32_2x2_8x32x1_8x32x1_1x32x1x8_8_1x1_intrawave_v3,713.78,1543.5,0.0
256,3396,8192,512,ck,0,0,39.6297,a8w8_blockscale_1x128x128_256x128x128x128_16x16_32x32_2x2_8x32x1_8x32x1_1x32x1x8_8_1x1_intrawave_v3,718.85,1553.71,0.0
256,3279,8192,512,ck,0,0,39.6298,a8w8_blockscale_1x128x128_256x128x128x128_16x16_32x32_2x2_8x32x1_8x32x1_1x32x1x8_8_1x1_intrawave_v3,694.08,1503.83,0.0
256,3304,8192,512,ck,0,0,39.639,a8w8_blockscale_1x128x128_256x128x128x128_16x16_32x32_2x2_8x32x1_8x32x1_1x32x1x8_8_1x1_intrawave_v3,699.21,1514.13,0.0
256,3450,8192,512,ck,0,0,39.6407,a8w8_blockscale_1x128x128_256x128x128x128_16x16_32x32_2x2_8x32x1_8x32x1_1x32x1x8_8_1x1_intrawave_v3,730.08,1576.3,0.0
256,3273,8192,512,ck,0,0,39.6419,a8w8_blockscale_1x128x128_256x128x128x128_16x16_32x32_2x2_8x32x1_8x32x1_1x32x1x8_8_1x1_intrawave_v3,692.6,1500.81,0.0
256,3484,8192,512,ck,0,0,39.6423,a8w8_blockscale_1x128x128_256x128x128x128_16x16_32x32_2x2_8x32x1_8x32x1_1x32x1x8_8_1x1_intrawave_v3,737.24,1590.72,0.0
256,3376,8192,512,ck,0,0,39.649,a8w8_blockscale_1x128x128_256x128x128x128_16x16_32x32_2x2_8x32x1_8x32x1_1x32x1x8_8_1x1_intrawave_v3,714.27,1544.43,0.0
256,3272,8192,512,ck,0,0,39.6495,a8w8_blockscale_1x128x128_256x128x128x128_16x16_32x32_2x2_8x32x1_8x32x1_1x32x1x8_8_1x1_intrawave_v3,692.25,1500.09,0.0
256,3529,8192,512,ck,0,0,39.6664,a8w8_blockscale_1x128x128_256x128x128x128_16x16_32x32_2x2_8x32x1_8x32x1_1x32x1x8_8_1x1_intrawave_v3,746.31,1608.93,0.0
256,3441,8192,512,ck,0,0,39.669,a8w8_blockscale_1x128x128_256x128x128x128_16x16_32x32_2x2_8x32x1_8x32x1_1x32x1x8_8_1x1_intrawave_v3,727.65,1571.34,0.0
256,3318,8192,512,ck,0,0,39.6741,a8w8_blockscale_1x128x128_256x128x128x128_16x16_32x32_2x2_8x32x1_8x32x1_1x32x1x8_8_1x1_intrawave_v3,701.55,1518.75,0.0
256,3286,8192,512,ck,0,0,39.6827,a8w8_blockscale_1x128x128_256x128x128x128_16x16_32x32_2x2_8x32x1_8x32x1_1x32x1x8_8_1x1_intrawave_v3,694.63,1504.8,0.0
256,3368,8192,512,ck,0,0,39.691,a8w8_blockscale_1x128x128_256x128x128x128_16x16_32x32_2x2_8x32x1_8x32x1_1x32x1x8_8_1x1_intrawave_v3,711.82,1539.39,0.0
256,3392,8192,512,ck,0,0,39.6962,a8w8_blockscale_1x128x128_256x128x128x128_16x16_32x32_2x2_8x32x1_8x32x1_1x32x1x8_8_1x1_intrawave_v3,716.8,1549.41,0.0
256,3230,8192,512,ck,0,0,39.707,a8w8_blockscale_1x128x128_256x128x128x128_16x16_32x32_2x2_8x32x1_8x32x1_1x32x1x8_8_1x1_intrawave_v3,682.38,1480.05,0.0
256,3320,8192,512,ck,0,0,39.7117,a8w8_blockscale_1x128x128_256x128x128x128_16x16_32x32_2x2_8x32x1_8x32x1_1x32x1x8_8_1x1_intrawave_v3,701.31,1518.17,0.0
256,3208,8192,512,ck,0,0,39.7178,a8w8_blockscale_1x128x128_256x128x128x128_16x16_32x32_2x2_8x32x1_8x32x1_1x32x1x8_8_1x1_intrawave_v3,677.55,1470.29,0.0
256,3232,8192,512,ck,0,0,39.7231,a8w8_blockscale_1x128x128_256x128x128x128_16x16_32x32_2x2_8x32x1_8x32x1_1x32x1x8_8_1x1_intrawave_v3,682.52,1480.3,0.0
256,3452,8192,512,ck,0,0,39.7246,a8w8_blockscale_1x128x128_256x128x128x128_16x16_32x32_2x2_8x32x1_8x32x1_1x32x1x8_8_1x1_intrawave_v3,728.96,1573.82,0.0
256,3458,8192,512,ck,0,0,39.7333,a8w8_blockscale_1x128x128_256x128x128x128_16x16_32x32_2x2_8x32x1_8x32x1_1x32x1x8_8_1x1_intrawave_v3,730.06,1576.02,0.0
256,3409,8192,512,ck,0,0,39.7372,a8w8_blockscale_1x128x128_256x128x128x128_16x16_32x32_2x2_8x32x1_8x32x1_1x32x1x8_8_1x1_intrawave_v3,719.65,1555.04,0.0
256,3427,8192,512,ck,0,0,39.7492,a8w8_blockscale_1x128x128_256x128x128x128_16x16_32x32_2x2_8x32x1_8x32x1_1x32x1x8_8_1x1_intrawave_v3,723.23,1562.22,0.0
256,3399,8192,512,ck,0,0,39.7548,a8w8_blockscale_1x128x128_256x128x128x128_16x16_32x32_2x2_8x32x1_8x32x1_1x32x1x8_8_1x1_intrawave_v3,717.22,1550.1,0.0
256,3414,8192,512,ck,0,0,39.7562,a8w8_blockscale_1x128x128_256x128x128x128_16x16_32x32_2x2_8x32x1_8x32x1_1x32x1x8_8_1x1_intrawave_v3,720.36,1556.42,0.0
256,3492,8192,512,ck,0,0,39.766,a8w8_blockscale_1x128x128_256x128x128x128_16x16_32x32_2x2_8x32x1_8x32x1_1x32x1x8_8_1x1_intrawave_v3,736.63,1589.18,0.0
256,3302,8192,512,ck,0,0,39.7849,a8w8_blockscale_1x128x128_256x128x128x128_16x16_32x32_2x2_8x32x1_8x32x1_1x32x1x8_8_1x1_intrawave_v3,696.22,1507.73,0.0
256,3518,8192,512,ck,0,0,39.7855,a8w8_blockscale_1x128x128_256x128x128x128_16x16_32x32_2x2_8x32x1_8x32x1_1x32x1x8_8_1x1_intrawave_v3,741.76,1599.44,0.0
256,3308,8192,512,ck,0,0,39.7938,a8w8_blockscale_1x128x128_256x128x128x128_16x16_32x32_2x2_8x32x1_8x32x1_1x32x1x8_8_1x1_intrawave_v3,697.33,1509.94,0.0
256,3554,8192,512,ck,0,0,39.8098,a8w8_blockscale_1x128x128_256x128x128x128_16x16_32x32_2x2_8x32x1_8x32x1_1x32x1x8_8_1x1_intrawave_v3,748.89,1613.74,0.0
256,3388,8192,512,ck,0,0,39.8262,a8w8_blockscale_1x128x128_256x128x128x128_16x16_32x32_2x2_8x32x1_8x32x1_1x32x1x8_8_1x1_intrawave_v3,713.62,1542.65,0.0
256,3393,8192,512,ck,0,0,39.8286,a8w8_blockscale_1x128x128_256x128x128x128_16x16_32x32_2x2_8x32x1_8x32x1_1x32x1x8_8_1x1_intrawave_v3,714.63,1544.68,0.0
256,3527,8192,512,ck,0,0,39.8394,a8w8_blockscale_1x128x128_256x128x128x128_16x16_32x32_2x2_8x32x1_8x32x1_1x32x1x8_8_1x1_intrawave_v3,742.65,1601.09,0.0
256,3335,8192,512,ck,0,0,39.8442,a8w8_blockscale_1x128x128_256x128x128x128_16x16_32x32_2x2_8x32x1_8x32x1_1x32x1x8_8_1x1_intrawave_v3,702.14,1519.48,0.0
256,3421,8192,512,ck,0,0,39.874,a8w8_blockscale_1x128x128_256x128x128x128_16x16_32x32_2x2_8x32x1_8x32x1_1x32x1x8_8_1x1_intrawave_v3,719.7,1554.79,0.0
256,3170,8192,512,ck,18,0,39.8766,a8w8_blockscale_1x128x128_256x64x64x256_16x16_32x32_1x1_16x16x1_16x16x1_1x32x1x8_8_1x1_intrawave_v1,666.85,1448.33,0.0
256,3464,8192,512,ck,0,0,39.9083,a8w8_blockscale_1x128x128_256x128x128x128_16x16_32x32_2x2_8x32x1_8x32x1_1x32x1x8_8_1x1_intrawave_v3,728.12,1571.65,0.0
256,3488,8192,512,ck,0,0,39.9149,a8w8_blockscale_1x128x128_256x128x128x128_16x16_32x32_2x2_8x32x1_8x32x1_1x32x1x8_8_1x1_intrawave_v3,733.05,1581.55,0.0
256,3495,8192,512,ck,0,0,39.928,a8w8_blockscale_1x128x128_256x128x128x128_16x16_32x32_2x2_8x32x1_8x32x1_1x32x1x8_8_1x1_intrawave_v3,734.28,1584.0,0.0
256,3533,8192,512,ck,0,0,39.9315,a8w8_blockscale_1x128x128_256x128x128x128_16x16_32x32_2x2_8x32x1_8x32x1_1x32x1x8_8_1x1_intrawave_v3,742.19,1599.94,0.0
256,3552,8192,512,ck,0,0,39.9408,a8w8_blockscale_1x128x128_256x128x128x128_16x16_32x32_2x2_8x32x1_8x32x1_1x32x1x8_8_1x1_intrawave_v3,746.01,1607.6,0.0
256,3463,8192,512,ck,0,0,39.9425,a8w8_blockscale_1x128x128_256x128x128x128_16x16_32x32_2x2_8x32x1_8x32x1_1x32x1x8_8_1x1_intrawave_v3,727.29,1569.89,0.0
256,3322,8192,512,ck,0,0,39.9718,a8w8_blockscale_1x128x128_256x128x128x128_16x16_32x32_2x2_8x32x1_8x32x1_1x32x1x8_8_1x1_intrawave_v3,697.17,1509.13,0.0
256,3350,8192,512,ck,0,0,39.9732,a8w8_blockscale_1x128x128_256x128x128x128_16x16_32x32_2x2_8x32x1_8x32x1_1x32x1x8_8_1x1_intrawave_v3,703.02,1520.92,0.0
256,3513,8192,512,ck,0,0,39.9898,a8w8_blockscale_1x128x128_256x128x128x128_16x16_32x32_2x2_8x32x1_8x32x1_1x32x1x8_8_1x1_intrawave_v3,736.92,1589.15,0.0
256,3424,8192,512,ck,0,0,39.991,a8w8_blockscale_1x128x128_256x128x128x128_16x16_32x32_2x2_8x32x1_8x32x1_1x32x1x8_8_1x1_intrawave_v3,718.23,1551.5,0.0
256,3474,8192,512,ck,0,0,40.0055,a8w8_blockscale_1x128x128_256x128x128x128_16x16_32x32_2x2_8x32x1_8x32x1_1x32x1x8_8_1x1_intrawave_v3,728.45,1572.06,0.0
256,3423,8192,512,ck,0,0,40.0082,a8w8_blockscale_1x128x128_256x128x128x128_16x16_32x32_2x2_8x32x1_8x32x1_1x32x1x8_8_1x1_intrawave_v3,717.71,1550.41,0.0
256,3520,8192,512,ck,0,0,40.0402,a8w8_blockscale_1x128x128_256x128x128x128_16x16_32x32_2x2_8x32x1_8x32x1_1x32x1x8_8_1x1_intrawave_v3,737.46,1590.11,0.0
256,3519,8192,512,ck,0,0,40.0411,a8w8_blockscale_1x128x128_256x128x128x128_16x16_32x32_2x2_8x32x1_8x32x1_1x32x1x8_8_1x1_intrawave_v3,737.23,1589.65,0.0
256,3454,8192,512,ck,0,0,40.0451,a8w8_blockscale_1x128x128_256x128x128x128_16x16_32x32_2x2_8x32x1_8x32x1_1x32x1x8_8_1x1_intrawave_v3,723.54,1562.07,0.0
256,3555,8192,512,ck,0,0,40.0475,a8w8_blockscale_1x128x128_256x128x128x128_16x16_32x32_2x2_8x32x1_8x32x1_1x32x1x8_8_1x1_intrawave_v3,744.65,1604.58,0.0
256,3306,8192,512,ck,0,0,40.0586,a8w8_blockscale_1x128x128_256x128x128x128_16x16_32x32_2x2_8x32x1_8x32x1_1x32x1x8_8_1x1_intrawave_v3,692.3,1499.12,0.0
256,3455,8192,512,ck,0,0,40.0962,a8w8_blockscale_1x128x128_256x128x128x128_16x16_32x32_2x2_8x32x1_8x32x1_1x32x1x8_8_1x1_intrawave_v3,722.83,1560.5,0.0
256,3582,8192,512,ck,0,0,40.1028,a8w8_blockscale_1x128x128_256x128x128x128_16x16_32x32_2x2_8x32x1_8x32x1_1x32x1x8_8_1x1_intrawave_v3,749.27,1613.75,0.0
256,3444,8192,512,ck,0,0,40.1102,a8w8_blockscale_1x128x128_256x128x128x128_16x16_32x32_2x2_8x32x1_8x32x1_1x32x1x8_8_1x1_intrawave_v3,720.27,1555.32,0.0
256,3517,8192,512,ck,0,0,40.1226,a8w8_blockscale_1x128x128_256x128x128x128_16x16_32x32_2x2_8x32x1_8x32x1_1x32x1x8_8_1x1_intrawave_v3,735.31,1585.58,0.0
256,3357,8192,512,ck,0,0,40.1338,a8w8_blockscale_1x128x128_256x128x128x128_16x16_32x32_2x2_8x32x1_8x32x1_1x32x1x8_8_1x1_intrawave_v3,701.67,1517.78,0.0
256,3570,8192,512,ck,0,0,40.175,a8w8_blockscale_1x128x128_256x128x128x128_16x16_32x32_2x2_8x32x1_8x32x1_1x32x1x8_8_1x1_intrawave_v3,745.42,1605.8,0.0
256,3530,8192,512,ck,0,0,40.203,a8w8_blockscale_1x128x128_256x128x128x128_16x16_32x32_2x2_8x32x1_8x32x1_1x32x1x8_8_1x1_intrawave_v3,736.56,1587.87,0.0
256,3317,8192,512,ck,0,0,40.203,a8w8_blockscale_1x128x128_256x128x128x128_16x16_32x32_2x2_8x32x1_8x32x1_1x32x1x8_8_1x1_intrawave_v3,692.11,1498.35,0.0
256,3470,8192,512,ck,0,0,40.2046,a8w8_blockscale_1x128x128_256x128x128x128_16x16_32x32_2x2_8x32x1_8x32x1_1x32x1x8_8_1x1_intrawave_v3,724.01,1562.59,0.0
256,3340,8192,512,ck,0,0,40.2122,a8w8_blockscale_1x128x128_256x128x128x128_16x16_32x32_2x2_8x32x1_8x32x1_1x32x1x8_8_1x1_intrawave_v3,696.75,1507.68,0.0
256,3522,8192,512,ck,0,0,40.214,a8w8_blockscale_1x128x128_256x128x128x128_16x16_32x32_2x2_8x32x1_8x32x1_1x32x1x8_8_1x1_intrawave_v3,734.69,1584.08,0.0
256,3576,8192,512,ck,0,0,40.2168,a8w8_blockscale_1x128x128_256x128x128x128_16x16_32x32_2x2_8x32x1_8x32x1_1x32x1x8_8_1x1_intrawave_v3,745.9,1606.65,0.0
256,3433,8192,512,ck,0,0,40.2176,a8w8_blockscale_1x128x128_256x128x128x128_16x16_32x32_2x2_8x32x1_8x32x1_1x32x1x8_8_1x1_intrawave_v3,716.06,1546.54,0.0
256,3528,8192,512,ck,0,0,40.237,a8w8_blockscale_1x128x128_256x128x128x128_16x16_32x32_2x2_8x32x1_8x32x1_1x32x1x8_8_1x1_intrawave_v3,735.52,1585.69,0.0
256,3581,8192,512,ck,0,0,40.2378,a8w8_blockscale_1x128x128_256x128x128x128_16x16_32x32_2x2_8x32x1_8x32x1_1x32x1x8_8_1x1_intrawave_v3,746.55,1607.91,0.0
256,3390,8192,512,ck,0,0,40.2383,a8w8_blockscale_1x128x128_256x128x128x128_16x16_32x32_2x2_8x32x1_8x32x1_1x32x1x8_8_1x1_intrawave_v3,706.72,1527.69,0.0
256,3535,8192,512,ck,0,0,40.2479,a8w8_blockscale_1x128x128_256x128x128x128_16x16_32x32_2x2_8x32x1_8x32x1_1x32x1x8_8_1x1_intrawave_v3,736.78,1588.2,0.0
256,3404,8192,512,ck,0,0,40.2634,a8w8_blockscale_1x128x128_256x128x128x128_16x16_32x32_2x2_8x32x1_8x32x1_1x32x1x8_8_1x1_intrawave_v3,709.2,1532.61,0.0
256,3537,8192,512,ck,0,0,40.2718,a8w8_blockscale_1x128x128_256x128x128x128_16x16_32x32_2x2_8x32x1_8x32x1_1x32x1x8_8_1x1_intrawave_v3,736.76,1588.1,0.0
256,3541,8192,512,ck,0,0,40.2742,a8w8_blockscale_1x128x128_256x128x128x128_16x16_32x32_2x2_8x32x1_8x32x1_1x32x1x8_8_1x1_intrawave_v3,737.55,1589.68,0.0
256,3572,8192,512,ck,0,0,40.2844,a8w8_blockscale_1x128x128_256x128x128x128_16x16_32x32_2x2_8x32x1_8x32x1_1x32x1x8_8_1x1_intrawave_v3,743.81,1602.28,0.0
256,3416,8192,512,ck,0,0,40.3014,a8w8_blockscale_1x128x128_256x128x128x128_16x16_32x32_2x2_8x32x1_8x32x1_1x32x1x8_8_1x1_intrawave_v3,711.03,1536.2,0.0
256,3482,8192,512,ck,0,0,40.3352,a8w8_blockscale_1x128x128_256x128x128x128_16x16_32x32_2x2_8x32x1_8x32x1_1x32x1x8_8_1x1_intrawave_v3,724.16,1562.56,0.0
256,3461,8192,512,ck,0,0,40.3622,a8w8_blockscale_1x128x128_256x128x128x128_16x16_32x32_2x2_8x32x1_8x32x1_1x32x1x8_8_1x1_intrawave_v3,719.31,1552.72,0.0
256,3428,8192,512,ck,0,0,40.363,a8w8_blockscale_1x128x128_256x128x128x128_16x16_32x32_2x2_8x32x1_8x32x1_1x32x1x8_8_1x1_intrawave_v3,712.44,1538.88,0.0
256,3516,8192,512,ck,0,0,40.3851,a8w8_blockscale_1x128x128_256x128x128x128_16x16_32x32_2x2_8x32x1_8x32x1_1x32x1x8_8_1x1_intrawave_v3,730.33,1574.85,0.0
256,3412,8192,512,ck,0,0,40.4374,a8w8_blockscale_1x128x128_256x128x128x128_16x16_32x32_2x2_8x32x1_8x32x1_1x32x1x8_8_1x1_intrawave_v3,707.81,1529.36,0.0
256,3468,8192,512,ck,0,0,40.445,a8w8_blockscale_1x128x128_256x128x128x128_16x16_32x32_2x2_8x32x1_8x32x1_1x32x1x8_8_1x1_intrawave_v3,719.29,1552.47,0.0
256,3486,8192,512,ck,0,0,40.4491,a8w8_blockscale_1x128x128_256x128x128x128_16x16_32x32_2x2_8x32x1_8x32x1_1x32x1x8_8_1x1_intrawave_v3,722.95,1559.83,0.0
256,3580,8192,512,ck,0,0,40.4774,a8w8_blockscale_1x128x128_256x128x128x128_16x16_32x32_2x2_8x32x1_8x32x1_1x32x1x8_8_1x1_intrawave_v3,741.93,1597.98,0.0
256,3491,8192,512,ck,0,0,40.493,a8w8_blockscale_1x128x128_256x128x128x128_16x16_32x32_2x2_8x32x1_8x32x1_1x32x1x8_8_1x1_intrawave_v3,723.2,1560.23,0.0
256,3511,8192,512,ck,0,0,40.5082,a8w8_blockscale_1x128x128_256x128x128x128_16x16_32x32_2x2_8x32x1_8x32x1_1x32x1x8_8_1x1_intrawave_v3,727.07,1567.98,0.0
256,3542,8192,512,ck,0,0,40.509,a8w8_blockscale_1x128x128_256x128x128x128_16x16_32x32_2x2_8x32x1_8x32x1_1x32x1x8_8_1x1_intrawave_v3,733.48,1580.88,0.0
256,3579,8192,512,ck,0,0,40.584,a8w8_blockscale_1x128x128_256x128x128x128_16x16_32x32_2x2_8x32x1_8x32x1_1x32x1x8_8_1x1_intrawave_v3,739.77,1593.36,0.0
256,3512,8192,512,ck,0,0,40.5953,a8w8_blockscale_1x128x128_256x128x128x128_16x16_32x32_2x2_8x32x1_8x32x1_1x32x1x8_8_1x1_intrawave_v3,725.72,1565.03,0.0
256,3567,8192,512,ck,0,0,40.5958,a8w8_blockscale_1x128x128_256x128x128x128_16x16_32x32_2x2_8x32x1_8x32x1_1x32x1x8_8_1x1_intrawave_v3,737.08,1587.91,0.0
256,3574,8192,512,ck,0,0,40.6118,a8w8_blockscale_1x128x128_256x128x128x128_16x16_32x32_2x2_8x32x1_8x32x1_1x32x1x8_8_1x1_intrawave_v3,738.23,1590.19,0.0
256,3365,8192,512,ck,0,0,40.6207,a8w8_blockscale_1x128x128_256x128x128x128_16x16_32x32_2x2_8x32x1_8x32x1_1x32x1x8_8_1x1_intrawave_v3,694.91,1502.91,0.0
256,3538,8192,512,ck,0,0,40.6374,a8w8_blockscale_1x128x128_256x128x128x128_16x16_32x32_2x2_8x32x1_8x32x1_1x32x1x8_8_1x1_intrawave_v3,730.33,1574.22,0.0
256,3360,8192,512,ck,0,0,40.7661,a8w8_blockscale_1x128x128_256x128x128x128_16x16_32x32_2x2_8x32x1_8x32x1_1x32x1x8_8_1x1_intrawave_v3,691.4,1495.48,0.0
256,3571,8192,512,ck,0,0,40.7698,a8w8_blockscale_1x128x128_256x128x128x128_16x16_32x32_2x2_8x32x1_8x32x1_1x32x1x8_8_1x1_intrawave_v3,734.75,1582.79,0.0
256,3398,8192,512,ck,0,0,40.8982,a8w8_blockscale_1x128x128_256x128x128x128_16x16_32x32_2x2_8x32x1_8x32x1_1x32x1x8_8_1x1_intrawave_v3,696.96,1506.35,0.0
256,3494,8192,512,ck,0,0,40.9686,a8w8_blockscale_1x128x128_256x128x128x128_16x16_32x32_2x2_8x32x1_8x32x1_1x32x1x8_8_1x1_intrawave_v3,715.42,1543.35,0.0
256,3437,8192,512,ck,0,0,41.0254,a8w8_blockscale_1x128x128_256x128x128x128_16x16_32x32_2x2_8x32x1_8x32x1_1x32x1x8_8_1x1_intrawave_v3,702.78,1517.74,0.0
256,3371,8192,512,ck,0,0,41.0361,a8w8_blockscale_1x128x128_256x128x128x128_16x16_32x32_2x2_8x32x1_8x32x1_1x32x1x8_8_1x1_intrawave_v3,689.1,1490.17,0.0
256,3545,8192,512,ck,0,0,41.109,a8w8_blockscale_1x128x128_256x128x128x128_16x16_32x32_2x2_8x32x1_8x32x1_1x32x1x8_8_1x1_intrawave_v3,723.38,1559.04,0.0
256,3564,8192,512,ck,0,0,41.1162,a8w8_blockscale_1x128x128_256x128x128x128_16x16_32x32_2x2_8x32x1_8x32x1_1x32x1x8_8_1x1_intrawave_v3,727.13,1566.58,0.0
256,3583,8192,512,ck,0,0,41.1934,a8w8_blockscale_1x128x128_256x128x128x128_16x16_32x32_2x2_8x32x1_8x32x1_1x32x1x8_8_1x1_intrawave_v3,729.64,1571.43,0.0
256,3515,8192,512,ck,0,0,41.3394,a8w8_blockscale_1x128x128_256x128x128x128_16x16_32x32_2x2_8x32x1_8x32x1_1x32x1x8_8_1x1_intrawave_v3,713.27,1538.09,0.0
256,3561,8192,512,ck,0,0,41.3854,a8w8_blockscale_1x128x128_256x128x128x128_16x16_32x32_2x2_8x32x1_8x32x1_1x32x1x8_8_1x1_intrawave_v3,721.8,1555.16,0.0
256,3575,8192,512,ck,0,0,41.8114,a8w8_blockscale_1x128x128_256x128x128x128_16x16_32x32_2x2_8x32x1_8x32x1_1x32x1x8_8_1x1_intrawave_v3,717.25,1544.97,0.0
256,3712,8192,512,ck,0,0,43.4143,a8w8_blockscale_1x128x128_256x128x128x128_16x16_32x32_2x2_8x32x1_8x32x1_1x32x1x8_8_1x1_intrawave_v3,717.24,1541.25,0.0
256,3658,8192,512,ck,0,0,43.6229,a8w8_blockscale_1x128x128_256x128x128x128_16x16_32x32_2x2_8x32x1_8x32x1_1x32x1x8_8_1x1_intrawave_v3,703.43,1512.96,0.0
256,3589,8192,512,ck,0,0,43.6233,a8w8_blockscale_1x128x128_256x128x128x128_16x16_32x32_2x2_8x32x1_8x32x1_1x32x1x8_8_1x1_intrawave_v3,690.15,1486.23,0.0
256,3608,8192,512,ck,0,0,43.6491,a8w8_blockscale_1x128x128_256x128x128x128_16x16_32x32_2x2_8x32x1_8x32x1_1x32x1x8_8_1x1_intrawave_v3,693.4,1492.7,0.0
256,3591,8192,512,ck,0,0,43.65,a8w8_blockscale_1x128x128_256x128x128x128_16x16_32x32_2x2_8x32x1_8x32x1_1x32x1x8_8_1x1_intrawave_v3,690.11,1486.09,0.0
256,3650,8192,512,ck,0,0,43.6774,a8w8_blockscale_1x128x128_256x128x128x128_16x16_32x32_2x2_8x32x1_8x32x1_1x32x1x8_8_1x1_intrawave_v3,701.01,1507.98,0.0
256,3616,8192,512,ck,0,0,43.6804,a8w8_blockscale_1x128x128_256x128x128x128_16x16_32x32_2x2_8x32x1_8x32x1_1x32x1x8_8_1x1_intrawave_v3,694.44,1494.73,0.0
256,3610,8192,512,ck,0,0,43.6874,a8w8_blockscale_1x128x128_256x128x128x128_16x16_32x32_2x2_8x32x1_8x32x1_1x32x1x8_8_1x1_intrawave_v3,693.17,1492.17,0.0
256,1599,8192,1536,ck,0,0,43.6993,a8w8_blockscale_1x128x128_256x128x128x128_16x16_32x32_2x2_8x32x1_8x32x1_1x32x1x8_8_1x1_intrawave_v3,920.84,943.65,0.0
256,2110,6144,1536,ck,0,0,43.7222,a8w8_blockscale_1x128x128_256x128x128x128_16x16_32x32_2x2_8x32x1_8x32x1_1x32x1x8_8_1x1_intrawave_v3,910.86,882.98,0.0
256,2054,6144,1536,ck,0,0,43.742,a8w8_blockscale_1x128x128_256x128x128x128_16x16_32x32_2x2_8x32x1_8x32x1_1x32x1x8_8_1x1_intrawave_v3,886.29,864.88,0.0
256,2161,6144,1536,ck,0,0,43.7942,a8w8_blockscale_1x128x128_256x128x128x128_16x16_32x32_2x2_8x32x1_8x32x1_1x32x1x8_8_1x1_intrawave_v3,931.35,897.63,0.0
256,2128,6144,1536,ck,0,0,43.8071,a8w8_blockscale_1x128x128_256x128x128x128_16x16_32x32_2x2_8x32x1_8x32x1_1x32x1x8_8_1x1_intrawave_v3,916.85,886.95,0.0
256,3673,8192,512,ck,0,0,43.8143,a8w8_blockscale_1x128x128_256x128x128x128_16x16_32x32_2x2_8x32x1_8x32x1_1x32x1x8_8_1x1_intrawave_v3,703.23,1512.14,0.0
256,3676,8192,512,ck,0,0,43.8148,a8w8_blockscale_1x128x128_256x128x128x128_16x16_32x32_2x2_8x32x1_8x32x1_1x32x1x8_8_1x1_intrawave_v3,703.79,1513.28,0.0
256,3631,8192,512,ck,0,0,43.8177,a8w8_blockscale_1x128x128_256x128x128x128_16x16_32x32_2x2_8x32x1_8x32x1_1x32x1x8_8_1x1_intrawave_v3,695.13,1495.83,0.0
256,3647,8192,512,ck,0,0,43.8242,a8w8_blockscale_1x128x128_256x128x128x128_16x16_32x32_2x2_8x32x1_8x32x1_1x32x1x8_8_1x1_intrawave_v3,698.09,1501.77,0.0
256,3708,8192,512,ck,0,0,43.8673,a8w8_blockscale_1x128x128_256x128x128x128_16x16_32x32_2x2_8x32x1_8x32x1_1x32x1x8_8_1x1_intrawave_v3,709.07,1523.79,0.0
256,1580,8192,1536,ck,0,0,43.8852,a8w8_blockscale_1x128x128_256x128x128x128_16x16_32x32_2x2_8x32x1_8x32x1_1x32x1x8_8_1x1_intrawave_v3,906.05,931.9,0.0
256,2127,6144,1536,ck,0,0,43.8872,a8w8_blockscale_1x128x128_256x128x128x128_16x16_32x32_2x2_8x32x1_8x32x1_1x32x1x8_8_1x1_intrawave_v3,914.75,885.02,0.0
256,3654,8192,512,ck,0,0,43.8995,a8w8_blockscale_1x128x128_256x128x128x128_16x16_32x32_2x2_8x32x1_8x32x1_1x32x1x8_8_1x1_intrawave_v3,698.23,1501.89,0.0
256,3653,8192,512,ck,0,0,43.9187,a8w8_blockscale_1x128x128_256x128x128x128_16x16_32x32_2x2_8x32x1_8x32x1_1x32x1x8_8_1x1_intrawave_v3,697.73,1500.85,0.0
256,3684,8192,512,ck,0,0,43.9333,a8w8_blockscale_1x128x128_256x128x128x128_16x16_32x32_2x2_8x32x1_8x32x1_1x32x1x8_8_1x1_intrawave_v3,703.42,1512.27,0.0
256,3644,8192,512,ck,0,0,43.9411,a8w8_blockscale_1x128x128_256x128x128x128_16x16_32x32_2x2_8x32x1_8x32x1_1x32x1x8_8_1x1_intrawave_v3,695.66,1496.62,0.0
256,3599,8192,512,ck,0,0,43.9616,a8w8_blockscale_1x128x128_256x128x128x128_16x16_32x32_2x2_8x32x1_8x32x1_1x32x1x8_8_1x1_intrawave_v3,686.75,1478.63,0.0
256,3685,8192,512,ck,0,0,43.9623,a8w8_blockscale_1x128x128_256x128x128x128_16x16_32x32_2x2_8x32x1_8x32x1_1x32x1x8_8_1x1_intrawave_v3,703.15,1511.66,0.0
256,2085,6144,1536,ck,0,0,43.9648,a8w8_blockscale_1x128x128_256x128x128x128_16x16_32x32_2x2_8x32x1_8x32x1_1x32x1x8_8_1x1_intrawave_v3,895.1,870.25,0.0
256,3670,8192,512,ck,0,0,43.9666,a8w8_blockscale_1x128x128_256x128x128x128_16x16_32x32_2x2_8x32x1_8x32x1_1x32x1x8_8_1x1_intrawave_v3,700.22,1505.75,0.0
256,3704,8192,512,ck,0,0,43.9668,a8w8_blockscale_1x128x128_256x128x128x128_16x16_32x32_2x2_8x32x1_8x32x1_1x32x1x8_8_1x1_intrawave_v3,706.7,1518.81,0.0
256,3666,8192,512,ck,0,0,43.9684,a8w8_blockscale_1x128x128_256x128x128x128_16x16_32x32_2x2_8x32x1_8x32x1_1x32x1x8_8_1x1_intrawave_v3,699.43,1504.15,0.0
256,2126,6144,1536,ck,0,0,43.9786,a8w8_blockscale_1x128x128_256x128x128x128_16x16_32x32_2x2_8x32x1_8x32x1_1x32x1x8_8_1x1_intrawave_v3,912.42,882.86,0.0
256,3615,8192,512,ck,0,0,43.9962,a8w8_blockscale_1x128x128_256x128x128x128_16x16_32x32_2x2_8x32x1_8x32x1_1x32x1x8_8_1x1_intrawave_v3,689.26,1483.61,0.0
256,2088,6144,1536,ck,0,0,44.0035,a8w8_blockscale_1x128x128_256x128x128x128_16x16_32x32_2x2_8x32x1_8x32x1_1x32x1x8_8_1x1_intrawave_v3,895.6,870.42,0.0
256,3623,8192,512,ck,18,0,44.0035,a8w8_blockscale_1x128x128_256x64x64x256_16x16_32x32_1x1_16x16x1_16x16x1_1x32x1x8_8_1x1_intrawave_v1,690.67,1486.44,0.0
256,1548,8192,1536,ck,0,0,44.004,a8w8_blockscale_1x128x128_256x128x128x128_16x16_32x32_2x2_8x32x1_8x32x1_1x32x1x8_8_1x1_intrawave_v3,885.3,916.35,0.0
256,3640,8192,512,ck,0,0,44.0069,a8w8_blockscale_1x128x128_256x128x128x128_16x16_32x32_2x2_8x32x1_8x32x1_1x32x1x8_8_1x1_intrawave_v3,693.86,1492.85,0.0
256,3669,8192,512,ck,0,0,44.0093,a8w8_blockscale_1x128x128_256x128x128x128_16x16_32x32_2x2_8x32x1_8x32x1_1x32x1x8_8_1x1_intrawave_v3,699.35,1503.9,0.0
256,3624,8192,512,ck,0,0,44.0094,a8w8_blockscale_1x128x128_256x128x128x128_16x16_32x32_2x2_8x32x1_8x32x1_1x32x1x8_8_1x1_intrawave_v3,690.77,1486.62,0.0
256,2090,6144,1536,ck,0,0,44.0198,a8w8_blockscale_1x128x128_256x128x128x128_16x16_32x32_2x2_8x32x1_8x32x1_1x32x1x8_8_1x1_intrawave_v3,896.13,870.73,0.0
256,2166,6144,1536,ck,0,0,44.0273,a8w8_blockscale_1x128x128_256x128x128x128_16x16_32x32_2x2_8x32x1_8x32x1_1x32x1x8_8_1x1_intrawave_v3,928.56,894.44,0.0
256,3663,8192,512,ck,0,0,44.0322,a8w8_blockscale_1x128x128_256x128x128x128_16x16_32x32_2x2_8x32x1_8x32x1_1x32x1x8_8_1x1_intrawave_v3,697.84,1500.82,0.0
256,2129,6144,1536,ck,0,0,44.0351,a8w8_blockscale_1x128x128_256x128x128x128_16x16_32x32_2x2_8x32x1_8x32x1_1x32x1x8_8_1x1_intrawave_v3,912.53,882.67,0.0
256,216,9216,7168,ck,12,0,44.0439,a8w8_blockscale_1x128x128_256x32x128x256_16x16_32x32_1x1_16x16x1_16x16x1_1x32x1x8_8_1x1_intrawave_v1,647.95,1625.42,0.0
256,3634,8192,512,ck,0,0,44.0474,a8w8_blockscale_1x128x128_256x128x128x128_16x16_32x32_2x2_8x32x1_8x32x1_1x32x1x8_8_1x1_intrawave_v3,692.08,1489.18,0.0
256,3612,8192,512,ck,0,0,44.048,a8w8_blockscale_1x128x128_256x128x128x128_16x16_32x32_2x2_8x32x1_8x32x1_1x32x1x8_8_1x1_intrawave_v3,687.88,1480.72,0.0
256,2162,6144,1536,ck,0,0,44.0517,a8w8_blockscale_1x128x128_256x128x128x128_16x16_32x32_2x2_8x32x1_8x32x1_1x32x1x8_8_1x1_intrawave_v3,926.33,892.69,0.0
256,3695,8192,512,ck,0,0,44.0518,a8w8_blockscale_1x128x128_256x128x128x128_16x16_32x32_2x2_8x32x1_8x32x1_1x32x1x8_8_1x1_intrawave_v3,703.62,1512.42,0.0
256,1553,8192,1536,ck,0,0,44.0578,a8w8_blockscale_1x128x128_256x128x128x128_16x16_32x32_2x2_8x32x1_8x32x1_1x32x1x8_8_1x1_intrawave_v3,887.07,917.26,0.0
256,2087,6144,1536,ck,0,0,44.0598,a8w8_blockscale_1x128x128_256x128x128x128_16x16_32x32_2x2_8x32x1_8x32x1_1x32x1x8_8_1x1_intrawave_v3,894.03,869.0,0.0
256,3689,8192,512,ck,0,0,44.0774,a8w8_blockscale_1x128x128_256x128x128x128_16x16_32x32_2x2_8x32x1_8x32x1_1x32x1x8_8_1x1_intrawave_v3,702.07,1509.25,0.0
256,3667,8192,512,ck,0,0,44.0815,a8w8_blockscale_1x128x128_256x128x128x128_16x16_32x32_2x2_8x32x1_8x32x1_1x32x1x8_8_1x1_intrawave_v3,697.82,1500.67,0.0
256,3618,8192,512,ck,0,0,44.0918,a8w8_blockscale_1x128x128_256x128x128x128_16x16_32x32_2x2_8x32x1_8x32x1_1x32x1x8_8_1x1_intrawave_v3,688.34,1481.55,0.0
256,3697,8192,512,ck,0,0,44.1011,a8w8_blockscale_1x128x128_256x128x128x128_16x16_32x32_2x2_8x32x1_8x32x1_1x32x1x8_8_1x1_intrawave_v3,703.22,1511.5,0.0
256,3625,8192,512,ck,0,0,44.1031,a8w8_blockscale_1x128x128_256x128x128x128_16x16_32x32_2x2_8x32x1_8x32x1_1x32x1x8_8_1x1_intrawave_v3,689.49,1483.85,0.0
256,3694,8192,512,ck,0,0,44.122,a8w8_blockscale_1x128x128_256x128x128x128_16x16_32x32_2x2_8x32x1_8x32x1_1x32x1x8_8_1x1_intrawave_v3,702.31,1509.64,0.0
256,3617,8192,512,ck,0,0,44.1243,a8w8_blockscale_1x128x128_256x128x128x128_16x16_32x32_2x2_8x32x1_8x32x1_1x32x1x8_8_1x1_intrawave_v3,687.64,1480.07,0.0
256,3710,8192,512,ck,0,0,44.1269,a8w8_blockscale_1x128x128_256x128x128x128_16x16_32x32_2x2_8x32x1_8x32x1_1x32x1x8_8_1x1_intrawave_v3,705.28,1515.59,0.0
256,3683,8192,512,ck,0,0,44.1292,a8w8_blockscale_1x128x128_256x128x128x128_16x16_32x32_2x2_8x32x1_8x32x1_1x32x1x8_8_1x1_intrawave_v3,700.11,1505.18,0.0
256,3678,8192,512,ck,0,0,44.1326,a8w8_blockscale_1x128x128_256x128x128x128_16x16_32x32_2x2_8x32x1_8x32x1_1x32x1x8_8_1x1_intrawave_v3,699.1,1503.15,0.0
256,1623,8192,1536,ck,0,0,44.136,a8w8_blockscale_1x128x128_256x128x128x128_16x16_32x32_2x2_8x32x1_8x32x1_1x32x1x8_8_1x1_intrawave_v3,925.42,944.06,0.0
256,2056,6144,1536,ck,0,0,44.1376,a8w8_blockscale_1x128x128_256x128x128x128_16x16_32x32_2x2_8x32x1_8x32x1_1x32x1x8_8_1x1_intrawave_v3,879.2,857.76,0.0
256,2101,6144,1536,ck,0,0,44.1382,a8w8_blockscale_1x128x128_256x128x128x128_16x16_32x32_2x2_8x32x1_8x32x1_1x32x1x8_8_1x1_intrawave_v3,898.43,871.84,0.0
256,3637,8192,512,ck,18,0,44.1386,a8w8_blockscale_1x128x128_256x64x64x256_16x16_32x32_1x1_16x16x1_16x16x1_1x32x1x8_8_1x1_intrawave_v1,691.22,1487.25,0.0
256,3674,8192,512,ck,0,0,44.1445,a8w8_blockscale_1x128x128_256x128x128x128_16x16_32x32_2x2_8x32x1_8x32x1_1x32x1x8_8_1x1_intrawave_v3,698.16,1501.21,0.0
256,2160,6144,1536,ck,0,0,44.1873,a8w8_blockscale_1x128x128_256x128x128x128_16x16_32x32_2x2_8x32x1_8x32x1_1x32x1x8_8_1x1_intrawave_v3,922.63,889.33,0.0
256,2111,6144,1536,ck,0,0,44.1892,a8w8_blockscale_1x128x128_256x128x128x128_16x16_32x32_2x2_8x32x1_8x32x1_1x32x1x8_8_1x1_intrawave_v3,901.66,873.96,0.0
256,3711,8192,512,ck,0,0,44.1965,a8w8_blockscale_1x128x128_256x128x128x128_16x16_32x32_2x2_8x32x1_8x32x1_1x32x1x8_8_1x1_intrawave_v3,704.36,1513.59,0.0
256,3664,8192,512,ck,0,0,44.2147,a8w8_blockscale_1x128x128_256x128x128x128_16x16_32x32_2x2_8x32x1_8x32x1_1x32x1x8_8_1x1_intrawave_v3,695.15,1495.01,0.0
256,3682,8192,512,ck,0,0,44.2193,a8w8_blockscale_1x128x128_256x128x128x128_16x16_32x32_2x2_8x32x1_8x32x1_1x32x1x8_8_1x1_intrawave_v3,698.49,1501.73,0.0
256,1639,8192,1536,ck,0,0,44.2221,a8w8_blockscale_1x128x128_256x128x128x128_16x16_32x32_2x2_8x32x1_8x32x1_1x32x1x8_8_1x1_intrawave_v3,932.72,948.71,0.0
256,2148,6144,1536,ck,0,0,44.2223,a8w8_blockscale_1x128x128_256x128x128x128_16x16_32x32_2x2_8x32x1_8x32x1_1x32x1x8_8_1x1_intrawave_v3,916.78,884.87,0.0
256,200,9216,7168,ck,12,0,44.2249,a8w8_blockscale_1x128x128_256x32x128x256_16x16_32x32_1x1_16x16x1_16x16x1_1x32x1x8_8_1x1_intrawave_v1,597.49,1609.51,0.0
256,2112,6144,1536,ck,0,0,44.2498,a8w8_blockscale_1x128x128_256x128x128x128_16x16_32x32_2x2_8x32x1_8x32x1_1x32x1x8_8_1x1_intrawave_v3,900.86,873.08,0.0
256,2091,6144,1536,ck,0,0,44.2526,a8w8_blockscale_1x128x128_256x128x128x128_16x16_32x32_2x2_8x32x1_8x32x1_1x32x1x8_8_1x1_intrawave_v3,891.84,866.46,0.0
256,1601,8192,1536,ck,0,0,44.2551,a8w8_blockscale_1x128x128_256x128x128x128_16x16_32x32_2x2_8x32x1_8x32x1_1x32x1x8_8_1x1_intrawave_v3,910.41,932.61,0.0
256,3586,8192,512,ck,0,0,44.2841,a8w8_blockscale_1x128x128_256x128x128x128_16x16_32x32_2x2_8x32x1_8x32x1_1x32x1x8_8_1x1_intrawave_v3,679.29,1462.9,0.0
256,2150,6144,1536,ck,0,0,44.3267,a8w8_blockscale_1x128x128_256x128x128x128_16x16_32x32_2x2_8x32x1_8x32x1_1x32x1x8_8_1x1_intrawave_v3,915.47,883.41,0.0
256,3648,8192,512,ck,0,0,44.3328,a8w8_blockscale_1x128x128_256x128x128x128_16x16_32x32_2x2_8x32x1_8x32x1_1x32x1x8_8_1x1_intrawave_v3,690.27,1484.93,0.0
256,3587,8192,512,ck,0,0,44.334,a8w8_blockscale_1x128x128_256x128x128x128_16x16_32x32_2x2_8x32x1_8x32x1_1x32x1x8_8_1x1_intrawave_v3,678.71,1461.64,0.0
256,2164,6144,1536,ck,0,0,44.359,a8w8_blockscale_1x128x128_256x128x128x128_16x16_32x32_2x2_8x32x1_8x32x1_1x32x1x8_8_1x1_intrawave_v3,920.76,887.13,0.0
256,3659,8192,512,ck,0,0,44.3591,a8w8_blockscale_1x128x128_256x128x128x128_16x16_32x32_2x2_8x32x1_8x32x1_1x32x1x8_8_1x1_intrawave_v3,691.94,1488.24,0.0
256,2149,6144,1536,ck,0,0,44.4427,a8w8_blockscale_1x128x128_256x128x128x128_16x16_32x32_2x2_8x32x1_8x32x1_1x32x1x8_8_1x1_intrawave_v3,912.66,880.8,0.0
256,2116,6144,1536,ck,0,0,44.4428,a8w8_blockscale_1x128x128_256x128x128x128_16x16_32x32_2x2_8x32x1_8x32x1_1x32x1x8_8_1x1_intrawave_v3,898.64,870.53,0.0
256,3703,8192,512,ck,0,0,44.456,a8w8_blockscale_1x128x128_256x128x128x128_16x16_32x32_2x2_8x32x1_8x32x1_1x32x1x8_8_1x1_intrawave_v3,698.74,1501.71,0.0
256,2146,6144,1536,ck,0,0,44.4767,a8w8_blockscale_1x128x128_256x128x128x128_16x16_32x32_2x2_8x32x1_8x32x1_1x32x1x8_8_1x1_intrawave_v3,910.69,879.19,0.0
256,2163,6144,1536,ck,0,0,44.5061,a8w8_blockscale_1x128x128_256x128x128x128_16x16_32x32_2x2_8x32x1_8x32x1_1x32x1x8_8_1x1_intrawave_v3,917.3,883.89,0.0
256,2130,6144,1536,ck,0,0,44.5121,a8w8_blockscale_1x128x128_256x128x128x128_16x16_32x32_2x2_8x32x1_8x32x1_1x32x1x8_8_1x1_intrawave_v3,903.18,873.52,0.0
256,2235,6144,1536,ck,0,0,44.5269,a8w8_blockscale_1x128x128_256x128x128x128_16x16_32x32_2x2_8x32x1_8x32x1_1x32x1x8_8_1x1_intrawave_v3,947.39,905.83,0.0
256,224,9216,7168,ck,12,0,44.5377,a8w8_blockscale_1x128x128_256x32x128x256_16x16_32x32_1x1_16x16x1_16x16x1_1x32x1x8_8_1x1_intrawave_v1,664.49,1612.0,0.0
256,208,9216,7168,ck,12,0,44.5443,a8w8_blockscale_1x128x128_256x32x128x256_16x16_32x32_1x1_16x16x1_16x16x1_1x32x1x8_8_1x1_intrawave_v1,616.94,1602.56,0.0
256,3692,8192,512,ck,0,0,44.5695,a8w8_blockscale_1x128x128_256x128x128x128_16x16_32x32_2x2_8x32x1_8x32x1_1x32x1x8_8_1x1_intrawave_v3,694.89,1493.72,0.0
256,2250,6144,1536,ck,0,0,44.5764,a8w8_blockscale_1x128x128_256x128x128x128_16x16_32x32_2x2_8x32x1_8x32x1_1x32x1x8_8_1x1_intrawave_v3,952.69,909.48,0.0
256,3627,8192,512,ck,0,0,44.5857,a8w8_blockscale_1x128x128_256x128x128x128_16x16_32x32_2x2_8x32x1_8x32x1_1x32x1x8_8_1x1_intrawave_v3,682.4,1468.54,0.0
256,3585,8192,512,ck,18,0,44.5891,a8w8_blockscale_1x128x128_256x64x64x256_16x16_32x32_1x1_16x16x1_16x16x1_1x32x1x8_8_1x1_intrawave_v1,674.45,1452.52,0.0
256,2304,6144,1536,ck,0,0,44.5987,a8w8_blockscale_1x128x128_256x128x128x128_16x16_32x32_2x2_8x32x1_8x32x1_1x32x1x8_8_1x1_intrawave_v3,975.06,925.76,0.0
256,1590,8192,1536,ck,0,0,44.6015,a8w8_blockscale_1x128x128_256x128x128x128_16x16_32x32_2x2_8x32x1_8x32x1_1x32x1x8_8_1x1_intrawave_v3,897.14,920.95,0.0
256,2086,6144,1536,ck,0,0,44.6309,a8w8_blockscale_1x128x128_256x128x128x128_16x16_32x32_2x2_8x32x1_8x32x1_1x32x1x8_8_1x1_intrawave_v3,882.17,857.57,0.0
256,3620,8192,512,ck,0,0,44.6322,a8w8_blockscale_1x128x128_256x128x128x128_16x16_32x32_2x2_8x32x1_8x32x1_1x32x1x8_8_1x1_intrawave_v3,680.38,1464.36,0.0
256,2186,6144,1536,ck,0,0,44.6992,a8w8_blockscale_1x128x128_256x128x128x128_16x16_32x32_2x2_8x32x1_8x32x1_1x32x1x8_8_1x1_intrawave_v3,923.04,887.18,0.0
256,2187,6144,1536,ck,0,0,44.8148,a8w8_blockscale_1x128x128_256x128x128x128_16x16_32x32_2x2_8x32x1_8x32x1_1x32x1x8_8_1x1_intrawave_v3,921.09,885.2,0.0
256,2249,6144,1536,ck,0,0,44.8436,a8w8_blockscale_1x128x128_256x128x128x128_16x16_32x32_2x2_8x32x1_8x32x1_1x32x1x8_8_1x1_intrawave_v3,946.59,903.75,0.0
256,2248,6144,1536,ck,0,0,44.8682,a8w8_blockscale_1x128x128_256x128x128x128_16x16_32x32_2x2_8x32x1_8x32x1_1x32x1x8_8_1x1_intrawave_v3,945.65,902.95,0.0
256,3840,8192,512,ck,0,0,44.8747,a8w8_blockscale_1x128x128_256x128x128x128_16x16_32x32_2x2_8x32x1_8x32x1_1x32x1x8_8_1x1_intrawave_v3,717.83,1539.28,0.0
256,2219,6144,1536,ck,0,0,44.9322,a8w8_blockscale_1x128x128_256x128x128x128_16x16_32x32_2x2_8x32x1_8x32x1_1x32x1x8_8_1x1_intrawave_v3,932.12,892.74,0.0
256,2207,6144,1536,ck,0,0,44.9397,a8w8_blockscale_1x128x128_256x128x128x128_16x16_32x32_2x2_8x32x1_8x32x1_1x32x1x8_8_1x1_intrawave_v3,926.92,888.9,0.0
256,2216,6144,1536,ck,0,0,44.9429,a8w8_blockscale_1x128x128_256x128x128x128_16x16_32x32_2x2_8x32x1_8x32x1_1x32x1x8_8_1x1_intrawave_v3,930.64,891.6,0.0
256,2109,6144,1536,ck,0,0,44.9514,a8w8_blockscale_1x128x128_256x128x128x128_16x16_32x32_2x2_8x32x1_8x32x1_1x32x1x8_8_1x1_intrawave_v3,885.54,858.53,0.0
256,2189,6144,1536,ck,0,0,44.981,a8w8_blockscale_1x128x128_256x128x128x128_16x16_32x32_2x2_8x32x1_8x32x1_1x32x1x8_8_1x1_intrawave_v3,918.52,882.55,0.0
256,1685,8192,1536,ck,0,0,44.9874,a8w8_blockscale_1x128x128_256x128x128x128_16x16_32x32_2x2_8x32x1_8x32x1_1x32x1x8_8_1x1_intrawave_v3,942.58,950.89,0.0
256,2185,6144,1536,ck,0,0,45.0092,a8w8_blockscale_1x128x128_256x128x128x128_16x16_32x32_2x2_8x32x1_8x32x1_1x32x1x8_8_1x1_intrawave_v3,916.27,880.77,0.0
256,2357,6144,1536,ck,0,0,45.0595,a8w8_blockscale_1x128x128_256x128x128x128_16x16_32x32_2x2_8x32x1_8x32x1_1x32x1x8_8_1x1_intrawave_v3,987.29,932.55,0.0
256,2251,6144,1536,ck,0,0,45.109,a8w8_blockscale_1x128x128_256x128x128x128_16x16_32x32_2x2_8x32x1_8x32x1_1x32x1x8_8_1x1_intrawave_v3,941.86,899.04,0.0
256,3757,8192,512,ck,0,0,45.138,a8w8_blockscale_1x128x128_256x128x128x128_16x16_32x32_2x2_8x32x1_8x32x1_1x32x1x8_8_1x1_intrawave_v3,698.21,1499.24,0.0
256,2218,6144,1536,ck,0,0,45.1422,a8w8_blockscale_1x128x128_256x128x128x128_16x16_32x32_2x2_8x32x1_8x32x1_1x32x1x8_8_1x1_intrawave_v3,927.37,888.28,0.0
256,2226,6144,1536,ck,0,0,45.1822,a8w8_blockscale_1x128x128_256x128x128x128_16x16_32x32_2x2_8x32x1_8x32x1_1x32x1x8_8_1x1_intrawave_v3,929.89,889.94,0.0
256,2188,6144,1536,ck,0,0,45.2066,a8w8_blockscale_1x128x128_256x128x128x128_16x16_32x32_2x2_8x32x1_8x32x1_1x32x1x8_8_1x1_intrawave_v3,913.52,877.84,0.0
256,3743,8192,512,ck,0,0,45.251,a8w8_blockscale_1x128x128_256x128x128x128_16x16_32x32_2x2_8x32x1_8x32x1_1x32x1x8_8_1x1_intrawave_v3,693.88,1490.27,0.0
256,3817,8192,512,ck,0,0,45.27,a8w8_blockscale_1x128x128_256x128x128x128_16x16_32x32_2x2_8x32x1_8x32x1_1x32x1x8_8_1x1_intrawave_v3,707.3,1517.26,0.0
256,2252,6144,1536,ck,0,0,45.2798,a8w8_blockscale_1x128x128_256x128x128x128_16x16_32x32_2x2_8x32x1_8x32x1_1x32x1x8_8_1x1_intrawave_v3,938.72,895.96,0.0
256,2247,6144,1536,ck,0,0,45.2963,a8w8_blockscale_1x128x128_256x128x128x128_16x16_32x32_2x2_8x32x1_8x32x1_1x32x1x8_8_1x1_intrawave_v3,936.3,894.11,0.0
256,3784,8192,512,ck,0,0,45.3011,a8w8_blockscale_1x128x128_256x128x128x128_16x16_32x32_2x2_8x32x1_8x32x1_1x32x1x8_8_1x1_intrawave_v3,700.7,1503.91,0.0
256,3802,8192,512,ck,0,0,45.3025,a8w8_blockscale_1x128x128_256x128x128x128_16x16_32x32_2x2_8x32x1_8x32x1_1x32x1x8_8_1x1_intrawave_v3,704.01,1510.58,0.0
256,3720,8192,512,ck,0,0,45.303,a8w8_blockscale_1x128x128_256x128x128x128_16x16_32x32_2x2_8x32x1_8x32x1_1x32x1x8_8_1x1_intrawave_v3,688.82,1479.98,0.0
256,2365,6144,1536,ck,0,0,45.3055,a8w8_blockscale_1x128x128_256x128x128x128_16x16_32x32_2x2_8x32x1_8x32x1_1x32x1x8_8_1x1_intrawave_v3,985.26,929.93,0.0
256,3783,8192,512,ck,0,0,45.3071,a8w8_blockscale_1x128x128_256x128x128x128_16x16_32x32_2x2_8x32x1_8x32x1_1x32x1x8_8_1x1_intrawave_v3,700.42,1503.34,0.0
256,2389,6144,1536,ck,0,0,45.3238,a8w8_blockscale_1x128x128_256x128x128x128_16x16_32x32_2x2_8x32x1_8x32x1_1x32x1x8_8_1x1_intrawave_v3,994.86,936.87,0.0
256,3769,8192,512,ck,0,0,45.3324,a8w8_blockscale_1x128x128_256x128x128x128_16x16_32x32_2x2_8x32x1_8x32x1_1x32x1x8_8_1x1_intrawave_v3,697.44,1497.28,0.0
256,3791,8192,512,ck,0,0,45.3345,a8w8_blockscale_1x128x128_256x128x128x128_16x16_32x32_2x2_8x32x1_8x32x1_1x32x1x8_8_1x1_intrawave_v3,701.48,1505.41,0.0
256,3762,8192,512,ck,0,0,45.3352,a8w8_blockscale_1x128x128_256x128x128x128_16x16_32x32_2x2_8x32x1_8x32x1_1x32x1x8_8_1x1_intrawave_v3,696.1,1494.58,0.0
256,2217,6144,1536,ck,0,0,45.341,a8w8_blockscale_1x128x128_256x128x128x128_16x16_32x32_2x2_8x32x1_8x32x1_1x32x1x8_8_1x1_intrawave_v3,922.88,884.08,0.0
256,3793,8192,512,ck,0,0,45.3435,a8w8_blockscale_1x128x128_256x128x128x128_16x16_32x32_2x2_8x32x1_8x32x1_1x32x1x8_8_1x1_intrawave_v3,701.71,1505.86,0.0
256,3761,8192,512,ck,18,0,45.3831,a8w8_blockscale_1x128x128_256x64x64x256_16x16_32x32_1x1_16x16x1_16x16x1_1x32x1x8_8_1x1_intrawave_v1,695.18,1492.63,0.0
256,3809,8192,512,ck,0,0,45.4074,a8w8_blockscale_1x128x128_256x128x128x128_16x16_32x32_2x2_8x32x1_8x32x1_1x32x1x8_8_1x1_intrawave_v3,703.68,1509.69,0.0
256,3779,8192,512,ck,0,0,45.4133,a8w8_blockscale_1x128x128_256x128x128x128_16x16_32x32_2x2_8x32x1_8x32x1_1x32x1x8_8_1x1_intrawave_v3,698.05,1498.33,0.0
256,3820,8192,512,ck,0,0,45.4135,a8w8_blockscale_1x128x128_256x128x128x128_16x16_32x32_2x2_8x32x1_8x32x1_1x32x1x8_8_1x1_intrawave_v3,705.62,1513.58,0.0
256,3822,8192,512,ck,0,0,45.4187,a8w8_blockscale_1x128x128_256x128x128x128_16x16_32x32_2x2_8x32x1_8x32x1_1x32x1x8_8_1x1_intrawave_v3,705.9,1514.15,0.0
256,3718,8192,512,ck,0,0,45.4297,a8w8_blockscale_1x128x128_256x128x128x128_16x16_32x32_2x2_8x32x1_8x32x1_1x32x1x8_8_1x1_intrawave_v3,686.53,1475.11,0.0
256,3734,8192,512,ck,18,0,45.4315,a8w8_blockscale_1x128x128_256x64x64x256_16x16_32x32_1x1_16x16x1_16x16x1_1x32x1x8_8_1x1_intrawave_v1,689.46,1481.0,0.0
256,3750,8192,512,ck,0,0,45.4331,a8w8_blockscale_1x128x128_256x128x128x128_16x16_32x32_2x2_8x32x1_8x32x1_1x32x1x8_8_1x1_intrawave_v3,692.39,1486.9,0.0
256,3759,8192,512,ck,0,0,45.4349,a8w8_blockscale_1x128x128_256x128x128x128_16x16_32x32_2x2_8x32x1_8x32x1_1x32x1x8_8_1x1_intrawave_v3,694.02,1490.18,0.0
256,2254,6144,1536,ck,0,0,45.4362,a8w8_blockscale_1x128x128_256x128x128x128_16x16_32x32_2x2_8x32x1_8x32x1_1x32x1x8_8_1x1_intrawave_v3,936.32,893.48,0.0
256,3834,8192,512,ck,0,0,45.4375,a8w8_blockscale_1x128x128_256x128x128x128_16x16_32x32_2x2_8x32x1_8x32x1_1x32x1x8_8_1x1_intrawave_v3,707.83,1517.99,0.0
256,3788,8192,512,ck,0,0,45.4547,a8w8_blockscale_1x128x128_256x128x128x128_16x16_32x32_2x2_8x32x1_8x32x1_1x32x1x8_8_1x1_intrawave_v3,699.07,1500.31,0.0
256,3733,8192,512,ck,0,0,45.4582,a8w8_blockscale_1x128x128_256x128x128x128_16x16_32x32_2x2_8x32x1_8x32x1_1x32x1x8_8_1x1_intrawave_v3,688.87,1479.76,0.0
256,3781,8192,512,ck,0,0,45.4587,a8w8_blockscale_1x128x128_256x128x128x128_16x16_32x32_2x2_8x32x1_8x32x1_1x32x1x8_8_1x1_intrawave_v3,697.72,1497.58,0.0
256,3782,8192,512,ck,0,0,45.4595,a8w8_blockscale_1x128x128_256x128x128x128_16x16_32x32_2x2_8x32x1_8x32x1_1x32x1x8_8_1x1_intrawave_v3,697.89,1497.93,0.0
256,3719,8192,512,ck,0,0,45.4607,a8w8_blockscale_1x128x128_256x128x128x128_16x16_32x32_2x2_8x32x1_8x32x1_1x32x1x8_8_1x1_intrawave_v3,686.25,1474.47,0.0
256,1718,8192,1536,ck,0,0,45.4673,a8w8_blockscale_1x128x128_256x128x128x128_16x16_32x32_2x2_8x32x1_8x32x1_1x32x1x8_8_1x1_intrawave_v3,950.9,953.86,0.0
256,3771,8192,512,ck,0,0,45.5007,a8w8_blockscale_1x128x128_256x128x128x128_16x16_32x32_2x2_8x32x1_8x32x1_1x32x1x8_8_1x1_intrawave_v3,695.23,1492.49,0.0
256,3758,8192,512,ck,0,0,45.5059,a8w8_blockscale_1x128x128_256x128x128x128_16x16_32x32_2x2_8x32x1_8x32x1_1x32x1x8_8_1x1_intrawave_v3,692.75,1487.49,0.0
256,3831,8192,512,ck,0,0,45.5059,a8w8_blockscale_1x128x128_256x128x128x128_16x16_32x32_2x2_8x32x1_8x32x1_1x32x1x8_8_1x1_intrawave_v3,706.21,1514.59,0.0
256,3727,8192,512,ck,0,0,45.524,a8w8_blockscale_1x128x128_256x128x128x128_16x16_32x32_2x2_8x32x1_8x32x1_1x32x1x8_8_1x1_intrawave_v3,686.77,1475.39,0.0
256,3821,8192,512,ck,0,0,45.5645,a8w8_blockscale_1x128x128_256x128x128x128_16x16_32x32_2x2_8x32x1_8x32x1_1x32x1x8_8_1x1_intrawave_v3,703.46,1508.94,0.0
256,3765,8192,512,ck,0,0,45.5667,a8w8_blockscale_1x128x128_256x128x128x128_16x16_32x32_2x2_8x32x1_8x32x1_1x32x1x8_8_1x1_intrawave_v3,693.12,1488.1,0.0
256,3716,8192,512,ck,0,0,45.5938,a8w8_blockscale_1x128x128_256x128x128x128_16x16_32x32_2x2_8x32x1_8x32x1_1x32x1x8_8_1x1_intrawave_v3,683.69,1469.06,0.0
256,2414,6144,1536,ck,0,0,45.6015,a8w8_blockscale_1x128x128_256x128x128x128_16x16_32x32_2x2_8x32x1_8x32x1_1x32x1x8_8_1x1_intrawave_v3,999.15,938.75,0.0
256,3786,8192,512,ck,0,0,45.6069,a8w8_blockscale_1x128x128_256x128x128x128_16x16_32x32_2x2_8x32x1_8x32x1_1x32x1x8_8_1x1_intrawave_v3,696.37,1494.57,0.0
256,2215,6144,1536,ck,0,0,45.623,a8w8_blockscale_1x128x128_256x128x128x128_16x16_32x32_2x2_8x32x1_8x32x1_1x32x1x8_8_1x1_intrawave_v3,916.35,878.01,0.0
256,2301,6144,1536,ck,0,0,45.6254,a8w8_blockscale_1x128x128_256x128x128x128_16x16_32x32_2x2_8x32x1_8x32x1_1x32x1x8_8_1x1_intrawave_v3,951.88,904.02,0.0
256,3755,8192,512,ck,0,0,45.6277,a8w8_blockscale_1x128x128_256x128x128x128_16x16_32x32_2x2_8x32x1_8x32x1_1x32x1x8_8_1x1_intrawave_v3,690.35,1482.41,0.0
256,3813,8192,512,ck,0,0,45.6357,a8w8_blockscale_1x128x128_256x128x128x128_16x16_32x32_2x2_8x32x1_8x32x1_1x32x1x8_8_1x1_intrawave_v3,700.89,1503.62,0.0
256,2390,6144,1536,ck,0,0,45.6363,a8w8_blockscale_1x128x128_256x128x128x128_16x16_32x32_2x2_8x32x1_8x32x1_1x32x1x8_8_1x1_intrawave_v3,988.46,930.76,0.0
256,1710,8192,1536,ck,0,0,45.6567,a8w8_blockscale_1x128x128_256x128x128x128_16x16_32x32_2x2_8x32x1_8x32x1_1x32x1x8_8_1x1_intrawave_v3,942.55,946.76,0.0
256,3795,8192,512,ck,0,0,45.6641,a8w8_blockscale_1x128x128_256x128x128x128_16x16_32x32_2x2_8x32x1_8x32x1_1x32x1x8_8_1x1_intrawave_v3,697.15,1496.02,0.0
256,3792,8192,512,ck,0,0,45.6711,a8w8_blockscale_1x128x128_256x128x128x128_16x16_32x32_2x2_8x32x1_8x32x1_1x32x1x8_8_1x1_intrawave_v3,696.49,1494.69,0.0
256,3829,8192,512,ck,0,0,45.6787,a8w8_blockscale_1x128x128_256x128x128x128_16x16_32x32_2x2_8x32x1_8x32x1_1x32x1x8_8_1x1_intrawave_v3,703.17,1508.12,0.0
256,3838,8192,512,ck,0,0,45.6851,a8w8_blockscale_1x128x128_256x128x128x128_16x16_32x32_2x2_8x32x1_8x32x1_1x32x1x8_8_1x1_intrawave_v3,704.73,1511.24,0.0
256,2268,6144,1536,ck,0,0,45.7924,a8w8_blockscale_1x128x128_256x128x128x128_16x16_32x32_2x2_8x32x1_8x32x1_1x32x1x8_8_1x1_intrawave_v3,934.81,890.76,0.0
256,3766,8192,512,ck,0,0,45.7982,a8w8_blockscale_1x128x128_256x128x128x128_16x16_32x32_2x2_8x32x1_8x32x1_1x32x1x8_8_1x1_intrawave_v3,689.8,1480.95,0.0
256,3760,8192,512,ck,0,0,45.8473,a8w8_blockscale_1x128x128_256x128x128x128_16x16_32x32_2x2_8x32x1_8x32x1_1x32x1x8_8_1x1_intrawave_v3,687.96,1477.15,0.0
256,3804,8192,512,ck,0,0,45.8675,a8w8_blockscale_1x128x128_256x128x128x128_16x16_32x32_2x2_8x32x1_8x32x1_1x32x1x8_8_1x1_intrawave_v3,695.71,1492.71,0.0
256,3714,8192,512,ck,0,0,45.869,a8w8_blockscale_1x128x128_256x128x128x128_16x16_32x32_2x2_8x32x1_8x32x1_1x32x1x8_8_1x1_intrawave_v3,679.22,1459.51,0.0
256,3790,8192,512,ck,0,0,45.8872,a8w8_blockscale_1x128x128_256x128x128x128_16x16_32x32_2x2_8x32x1_8x32x1_1x32x1x8_8_1x1_intrawave_v3,692.85,1486.91,0.0
256,3777,8192,512,ck,0,0,45.8919,a8w8_blockscale_1x128x128_256x128x128x128_16x16_32x32_2x2_8x32x1_8x32x1_1x32x1x8_8_1x1_intrawave_v3,690.4,1481.97,0.0
256,3811,8192,512,ck,0,0,45.8958,a8w8_blockscale_1x128x128_256x128x128x128_16x16_32x32_2x2_8x32x1_8x32x1_1x32x1x8_8_1x1_intrawave_v3,696.56,1494.36,0.0
256,2512,6144,1536,ck,0,0,45.8967,a8w8_blockscale_1x128x128_256x128x128x128_16x16_32x32_2x2_8x32x1_8x32x1_1x32x1x8_8_1x1_intrawave_v3,1033.02,962.23,0.0
256,3818,8192,512,ck,0,0,45.9026,a8w8_blockscale_1x128x128_256x128x128x128_16x16_32x32_2x2_8x32x1_8x32x1_1x32x1x8_8_1x1_intrawave_v3,697.73,1496.72,0.0
256,3825,8192,512,ck,0,0,45.9129,a8w8_blockscale_1x128x128_256x128x128x128_16x16_32x32_2x2_8x32x1_8x32x1_1x32x1x8_8_1x1_intrawave_v3,698.85,1498.96,0.0
256,3807,8192,512,ck,0,0,45.9466,a8w8_blockscale_1x128x128_256x128x128x128_16x16_32x32_2x2_8x32x1_8x32x1_1x32x1x8_8_1x1_intrawave_v3,695.06,1491.24,0.0
256,2282,6144,1536,ck,0,0,45.9607,a8w8_blockscale_1x128x128_256x128x128x128_16x16_32x32_2x2_8x32x1_8x32x1_1x32x1x8_8_1x1_intrawave_v3,937.13,891.71,0.0
256,2344,6144,1536,ck,0,0,46.0091,a8w8_blockscale_1x128x128_256x128x128x128_16x16_32x32_2x2_8x32x1_8x32x1_1x32x1x8_8_1x1_intrawave_v3,961.58,909.4,0.0
256,3836,8192,512,ck,0,0,46.0183,a8w8_blockscale_1x128x128_256x128x128x128_16x16_32x32_2x2_8x32x1_8x32x1_1x32x1x8_8_1x1_intrawave_v3,699.26,1499.56,0.0
256,2367,6144,1536,ck,0,0,46.0562,a8w8_blockscale_1x128x128_256x128x128x128_16x16_32x32_2x2_8x32x1_8x32x1_1x32x1x8_8_1x1_intrawave_v3,970.02,915.37,0.0
256,2546,6144,1536,ck,0,0,46.1635,a8w8_blockscale_1x128x128_256x128x128x128_16x16_32x32_2x2_8x32x1_8x32x1_1x32x1x8_8_1x1_intrawave_v3,1040.96,966.85,0.0
256,2378,6144,1536,ck,0,0,46.1735,a8w8_blockscale_1x128x128_256x128x128x128_16x16_32x32_2x2_8x32x1_8x32x1_1x32x1x8_8_1x1_intrawave_v3,972.06,916.34,0.0
256,2355,6144,1536,ck,0,0,46.1927,a8w8_blockscale_1x128x128_256x128x128x128_16x16_32x32_2x2_8x32x1_8x32x1_1x32x1x8_8_1x1_intrawave_v3,962.25,909.08,0.0
256,2387,6144,1536,ck,0,0,46.2207,a8w8_blockscale_1x128x128_256x128x128x128_16x16_32x32_2x2_8x32x1_8x32x1_1x32x1x8_8_1x1_intrawave_v3,974.74,918.1,0.0
256,2415,6144,1536,ck,0,0,46.2611,a8w8_blockscale_1x128x128_256x128x128x128_16x16_32x32_2x2_8x32x1_8x32x1_1x32x1x8_8_1x1_intrawave_v3,985.31,925.66,0.0
256,2369,6144,1536,ck,0,0,46.4499,a8w8_blockscale_1x128x128_256x128x128x128_16x16_32x32_2x2_8x32x1_8x32x1_1x32x1x8_8_1x1_intrawave_v3,962.62,908.21,0.0
256,2356,6144,1536,ck,0,0,46.4679,a8w8_blockscale_1x128x128_256x128x128x128_16x16_32x32_2x2_8x32x1_8x32x1_1x32x1x8_8_1x1_intrawave_v3,956.96,903.99,0.0
256,2483,6144,1536,ck,0,0,46.4767,a8w8_blockscale_1x128x128_256x128x128x128_16x16_32x32_2x2_8x32x1_8x32x1_1x32x1x8_8_1x1_intrawave_v3,1008.36,941.59,0.0
256,2368,6144,1536,ck,0,0,46.5235,a8w8_blockscale_1x128x128_256x128x128x128_16x16_32x32_2x2_8x32x1_8x32x1_1x32x1x8_8_1x1_intrawave_v3,960.69,906.48,0.0
256,1816,8192,1536,ck,0,0,46.5526,a8w8_blockscale_1x128x128_256x128x128x128_16x16_32x32_2x2_8x32x1_8x32x1_1x32x1x8_8_1x1_intrawave_v3,981.71,969.35,0.0
256,2461,6144,1536,ck,0,0,46.5891,a8w8_blockscale_1x128x128_256x128x128x128_16x16_32x32_2x2_8x32x1_8x32x1_1x32x1x8_8_1x1_intrawave_v3,997.01,932.79,0.0
256,3968,8192,512,ck,0,0,46.6043,a8w8_blockscale_1x128x128_256x128x128x128_16x16_32x32_2x2_8x32x1_8x32x1_1x32x1x8_8_1x1_intrawave_v3,714.23,1528.56,0.0
256,3863,8192,512,ck,0,0,46.6201,a8w8_blockscale_1x128x128_256x128x128x128_16x16_32x32_2x2_8x32x1_8x32x1_1x32x1x8_8_1x1_intrawave_v3,695.09,1489.99,0.0
256,2403,6144,1536,ck,0,0,46.6279,a8w8_blockscale_1x128x128_256x128x128x128_16x16_32x32_2x2_8x32x1_8x32x1_1x32x1x8_8_1x1_intrawave_v3,972.7,914.82,0.0
256,2412,6144,1536,ck,0,0,46.6299,a8w8_blockscale_1x128x128_256x128x128x128_16x16_32x32_2x2_8x32x1_8x32x1_1x32x1x8_8_1x1_intrawave_v3,976.3,917.45,0.0
256,3878,8192,512,ck,0,0,46.6459,a8w8_blockscale_1x128x128_256x128x128x128_16x16_32x32_2x2_8x32x1_8x32x1_1x32x1x8_8_1x1_intrawave_v3,697.4,1494.6,0.0
256,3785,8192,512,ck,18,0,46.6728,a8w8_blockscale_1x128x128_256x64x64x256_16x16_32x32_1x1_16x16x1_16x16x1_1x32x1x8_8_1x1_intrawave_v1,680.29,1460.07,0.0
256,3890,8192,512,ck,18,0,46.725,a8w8_blockscale_1x128x128_256x64x64x256_16x16_32x32_1x1_16x16x1_16x16x1_1x32x1x8_8_1x1_intrawave_v1,698.38,1496.41,0.0
256,2515,6144,1536,ck,0,0,46.7415,a8w8_blockscale_1x128x128_256x128x128x128_16x16_32x32_2x2_8x32x1_8x32x1_1x32x1x8_8_1x1_intrawave_v3,1015.57,945.72,0.0
256,2443,6144,1536,ck,0,0,46.7459,a8w8_blockscale_1x128x128_256x128x128x128_16x16_32x32_2x2_8x32x1_8x32x1_1x32x1x8_8_1x1_intrawave_v3,986.4,924.34,0.0
256,2440,6144,1536,ck,0,0,46.7531,a8w8_blockscale_1x128x128_256x128x128x128_16x16_32x32_2x2_8x32x1_8x32x1_1x32x1x8_8_1x1_intrawave_v3,985.04,923.31,0.0
256,3843,8192,512,ck,0,0,46.7555,a8w8_blockscale_1x128x128_256x128x128x128_16x16_32x32_2x2_8x32x1_8x32x1_1x32x1x8_8_1x1_intrawave_v3,689.49,1478.45,0.0
256,1808,8192,1536,ck,0,0,46.7608,a8w8_blockscale_1x128x128_256x128x128x128_16x16_32x32_2x2_8x32x1_8x32x1_1x32x1x8_8_1x1_intrawave_v3,973.03,961.97,0.0
256,2464,6144,1536,ck,0,0,46.8003,a8w8_blockscale_1x128x128_256x128x128x128_16x16_32x32_2x2_8x32x1_8x32x1_1x32x1x8_8_1x1_intrawave_v3,993.72,929.47,0.0
256,3887,8192,512,ck,0,0,46.8362,a8w8_blockscale_1x128x128_256x128x128x128_16x16_32x32_2x2_8x32x1_8x32x1_1x32x1x8_8_1x1_intrawave_v3,696.18,1491.77,0.0
256,3870,8192,512,ck,18,0,46.8415,a8w8_blockscale_1x128x128_256x64x64x256_16x16_32x32_1x1_16x16x1_16x16x1_1x32x1x8_8_1x1_intrawave_v1,693.06,1485.47,0.0
256,2459,6144,1536,ck,0,0,46.8511,a8w8_blockscale_1x128x128_256x128x128x128_16x16_32x32_2x2_8x32x1_8x32x1_1x32x1x8_8_1x1_intrawave_v3,990.63,926.99,0.0
256,2548,6144,1536,ck,0,0,46.8855,a8w8_blockscale_1x128x128_256x128x128x128_16x16_32x32_2x2_8x32x1_8x32x1_1x32x1x8_8_1x1_intrawave_v3,1025.73,952.55,0.0
256,3919,8192,512,ck,0,0,46.9126,a8w8_blockscale_1x128x128_256x128x128x128_16x16_32x32_2x2_8x32x1_8x32x1_1x32x1x8_8_1x1_intrawave_v3,700.77,1500.87,0.0
256,2445,6144,1536,ck,0,0,46.9167,a8w8_blockscale_1x128x128_256x128x128x128_16x16_32x32_2x2_8x32x1_8x32x1_1x32x1x8_8_1x1_intrawave_v3,983.61,921.57,0.0
256,3882,8192,512,ck,18,0,46.9183,a8w8_blockscale_1x128x128_256x64x64x256_16x16_32x32_1x1_16x16x1_16x16x1_1x32x1x8_8_1x1_intrawave_v1,694.07,1487.36,0.0
256,3855,8192,512,ck,18,0,46.9478,a8w8_blockscale_1x128x128_256x64x64x256_16x16_32x32_1x1_16x16x1_16x16x1_1x32x1x8_8_1x1_intrawave_v1,688.81,1476.71,0.0
256,3841,8192,512,ck,18,0,46.9914,a8w8_blockscale_1x128x128_256x64x64x256_16x16_32x32_1x1_16x16x1_16x16x1_1x32x1x8_8_1x1_intrawave_v1,685.67,1470.31,0.0
256,3860,8192,512,ck,0,0,46.9926,a8w8_blockscale_1x128x128_256x128x128x128_16x16_32x32_2x2_8x32x1_8x32x1_1x32x1x8_8_1x1_intrawave_v3,689.05,1477.1,0.0
256,3921,8192,512,ck,0,0,47.0071,a8w8_blockscale_1x128x128_256x128x128x128_16x16_32x32_2x2_8x32x1_8x32x1_1x32x1x8_8_1x1_intrawave_v3,699.72,1498.57,0.0
256,3935,8192,512,ck,0,0,47.0131,a8w8_blockscale_1x128x128_256x128x128x128_16x16_32x32_2x2_8x32x1_8x32x1_1x32x1x8_8_1x1_intrawave_v3,702.13,1503.41,0.0
256,3909,8192,512,ck,18,0,47.0271,a8w8_blockscale_1x128x128_256x64x64x256_16x16_32x32_1x1_16x16x1_16x16x1_1x32x1x8_8_1x1_intrawave_v1,697.28,1493.62,0.0
256,3858,8192,512,ck,0,0,47.0398,a8w8_blockscale_1x128x128_256x128x128x128_16x16_32x32_2x2_8x32x1_8x32x1_1x32x1x8_8_1x1_intrawave_v3,688.0,1474.9,0.0
256,3914,8192,512,ck,0,0,47.0399,a8w8_blockscale_1x128x128_256x128x128x128_16x16_32x32_2x2_8x32x1_8x32x1_1x32x1x8_8_1x1_intrawave_v3,697.98,1495.01,0.0
256,3947,8192,512,ck,0,0,47.0697,a8w8_blockscale_1x128x128_256x128x128x128_16x16_32x32_2x2_8x32x1_8x32x1_1x32x1x8_8_1x1_intrawave_v3,703.42,1505.91,0.0
256,3888,8192,512,ck,0,0,47.0718,a8w8_blockscale_1x128x128_256x128x128x128_16x16_32x32_2x2_8x32x1_8x32x1_1x32x1x8_8_1x1_intrawave_v3,692.88,1484.67,0.0
256,2441,6144,1536,ck,0,0,47.0762,a8w8_blockscale_1x128x128_256x128x128x128_16x16_32x32_2x2_8x32x1_8x32x1_1x32x1x8_8_1x1_intrawave_v3,978.68,917.27,0.0
256,3926,8192,512,ck,0,0,47.0807,a8w8_blockscale_1x128x128_256x128x128x128_16x16_32x32_2x2_8x32x1_8x32x1_1x32x1x8_8_1x1_intrawave_v3,699.52,1498.02,0.0
256,3848,8192,512,ck,0,0,47.0956,a8w8_blockscale_1x128x128_256x128x128x128_16x16_32x32_2x2_8x32x1_8x32x1_1x32x1x8_8_1x1_intrawave_v3,685.4,1469.57,0.0
256,2529,6144,1536,ck,0,0,47.1031,a8w8_blockscale_1x128x128_256x128x128x128_16x16_32x32_2x2_8x32x1_8x32x1_1x32x1x8_8_1x1_intrawave_v3,1013.38,942.57,0.0
256,3964,8192,512,ck,0,0,47.1187,a8w8_blockscale_1x128x128_256x128x128x128_16x16_32x32_2x2_8x32x1_8x32x1_1x32x1x8_8_1x1_intrawave_v3,705.72,1510.44,0.0
256,3842,8192,512,ck,0,0,47.1282,a8w8_blockscale_1x128x128_256x128x128x128_16x16_32x32_2x2_8x32x1_8x32x1_1x32x1x8_8_1x1_intrawave_v3,683.86,1466.4,0.0
256,1817,8192,1536,ck,0,0,47.1333,a8w8_blockscale_1x128x128_256x128x128x128_16x16_32x32_2x2_8x32x1_8x32x1_1x32x1x8_8_1x1_intrawave_v3,970.15,957.78,0.0
256,2358,6144,1536,ck,0,0,47.1647,a8w8_blockscale_1x128x128_256x128x128x128_16x16_32x32_2x2_8x32x1_8x32x1_1x32x1x8_8_1x1_intrawave_v3,943.62,891.22,0.0
256,2595,6144,1536,ck,0,0,47.1707,a8w8_blockscale_1x128x128_256x128x128x128_16x16_32x32_2x2_8x32x1_8x32x1_1x32x1x8_8_1x1_intrawave_v3,1038.33,960.56,0.0
256,3944,8192,512,ck,0,0,47.1785,a8w8_blockscale_1x128x128_256x128x128x128_16x16_32x32_2x2_8x32x1_8x32x1_1x32x1x8_8_1x1_intrawave_v3,701.27,1501.36,0.0
256,3849,8192,512,ck,0,0,47.1865,a8w8_blockscale_1x128x128_256x128x128x128_16x16_32x32_2x2_8x32x1_8x32x1_1x32x1x8_8_1x1_intrawave_v3,684.26,1467.09,0.0
256,2532,6144,1536,ck,0,0,47.1987,a8w8_blockscale_1x128x128_256x128x128x128_16x16_32x32_2x2_8x32x1_8x32x1_1x32x1x8_8_1x1_intrawave_v3,1012.53,941.54,0.0
256,3912,8192,512,ck,0,0,47.2011,a8w8_blockscale_1x128x128_256x128x128x128_16x16_32x32_2x2_8x32x1_8x32x1_1x32x1x8_8_1x1_intrawave_v3,695.24,1489.19,0.0
256,3923,8192,512,ck,0,0,47.2063,a8w8_blockscale_1x128x128_256x128x128x128_16x16_32x32_2x2_8x32x1_8x32x1_1x32x1x8_8_1x1_intrawave_v3,697.12,1492.96,0.0
256,3925,8192,512,ck,0,0,47.2096,a8w8_blockscale_1x128x128_256x128x128x128_16x16_32x32_2x2_8x32x1_8x32x1_1x32x1x8_8_1x1_intrawave_v3,697.43,1493.58,0.0
256,3861,8192,512,ck,0,0,47.2283,a8w8_blockscale_1x128x128_256x128x128x128_16x16_32x32_2x2_8x32x1_8x32x1_1x32x1x8_8_1x1_intrawave_v3,685.78,1470.09,0.0
256,3877,8192,512,ck,0,0,47.251,a8w8_blockscale_1x128x128_256x128x128x128_16x16_32x32_2x2_8x32x1_8x32x1_1x32x1x8_8_1x1_intrawave_v3,688.3,1475.1,0.0
256,3955,8192,512,ck,0,0,47.2679,a8w8_blockscale_1x128x128_256x128x128x128_16x16_32x32_2x2_8x32x1_8x32x1_1x32x1x8_8_1x1_intrawave_v3,701.89,1502.46,0.0
256,3924,8192,512,ck,0,0,47.2811,a8w8_blockscale_1x128x128_256x128x128x128_16x16_32x32_2x2_8x32x1_8x32x1_1x32x1x8_8_1x1_intrawave_v3,696.2,1490.96,0.0
256,2534,6144,1536,ck,0,0,47.2827,a8w8_blockscale_1x128x128_256x128x128x128_16x16_32x32_2x2_8x32x1_8x32x1_1x32x1x8_8_1x1_intrawave_v3,1011.53,940.45,0.0
256,3866,8192,512,ck,0,0,47.2962,a8w8_blockscale_1x128x128_256x128x128x128_16x16_32x32_2x2_8x32x1_8x32x1_1x32x1x8_8_1x1_intrawave_v3,685.69,1469.76,0.0
256,3871,8192,512,ck,0,0,47.3044,a8w8_blockscale_1x128x128_256x128x128x128_16x16_32x32_2x2_8x32x1_8x32x1_1x32x1x8_8_1x1_intrawave_v3,686.45,1471.29,0.0
256,3901,8192,512,ck,0,0,47.3195,a8w8_blockscale_1x128x128_256x128x128x128_16x16_32x32_2x2_8x32x1_8x32x1_1x32x1x8_8_1x1_intrawave_v3,691.55,1481.54,0.0
256,3936,8192,512,ck,0,0,47.3227,a8w8_blockscale_1x128x128_256x128x128x128_16x16_32x32_2x2_8x32x1_8x32x1_1x32x1x8_8_1x1_intrawave_v3,697.71,1493.93,0.0
256,2544,6144,1536,ck,0,0,47.3235,a8w8_blockscale_1x128x128_256x128x128x128_16x16_32x32_2x2_8x32x1_8x32x1_1x32x1x8_8_1x1_intrawave_v3,1014.64,942.56,0.0
256,2594,6144,1536,ck,0,0,47.3287,a8w8_blockscale_1x128x128_256x128x128x128_16x16_32x32_2x2_8x32x1_8x32x1_1x32x1x8_8_1x1_intrawave_v3,1034.47,957.06,0.0
256,2593,6144,1536,ck,0,0,47.3371,a8w8_blockscale_1x128x128_256x128x128x128_16x16_32x32_2x2_8x32x1_8x32x1_1x32x1x8_8_1x1_intrawave_v3,1033.89,956.6,0.0
256,2597,6144,1536,ck,0,0,47.3387,a8w8_blockscale_1x128x128_256x128x128x128_16x16_32x32_2x2_8x32x1_8x32x1_1x32x1x8_8_1x1_intrawave_v3,1035.45,957.74,0.0
256,3879,8192,512,ck,0,0,47.3427,a8w8_blockscale_1x128x128_256x128x128x128_16x16_32x32_2x2_8x32x1_8x32x1_1x32x1x8_8_1x1_intrawave_v3,687.32,1472.96,0.0
256,3928,8192,512,ck,0,0,47.3531,a8w8_blockscale_1x128x128_256x128x128x128_16x16_32x32_2x2_8x32x1_8x32x1_1x32x1x8_8_1x1_intrawave_v3,695.85,1490.12,0.0
256,3916,8192,512,ck,0,0,47.3555,a8w8_blockscale_1x128x128_256x128x128x128_16x16_32x32_2x2_8x32x1_8x32x1_1x32x1x8_8_1x1_intrawave_v3,693.68,1485.76,0.0
256,3967,8192,512,ck,0,0,47.3817,a8w8_blockscale_1x128x128_256x128x128x128_16x16_32x32_2x2_8x32x1_8x32x1_1x32x1x8_8_1x1_intrawave_v3,702.33,1503.13,0.0
256,3958,8192,512,ck,0,0,47.4419,a8w8_blockscale_1x128x128_256x128x128x128_16x16_32x32_2x2_8x32x1_8x32x1_1x32x1x8_8_1x1_intrawave_v3,699.85,1498.01,0.0
256,2444,6144,1536,ck,0,0,47.4611,a8w8_blockscale_1x128x128_256x128x128x128_16x16_32x32_2x2_8x32x1_8x32x1_1x32x1x8_8_1x1_intrawave_v3,971.93,910.7,0.0
256,3922,8192,512,ck,0,0,47.4684,a8w8_blockscale_1x128x128_256x128x128x128_16x16_32x32_2x2_8x32x1_8x32x1_1x32x1x8_8_1x1_intrawave_v3,693.1,1484.36,0.0
256,3874,8192,512,ck,0,0,47.4686,a8w8_blockscale_1x128x128_256x128x128x128_16x16_32x32_2x2_8x32x1_8x32x1_1x32x1x8_8_1x1_intrawave_v3,684.61,1467.27,0.0
256,1809,8192,1536,ck,0,0,47.4947,a8w8_blockscale_1x128x128_256x128x128x128_16x16_32x32_2x2_8x32x1_8x32x1_1x32x1x8_8_1x1_intrawave_v3,958.53,947.48,0.0
256,3961,8192,512,ck,0,0,47.5007,a8w8_blockscale_1x128x128_256x128x128x128_16x16_32x32_2x2_8x32x1_8x32x1_1x32x1x8_8_1x1_intrawave_v3,699.51,1497.23,0.0
256,2479,6144,1536,ck,0,0,47.5031,a8w8_blockscale_1x128x128_256x128x128x128_16x16_32x32_2x2_8x32x1_8x32x1_1x32x1x8_8_1x1_intrawave_v3,984.98,920.08,0.0
256,3913,8192,512,ck,0,0,47.5127,a8w8_blockscale_1x128x128_256x128x128x128_16x16_32x32_2x2_8x32x1_8x32x1_1x32x1x8_8_1x1_intrawave_v3,690.86,1479.78,0.0
256,3950,8192,512,ck,0,0,47.5671,a8w8_blockscale_1x128x128_256x128x128x128_16x16_32x32_2x2_8x32x1_8x32x1_1x32x1x8_8_1x1_intrawave_v3,696.59,1491.23,0.0
256,3946,8192,512,ck,0,0,47.5683,a8w8_blockscale_1x128x128_256x128x128x128_16x16_32x32_2x2_8x32x1_8x32x1_1x32x1x8_8_1x1_intrawave_v3,695.87,1489.77,0.0
256,3899,8192,512,ck,0,0,47.5715,a8w8_blockscale_1x128x128_256x128x128x128_16x16_32x32_2x2_8x32x1_8x32x1_1x32x1x8_8_1x1_intrawave_v3,687.54,1472.98,0.0
256,3930,8192,512,ck,0,0,47.5862,a8w8_blockscale_1x128x128_256x128x128x128_16x16_32x32_2x2_8x32x1_8x32x1_1x32x1x8_8_1x1_intrawave_v3,692.79,1483.53,0.0
256,3885,8192,512,ck,0,0,47.6056,a8w8_blockscale_1x128x128_256x128x128x128_16x16_32x32_2x2_8x32x1_8x32x1_1x32x1x8_8_1x1_intrawave_v3,684.58,1466.95,0.0
256,2596,6144,1536,ck,0,0,47.6075,a8w8_blockscale_1x128x128_256x128x128x128_16x16_32x32_2x2_8x32x1_8x32x1_1x32x1x8_8_1x1_intrawave_v3,1029.2,952.04,0.0
256,3904,8192,512,ck,0,0,47.6181,a8w8_blockscale_1x128x128_256x128x128x128_16x16_32x32_2x2_8x32x1_8x32x1_1x32x1x8_8_1x1_intrawave_v3,687.75,1473.31,0.0
256,3876,8192,512,ck,0,0,47.6243,a8w8_blockscale_1x128x128_256x128x128x128_16x16_32x32_2x2_8x32x1_8x32x1_1x32x1x8_8_1x1_intrawave_v3,682.72,1463.19,0.0
256,2486,6144,1536,ck,0,0,47.6327,a8w8_blockscale_1x128x128_256x128x128x128_16x16_32x32_2x2_8x32x1_8x32x1_1x32x1x8_8_1x1_intrawave_v3,985.07,919.61,0.0
256,1821,8192,1536,ck,0,0,47.6472,a8w8_blockscale_1x128x128_256x128x128x128_16x16_32x32_2x2_8x32x1_8x32x1_1x32x1x8_8_1x1_intrawave_v3,961.8,948.96,0.0
256,3929,8192,512,ck,0,0,47.6539,a8w8_blockscale_1x128x128_256x128x128x128_16x16_32x32_2x2_8x32x1_8x32x1_1x32x1x8_8_1x1_intrawave_v3,691.63,1481.07,0.0
256,3934,8192,512,ck,0,0,47.6945,a8w8_blockscale_1x128x128_256x128x128x128_16x16_32x32_2x2_8x32x1_8x32x1_1x32x1x8_8_1x1_intrawave_v3,691.92,1481.58,0.0
256,3963,8192,512,ck,0,0,47.7263,a8w8_blockscale_1x128x128_256x128x128x128_16x16_32x32_2x2_8x32x1_8x32x1_1x32x1x8_8_1x1_intrawave_v3,696.56,1490.86,0.0
256,3906,8192,512,ck,0,0,47.7431,a8w8_blockscale_1x128x128_256x128x128x128_16x16_32x32_2x2_8x32x1_8x32x1_1x32x1x8_8_1x1_intrawave_v3,686.3,1470.16,0.0
256,2570,6144,1536,ck,0,0,47.8179,a8w8_blockscale_1x128x128_256x128x128x128_16x16_32x32_2x2_8x32x1_8x32x1_1x32x1x8_8_1x1_intrawave_v3,1014.41,940.34,0.0
256,3942,8192,512,ck,0,0,47.8203,a8w8_blockscale_1x128x128_256x128x128x128_16x16_32x32_2x2_8x32x1_8x32x1_1x32x1x8_8_1x1_intrawave_v3,691.5,1480.51,0.0
256,1980,8192,1536,ck,0,0,47.8367,a8w8_blockscale_1x128x128_256x128x128x128_16x16_32x32_2x2_8x32x1_8x32x1_1x32x1x8_8_1x1_intrawave_v3,1041.63,1004.76,0.0
256,2658,6144,1536,ck,0,0,47.9672,a8w8_blockscale_1x128x128_256x128x128x128_16x16_32x32_2x2_8x32x1_8x32x1_1x32x1x8_8_1x1_intrawave_v3,1045.88,962.77,0.0
256,1968,8192,1536,ck,0,0,48.0832,a8w8_blockscale_1x128x128_256x128x128x128_16x16_32x32_2x2_8x32x1_8x32x1_1x32x1x8_8_1x1_intrawave_v3,1030.01,995.14,0.0
256,2568,6144,1536,ck,0,0,48.1975,a8w8_blockscale_1x128x128_256x128x128x128_16x16_32x32_2x2_8x32x1_8x32x1_1x32x1x8_8_1x1_intrawave_v3,1005.64,932.36,0.0
256,2569,6144,1536,ck,0,0,48.2291,a8w8_blockscale_1x128x128_256x128x128x128_16x16_32x32_2x2_8x32x1_8x32x1_1x32x1x8_8_1x1_intrawave_v3,1005.37,932.03,0.0
256,1934,8192,1536,ck,0,0,48.2551,a8w8_blockscale_1x128x128_256x128x128x128_16x16_32x32_2x2_8x32x1_8x32x1_1x32x1x8_8_1x1_intrawave_v3,1008.61,978.97,0.0
256,3969,8192,512,ck,18,0,48.3055,a8w8_blockscale_1x128x128_256x64x64x256_16x16_32x32_1x1_16x16x1_16x16x1_1x32x1x8_8_1x1_intrawave_v1,689.25,1475.08,0.0
256,3976,8192,512,ck,18,0,48.3507,a8w8_blockscale_1x128x128_256x64x64x256_16x16_32x32_1x1_16x16x1_16x16x1_1x32x1x8_8_1x1_intrawave_v1,689.82,1476.15,0.0
256,1991,8192,1536,ck,0,0,48.3532,a8w8_blockscale_1x128x128_256x128x128x128_16x16_32x32_2x2_8x32x1_8x32x1_1x32x1x8_8_1x1_intrawave_v3,1036.23,998.11,0.0
256,2567,6144,1536,ck,0,0,48.3826,a8w8_blockscale_1x128x128_256x128x128x128_16x16_32x32_2x2_8x32x1_8x32x1_1x32x1x8_8_1x1_intrawave_v3,1001.4,928.5,0.0
256,232,9216,7168,ck,18,0,48.461,a8w8_blockscale_1x128x128_256x64x64x256_16x16_32x32_1x1_16x16x1_16x16x1_1x32x1x8_8_1x1_intrawave_v1,632.51,1485.72,0.0
256,3981,8192,512,ck,0,0,48.5447,a8w8_blockscale_1x128x128_256x128x128x128_16x16_32x32_2x2_8x32x1_8x32x1_1x32x1x8_8_1x1_intrawave_v3,687.92,1471.99,0.0
256,2032,8192,1536,ck,0,0,48.548,a8w8_blockscale_1x128x128_256x128x128x128_16x16_32x32_2x2_8x32x1_8x32x1_1x32x1x8_8_1x1_intrawave_v3,1053.33,1009.24,0.0
256,3970,8192,512,ck,0,0,48.5655,a8w8_blockscale_1x128x128_256x128x128x128_16x16_32x32_2x2_8x32x1_8x32x1_1x32x1x8_8_1x1_intrawave_v3,685.73,1467.53,0.0
256,2037,8192,1536,ck,0,0,48.5683,a8w8_blockscale_1x128x128_256x128x128x128_16x16_32x32_2x2_8x32x1_8x32x1_1x32x1x8_8_1x1_intrawave_v3,1055.48,1010.66,0.0
256,2012,8192,1536,ck,0,0,48.5696,a8w8_blockscale_1x128x128_256x128x128x128_16x16_32x32_2x2_8x32x1_8x32x1_1x32x1x8_8_1x1_intrawave_v3,1042.5,1001.41,0.0
256,2003,8192,1536,ck,0,0,48.5878,a8w8_blockscale_1x128x128_256x128x128x128_16x16_32x32_2x2_8x32x1_8x32x1_1x32x1x8_8_1x1_intrawave_v3,1037.44,997.71,0.0
256,1944,8192,1536,ck,0,0,48.5964,a8w8_blockscale_1x128x128_256x128x128x128_16x16_32x32_2x2_8x32x1_8x32x1_1x32x1x8_8_1x1_intrawave_v3,1006.71,975.78,0.0
256,4006,8192,512,ck,18,0,48.5987,a8w8_blockscale_1x128x128_256x64x64x256_16x16_32x32_1x1_16x16x1_16x16x1_1x32x1x8_8_1x1_intrawave_v1,691.47,1479.05,0.0
256,2000,8192,1536,ck,0,0,48.6855,a8w8_blockscale_1x128x128_256x128x128x128_16x16_32x32_2x2_8x32x1_8x32x1_1x32x1x8_8_1x1_intrawave_v3,1033.81,994.61,0.0
256,4000,8192,512,ck,0,0,48.6866,a8w8_blockscale_1x128x128_256x128x128x128_16x16_32x32_2x2_8x32x1_8x32x1_1x32x1x8_8_1x1_intrawave_v3,689.19,1474.29,0.0
256,3978,8192,512,ck,18,0,48.7359,a8w8_blockscale_1x128x128_256x64x64x256_16x16_32x32_1x1_16x16x1_16x16x1_1x32x1x8_8_1x1_intrawave_v1,684.71,1465.17,0.0
256,2009,8192,1536,ck,0,0,48.7383,a8w8_blockscale_1x128x128_256x128x128x128_16x16_32x32_2x2_8x32x1_8x32x1_1x32x1x8_8_1x1_intrawave_v3,1037.34,996.84,0.0
256,3972,8192,512,ck,0,0,48.746,a8w8_blockscale_1x128x128_256x128x128x128_16x16_32x32_2x2_8x32x1_8x32x1_1x32x1x8_8_1x1_intrawave_v3,683.53,1462.79,0.0
256,3974,8192,512,ck,0,0,48.7664,a8w8_blockscale_1x128x128_256x128x128x128_16x16_32x32_2x2_8x32x1_8x32x1_1x32x1x8_8_1x1_intrawave_v3,683.59,1462.87,0.0
256,4002,8192,512,ck,18,0,48.7731,a8w8_blockscale_1x128x128_256x64x64x256_16x16_32x32_1x1_16x16x1_16x16x1_1x32x1x8_8_1x1_intrawave_v1,688.31,1472.37,0.0
256,3994,8192,512,ck,0,0,48.7748,a8w8_blockscale_1x128x128_256x128x128x128_16x16_32x32_2x2_8x32x1_8x32x1_1x32x1x8_8_1x1_intrawave_v3,686.91,1469.55,0.0
256,4004,8192,512,ck,18,0,48.7971,a8w8_blockscale_1x128x128_256x64x64x256_16x16_32x32_1x1_16x16x1_16x16x1_1x32x1x8_8_1x1_intrawave_v1,688.32,1472.34,0.0
256,2002,8192,1536,ck,0,0,48.822,a8w8_blockscale_1x128x128_256x128x128x128_16x16_32x32_2x2_8x32x1_8x32x1_1x32x1x8_8_1x1_intrawave_v3,1031.95,992.56,0.0
256,3985,8192,512,ck,0,0,48.8338,a8w8_blockscale_1x128x128_256x128x128x128_16x16_32x32_2x2_8x32x1_8x32x1_1x32x1x8_8_1x1_intrawave_v3,684.54,1464.66,0.0
256,3975,8192,512,ck,0,0,48.8629,a8w8_blockscale_1x128x128_256x128x128x128_16x16_32x32_2x2_8x32x1_8x32x1_1x32x1x8_8_1x1_intrawave_v3,682.41,1460.33,0.0
256,2041,8192,1536,ck,0,0,48.8672,a8w8_blockscale_1x128x128_256x128x128x128_16x16_32x32_2x2_8x32x1_8x32x1_1x32x1x8_8_1x1_intrawave_v3,1051.08,1005.94,0.0
256,3979,8192,512,ck,0,0,48.8702,a8w8_blockscale_1x128x128_256x128x128x128_16x16_32x32_2x2_8x32x1_8x32x1_1x32x1x8_8_1x1_intrawave_v3,683.0,1461.49,0.0
256,2048,8192,1536,ck,0,0,48.934,a8w8_blockscale_1x128x128_256x128x128x128_16x16_32x32_2x2_8x32x1_8x32x1_1x32x1x8_8_1x1_intrawave_v3,1053.25,1007.13,0.0
256,3997,8192,512,ck,18,0,48.9399,a8w8_blockscale_1x128x128_256x64x64x256_16x16_32x32_1x1_16x16x1_16x16x1_1x32x1x8_8_1x1_intrawave_v1,685.11,1465.63,0.0
256,2636,6144,1536,ck,0,0,48.9579,a8w8_blockscale_1x128x128_256x128x128x128_16x16_32x32_2x2_8x32x1_8x32x1_1x32x1x8_8_1x1_intrawave_v3,1016.24,937.08,0.0
256,1987,8192,1536,ck,0,0,48.962,a8w8_blockscale_1x128x128_256x128x128x128_16x16_32x32_2x2_8x32x1_8x32x1_1x32x1x8_8_1x1_intrawave_v3,1021.29,984.23,0.0
256,2011,8192,1536,ck,0,0,48.9768,a8w8_blockscale_1x128x128_256x128x128x128_16x16_32x32_2x2_8x32x1_8x32x1_1x32x1x8_8_1x1_intrawave_v3,1033.32,992.72,0.0
256,1978,8192,1536,ck,0,0,48.9836,a8w8_blockscale_1x128x128_256x128x128x128_16x16_32x32_2x2_8x32x1_8x32x1_1x32x1x8_8_1x1_intrawave_v3,1016.22,980.51,0.0
256,4032,8192,512,ck,0,0,49.0015,a8w8_blockscale_1x128x128_256x128x128x128_16x16_32x32_2x2_8x32x1_8x32x1_1x32x1x8_8_1x1_intrawave_v3,690.24,1475.85,0.0
256,2035,8192,1536,ck,0,0,49.002,a8w8_blockscale_1x128x128_256x128x128x128_16x16_32x32_2x2_8x32x1_8x32x1_1x32x1x8_8_1x1_intrawave_v3,1045.11,1000.98,0.0
256,3988,8192,512,ck,18,0,49.0135,a8w8_blockscale_1x128x128_256x64x64x256_16x16_32x32_1x1_16x16x1_16x16x1_1x32x1x8_8_1x1_intrawave_v1,682.54,1460.32,0.0
256,4023,8192,512,ck,0,0,49.0258,a8w8_blockscale_1x128x128_256x128x128x128_16x16_32x32_2x2_8x32x1_8x32x1_1x32x1x8_8_1x1_intrawave_v3,688.36,1472.02,0.0
256,4010,8192,512,ck,0,0,49.0332,a8w8_blockscale_1x128x128_256x128x128x128_16x16_32x32_2x2_8x32x1_8x32x1_1x32x1x8_8_1x1_intrawave_v3,686.03,1467.32,0.0
256,4007,8192,512,ck,0,0,49.0492,a8w8_blockscale_1x128x128_256x128x128x128_16x16_32x32_2x2_8x32x1_8x32x1_1x32x1x8_8_1x1_intrawave_v3,685.29,1465.81,0.0
256,4021,8192,512,ck,18,0,49.0572,a8w8_blockscale_1x128x128_256x64x64x256_16x16_32x32_1x1_16x16x1_16x16x1_1x32x1x8_8_1x1_intrawave_v1,687.58,1470.39,0.0
256,4005,8192,512,ck,0,0,49.0574,a8w8_blockscale_1x128x128_256x128x128x128_16x16_32x32_2x2_8x32x1_8x32x1_1x32x1x8_8_1x1_intrawave_v3,684.84,1464.87,0.0
256,3973,8192,512,ck,0,0,49.0698,a8w8_blockscale_1x128x128_256x128x128x128_16x16_32x32_2x2_8x32x1_8x32x1_1x32x1x8_8_1x1_intrawave_v3,679.19,1453.48,0.0
256,4012,8192,512,ck,0,0,49.0728,a8w8_blockscale_1x128x128_256x128x128x128_16x16_32x32_2x2_8x32x1_8x32x1_1x32x1x8_8_1x1_intrawave_v3,685.82,1466.82,0.0
256,2004,8192,1536,ck,0,0,49.1359,a8w8_blockscale_1x128x128_256x128x128x128_16x16_32x32_2x2_8x32x1_8x32x1_1x32x1x8_8_1x1_intrawave_v3,1026.38,986.95,0.0
256,2006,8192,1536,ck,0,0,49.1511,a8w8_blockscale_1x128x128_256x128x128x128_16x16_32x32_2x2_8x32x1_8x32x1_1x32x1x8_8_1x1_intrawave_v3,1027.09,987.37,0.0
256,4009,8192,512,ck,0,0,49.1679,a8w8_blockscale_1x128x128_256x128x128x128_16x16_32x32_2x2_8x32x1_8x32x1_1x32x1x8_8_1x1_intrawave_v3,683.98,1462.95,0.0
256,4043,8192,512,ck,0,0,49.1781,a8w8_blockscale_1x128x128_256x128x128x128_16x16_32x32_2x2_8x32x1_8x32x1_1x32x1x8_8_1x1_intrawave_v3,689.64,1474.33,0.0
256,3980,8192,512,ck,0,0,49.1884,a8w8_blockscale_1x128x128_256x128x128x128_16x16_32x32_2x2_8x32x1_8x32x1_1x32x1x8_8_1x1_intrawave_v3,678.75,1452.38,0.0
256,4018,8192,512,ck,0,0,49.1974,a8w8_blockscale_1x128x128_256x128x128x128_16x16_32x32_2x2_8x32x1_8x32x1_1x32x1x8_8_1x1_intrawave_v3,685.11,1465.17,0.0
256,4017,8192,512,ck,0,0,49.2362,a8w8_blockscale_1x128x128_256x128x128x128_16x16_32x32_2x2_8x32x1_8x32x1_1x32x1x8_8_1x1_intrawave_v3,684.4,1463.67,0.0
256,4037,8192,512,ck,0,0,49.2451,a8w8_blockscale_1x128x128_256x128x128x128_16x16_32x32_2x2_8x32x1_8x32x1_1x32x1x8_8_1x1_intrawave_v3,687.68,1470.27,0.0
256,4114,8192,512,ck,0,0,49.3275,a8w8_blockscale_1x128x128_256x128x128x128_16x16_32x32_2x2_8x32x1_8x32x1_1x32x1x8_8_1x1_intrawave_v3,699.62,1494.19,0.0
256,4016,8192,512,ck,0,0,49.3435,a8w8_blockscale_1x128x128_256x128x128x128_16x16_32x32_2x2_8x32x1_8x32x1_1x32x1x8_8_1x1_intrawave_v3,682.74,1460.14,0.0
256,4372,8192,512,ck,0,0,49.3499,a8w8_blockscale_1x128x128_256x128x128x128_16x16_32x32_2x2_8x32x1_8x32x1_1x32x1x8_8_1x1_intrawave_v3,743.16,1581.84,0.0
256,4048,8192,512,ck,0,0,49.3682,a8w8_blockscale_1x128x128_256x128x128x128_16x16_32x32_2x2_8x32x1_8x32x1_1x32x1x8_8_1x1_intrawave_v3,687.83,1470.37,0.0
256,4401,8192,512,ck,0,0,49.3894,a8w8_blockscale_1x128x128_256x128x128x128_16x16_32x32_2x2_8x32x1_8x32x1_1x32x1x8_8_1x1_intrawave_v3,747.49,1590.5,0.0
256,4046,8192,512,ck,0,0,49.3919,a8w8_blockscale_1x128x128_256x128x128x128_16x16_32x32_2x2_8x32x1_8x32x1_1x32x1x8_8_1x1_intrawave_v3,687.16,1468.98,0.0
256,4044,8192,512,ck,0,0,49.3975,a8w8_blockscale_1x128x128_256x128x128x128_16x16_32x32_2x2_8x32x1_8x32x1_1x32x1x8_8_1x1_intrawave_v3,686.75,1468.13,0.0
256,4104,8192,512,ck,0,0,49.4003,a8w8_blockscale_1x128x128_256x128x128x128_16x16_32x32_2x2_8x32x1_8x32x1_1x32x1x8_8_1x1_intrawave_v3,696.9,1488.56,0.0
256,4049,8192,512,ck,0,0,49.4163,a8w8_blockscale_1x128x128_256x128x128x128_16x16_32x32_2x2_8x32x1_8x32x1_1x32x1x8_8_1x1_intrawave_v3,687.33,1469.28,0.0
256,4569,8192,512,ck,0,0,49.4189,a8w8_blockscale_1x128x128_256x128x128x128_16x16_32x32_2x2_8x32x1_8x32x1_1x32x1x8_8_1x1_intrawave_v3,775.56,1646.98,0.0
256,4036,8192,512,ck,0,0,49.4225,a8w8_blockscale_1x128x128_256x128x128x128_16x16_32x32_2x2_8x32x1_8x32x1_1x32x1x8_8_1x1_intrawave_v3,685.04,1464.65,0.0
256,4447,8192,512,ck,0,0,49.4255,a8w8_blockscale_1x128x128_256x128x128x128_16x16_32x32_2x2_8x32x1_8x32x1_1x32x1x8_8_1x1_intrawave_v3,754.75,1605.06,0.0
256,4113,8192,512,ck,18,0,49.4259,a8w8_blockscale_1x128x128_256x64x64x256_16x16_32x32_1x1_16x16x1_16x16x1_1x32x1x8_8_1x1_intrawave_v1,698.06,1490.87,0.0
256,4060,8192,512,ck,18,0,49.4495,a8w8_blockscale_1x128x128_256x64x64x256_16x16_32x32_1x1_16x16x1_16x16x1_1x32x1x8_8_1x1_intrawave_v1,688.74,1472.05,0.0
256,4105,8192,512,ck,0,0,49.4826,a8w8_blockscale_1x128x128_256x128x128x128_16x16_32x32_2x2_8x32x1_8x32x1_1x32x1x8_8_1x1_intrawave_v3,695.91,1486.43,0.0
256,4053,8192,512,ck,0,0,49.4844,a8w8_blockscale_1x128x128_256x128x128x128_16x16_32x32_2x2_8x32x1_8x32x1_1x32x1x8_8_1x1_intrawave_v3,687.07,1468.62,0.0
256,4051,8192,512,ck,0,0,49.4848,a8w8_blockscale_1x128x128_256x128x128x128_16x16_32x32_2x2_8x32x1_8x32x1_1x32x1x8_8_1x1_intrawave_v3,686.72,1467.93,0.0
256,4499,8192,512,ck,0,0,49.4887,a8w8_blockscale_1x128x128_256x128x128x128_16x16_32x32_2x2_8x32x1_8x32x1_1x32x1x8_8_1x1_intrawave_v3,762.61,1620.76,0.0
256,4040,8192,512,ck,0,0,49.5014,a8w8_blockscale_1x128x128_256x128x128x128_16x16_32x32_2x2_8x32x1_8x32x1_1x32x1x8_8_1x1_intrawave_v3,684.63,1463.68,0.0
256,4425,8192,512,ck,0,0,49.5399,a8w8_blockscale_1x128x128_256x128x128x128_16x16_32x32_2x2_8x32x1_8x32x1_1x32x1x8_8_1x1_intrawave_v3,749.29,1593.85,0.0
256,4239,8192,512,ck,0,0,49.5462,a8w8_blockscale_1x128x128_256x128x128x128_16x16_32x32_2x2_8x32x1_8x32x1_1x32x1x8_8_1x1_intrawave_v3,717.7,1530.22,0.0
256,4360,8192,512,ck,0,0,49.5612,a8w8_blockscale_1x128x128_256x128x128x128_16x16_32x32_2x2_8x32x1_8x32x1_1x32x1x8_8_1x1_intrawave_v3,737.96,1571.0,0.0
256,4059,8192,512,ck,0,0,49.5703,a8w8_blockscale_1x128x128_256x128x128x128_16x16_32x32_2x2_8x32x1_8x32x1_1x32x1x8_8_1x1_intrawave_v3,686.89,1468.12,0.0
256,4069,8192,512,ck,0,0,49.5712,a8w8_blockscale_1x128x128_256x128x128x128_16x16_32x32_2x2_8x32x1_8x32x1_1x32x1x8_8_1x1_intrawave_v3,688.57,1471.5,0.0
256,4101,8192,512,ck,0,0,49.5959,a8w8_blockscale_1x128x128_256x128x128x128_16x16_32x32_2x2_8x32x1_8x32x1_1x32x1x8_8_1x1_intrawave_v3,693.64,1481.67,0.0
256,240,9216,7168,ck,18,0,49.6028,a8w8_blockscale_1x128x128_256x64x64x256_16x16_32x32_1x1_16x16x1_16x16x1_1x32x1x8_8_1x1_intrawave_v1,639.26,1455.65,0.0
256,4279,8192,512,ck,0,0,49.6038,a8w8_blockscale_1x128x128_256x128x128x128_16x16_32x32_2x2_8x32x1_8x32x1_1x32x1x8_8_1x1_intrawave_v3,723.63,1542.07,0.0
256,4062,8192,512,ck,0,0,49.6092,a8w8_blockscale_1x128x128_256x128x128x128_16x16_32x32_2x2_8x32x1_8x32x1_1x32x1x8_8_1x1_intrawave_v3,686.86,1467.99,0.0
256,4057,8192,512,ck,0,0,49.6187,a8w8_blockscale_1x128x128_256x128x128x128_16x16_32x32_2x2_8x32x1_8x32x1_1x32x1x8_8_1x1_intrawave_v3,685.88,1466.01,0.0
256,4055,8192,512,ck,0,0,49.6271,a8w8_blockscale_1x128x128_256x128x128x128_16x16_32x32_2x2_8x32x1_8x32x1_1x32x1x8_8_1x1_intrawave_v3,685.43,1465.08,0.0
256,4376,8192,512,ck,0,0,49.6616,a8w8_blockscale_1x128x128_256x128x128x128_16x16_32x32_2x2_8x32x1_8x32x1_1x32x1x8_8_1x1_intrawave_v3,739.17,1573.27,0.0
256,4368,8192,512,ck,0,0,49.6675,a8w8_blockscale_1x128x128_256x128x128x128_16x16_32x32_2x2_8x32x1_8x32x1_1x32x1x8_8_1x1_intrawave_v3,737.73,1570.36,0.0
256,4395,8192,512,ck,0,0,49.6687,a8w8_blockscale_1x128x128_256x128x128x128_16x16_32x32_2x2_8x32x1_8x32x1_1x32x1x8_8_1x1_intrawave_v3,742.28,1579.51,0.0
256,4355,8192,512,ck,0,0,49.6927,a8w8_blockscale_1x128x128_256x128x128x128_16x16_32x32_2x2_8x32x1_8x32x1_1x32x1x8_8_1x1_intrawave_v3,735.17,1565.15,0.0
256,4570,8192,512,ck,0,0,49.7158,a8w8_blockscale_1x128x128_256x128x128x128_16x16_32x32_2x2_8x32x1_8x32x1_1x32x1x8_8_1x1_intrawave_v3,771.1,1637.49,0.0
256,4074,8192,512,ck,0,0,49.7191,a8w8_blockscale_1x128x128_256x128x128x128_16x16_32x32_2x2_8x32x1_8x32x1_1x32x1x8_8_1x1_intrawave_v3,687.37,1468.82,0.0
256,4451,8192,512,ck,0,0,49.7219,a8w8_blockscale_1x128x128_256x128x128x128_16x16_32x32_2x2_8x32x1_8x32x1_1x32x1x8_8_1x1_intrawave_v3,750.93,1596.85,0.0
256,4465,8192,512,ck,0,0,49.7228,a8w8_blockscale_1x128x128_256x128x128x128_16x16_32x32_2x2_8x32x1_8x32x1_1x32x1x8_8_1x1_intrawave_v3,753.28,1601.58,0.0
256,4052,8192,512,ck,0,0,49.7463,a8w8_blockscale_1x128x128_256x128x128x128_16x16_32x32_2x2_8x32x1_8x32x1_1x32x1x8_8_1x1_intrawave_v3,683.28,1460.55,0.0
256,4402,8192,512,ck,0,0,49.7472,a8w8_blockscale_1x128x128_256x128x128x128_16x16_32x32_2x2_8x32x1_8x32x1_1x32x1x8_8_1x1_intrawave_v3,742.29,1579.4,0.0
256,4432,8192,512,ck,0,0,49.7482,a8w8_blockscale_1x128x128_256x128x128x128_16x16_32x32_2x2_8x32x1_8x32x1_1x32x1x8_8_1x1_intrawave_v3,747.33,1589.55,0.0
256,4067,8192,512,ck,0,0,49.7591,a8w8_blockscale_1x128x128_256x128x128x128_16x16_32x32_2x2_8x32x1_8x32x1_1x32x1x8_8_1x1_intrawave_v3,685.63,1465.27,0.0
256,4494,8192,512,ck,0,0,49.7743,a8w8_blockscale_1x128x128_256x128x128x128_16x16_32x32_2x2_8x32x1_8x32x1_1x32x1x8_8_1x1_intrawave_v3,757.39,1609.77,0.0
256,4420,8192,512,ck,0,0,49.7746,a8w8_blockscale_1x128x128_256x128x128x128_16x16_32x32_2x2_8x32x1_8x32x1_1x32x1x8_8_1x1_intrawave_v3,744.91,1584.64,0.0
256,248,9216,7168,ck,18,0,49.7765,a8w8_blockscale_1x128x128_256x64x64x256_16x16_32x32_1x1_16x16x1_16x16x1_1x32x1x8_8_1x1_intrawave_v1,658.26,1454.68,0.0
256,4596,8192,512,ck,0,0,49.8099,a8w8_blockscale_1x128x128_256x128x128x128_16x16_32x32_2x2_8x32x1_8x32x1_1x32x1x8_8_1x1_intrawave_v3,774.02,1643.21,0.0
256,4356,8192,512,ck,0,0,49.8294,a8w8_blockscale_1x128x128_256x128x128x128_16x16_32x32_2x2_8x32x1_8x32x1_1x32x1x8_8_1x1_intrawave_v3,733.32,1561.19,0.0
256,4070,8192,512,ck,18,0,49.8427,a8w8_blockscale_1x128x128_256x64x64x256_16x16_32x32_1x1_16x16x1_16x16x1_1x32x1x8_8_1x1_intrawave_v1,684.99,1463.83,0.0
256,4271,8192,512,ck,0,0,49.8428,a8w8_blockscale_1x128x128_256x128x128x128_16x16_32x32_2x2_8x32x1_8x32x1_1x32x1x8_8_1x1_intrawave_v3,718.81,1531.96,0.0
256,4073,8192,512,ck,0,0,49.864,a8w8_blockscale_1x128x128_256x128x128x128_16x16_32x32_2x2_8x32x1_8x32x1_1x32x1x8_8_1x1_intrawave_v3,685.2,1464.22,0.0
256,4455,8192,512,ck,0,0,49.8733,a8w8_blockscale_1x128x128_256x128x128x128_16x16_32x32_2x2_8x32x1_8x32x1_1x32x1x8_8_1x1_intrawave_v3,749.32,1593.36,0.0
256,4118,8192,512,ck,0,0,49.8739,a8w8_blockscale_1x128x128_256x128x128x128_16x16_32x32_2x2_8x32x1_8x32x1_1x32x1x8_8_1x1_intrawave_v3,692.63,1479.17,0.0
256,4405,8192,512,ck,0,0,49.8791,a8w8_blockscale_1x128x128_256x128x128x128_16x16_32x32_2x2_8x32x1_8x32x1_1x32x1x8_8_1x1_intrawave_v3,740.83,1576.24,0.0
256,4361,8192,512,ck,0,0,49.8852,a8w8_blockscale_1x128x128_256x128x128x128_16x16_32x32_2x2_8x32x1_8x32x1_1x32x1x8_8_1x1_intrawave_v3,733.34,1561.14,0.0
256,4116,8192,512,ck,0,0,49.8872,a8w8_blockscale_1x128x128_256x128x128x128_16x16_32x32_2x2_8x32x1_8x32x1_1x32x1x8_8_1x1_intrawave_v3,692.11,1478.1,0.0
256,4427,8192,512,ck,0,0,49.8879,a8w8_blockscale_1x128x128_256x128x128x128_16x16_32x32_2x2_8x32x1_8x32x1_1x32x1x8_8_1x1_intrawave_v3,744.4,1583.41,0.0
256,4359,8192,512,ck,0,0,49.8888,a8w8_blockscale_1x128x128_256x128x128x128_16x16_32x32_2x2_8x32x1_8x32x1_1x32x1x8_8_1x1_intrawave_v3,732.95,1560.35,0.0
256,4117,8192,512,ck,18,0,49.9091,a8w8_blockscale_1x128x128_256x64x64x256_16x16_32x32_1x1_16x16x1_16x16x1_1x32x1x8_8_1x1_intrawave_v1,691.98,1477.79,0.0
256,4128,8192,512,ck,18,0,49.9115,a8w8_blockscale_1x128x128_256x64x64x256_16x16_32x32_1x1_16x16x1_16x16x1_1x32x1x8_8_1x1_intrawave_v1,693.79,1481.44,0.0
256,4423,8192,512,ck,0,0,49.9126,a8w8_blockscale_1x128x128_256x128x128x128_16x16_32x32_2x2_8x32x1_8x32x1_1x32x1x8_8_1x1_intrawave_v3,743.36,1581.27,0.0
256,4315,8192,512,ck,0,0,49.9166,a8w8_blockscale_1x128x128_256x128x128x128_16x16_32x32_2x2_8x32x1_8x32x1_1x32x1x8_8_1x1_intrawave_v3,725.15,1544.59,0.0
256,4292,8192,512,ck,0,0,49.9199,a8w8_blockscale_1x128x128_256x128x128x128_16x16_32x32_2x2_8x32x1_8x32x1_1x32x1x8_8_1x1_intrawave_v3,721.23,1536.7,0.0
256,4236,8192,512,ck,0,0,49.9327,a8w8_blockscale_1x128x128_256x128x128x128_16x16_32x32_2x2_8x32x1_8x32x1_1x32x1x8_8_1x1_intrawave_v3,711.64,1517.36,0.0
256,4407,8192,512,ck,0,0,49.934,a8w8_blockscale_1x128x128_256x128x128x128_16x16_32x32_2x2_8x32x1_8x32x1_1x32x1x8_8_1x1_intrawave_v3,740.35,1575.18,0.0
256,4280,8192,512,ck,0,0,49.944,a8w8_blockscale_1x128x128_256x128x128x128_16x16_32x32_2x2_8x32x1_8x32x1_1x32x1x8_8_1x1_intrawave_v3,718.87,1531.9,0.0
256,4532,8192,512,ck,0,0,49.9659,a8w8_blockscale_1x128x128_256x128x128x128_16x16_32x32_2x2_8x32x1_8x32x1_1x32x1x8_8_1x1_intrawave_v3,760.86,1616.44,0.0
256,4500,8192,512,ck,0,0,49.9801,a8w8_blockscale_1x128x128_256x128x128x128_16x16_32x32_2x2_8x32x1_8x32x1_1x32x1x8_8_1x1_intrawave_v3,755.28,1605.16,0.0
256,4608,8192,512,ck,0,0,49.9867,a8w8_blockscale_1x128x128_256x128x128x128_16x16_32x32_2x2_8x32x1_8x32x1_1x32x1x8_8_1x1_intrawave_v3,773.3,1641.46,0.0
256,4131,8192,512,ck,0,0,49.9987,a8w8_blockscale_1x128x128_256x128x128x128_16x16_32x32_2x2_8x32x1_8x32x1_1x32x1x8_8_1x1_intrawave_v3,693.08,1479.87,0.0
256,4163,8192,512,ck,18,0,50.0011,a8w8_blockscale_1x128x128_256x64x64x256_16x16_32x32_1x1_16x16x1_16x16x1_1x32x1x8_8_1x1_intrawave_v1,698.42,1490.61,0.0
256,4185,8192,512,ck,0,0,50.0012,a8w8_blockscale_1x128x128_256x128x128x128_16x16_32x32_2x2_8x32x1_8x32x1_1x32x1x8_8_1x1_intrawave_v3,702.11,1498.05,0.0
256,4275,8192,512,ck,0,0,50.0096,a8w8_blockscale_1x128x128_256x128x128x128_16x16_32x32_2x2_8x32x1_8x32x1_1x32x1x8_8_1x1_intrawave_v3,717.09,1528.2,0.0
256,4493,8192,512,ck,0,0,50.0375,a8w8_blockscale_1x128x128_256x128x128x128_16x16_32x32_2x2_8x32x1_8x32x1_1x32x1x8_8_1x1_intrawave_v3,753.24,1600.96,0.0
256,4436,8192,512,ck,0,0,50.0452,a8w8_blockscale_1x128x128_256x128x128x128_16x16_32x32_2x2_8x32x1_8x32x1_1x32x1x8_8_1x1_intrawave_v3,743.57,1581.47,0.0
256,4552,8192,512,ck,0,0,50.0486,a8w8_blockscale_1x128x128_256x128x128x128_16x16_32x32_2x2_8x32x1_8x32x1_1x32x1x8_8_1x1_intrawave_v3,762.96,1620.52,0.0
256,4551,8192,512,ck,0,0,50.0491,a8w8_blockscale_1x128x128_256x128x128x128_16x16_32x32_2x2_8x32x1_8x32x1_1x32x1x8_8_1x1_intrawave_v3,762.78,1620.17,0.0
256,4580,8192,512,ck,0,0,50.0503,a8w8_blockscale_1x128x128_256x128x128x128_16x16_32x32_2x2_8x32x1_8x32x1_1x32x1x8_8_1x1_intrawave_v3,767.62,1629.92,0.0
256,4320,8192,512,ck,0,0,50.0554,a8w8_blockscale_1x128x128_256x128x128x128_16x16_32x32_2x2_8x32x1_8x32x1_1x32x1x8_8_1x1_intrawave_v3,723.97,1541.99,0.0
256,4310,8192,512,ck,0,0,50.06,a8w8_blockscale_1x128x128_256x128x128x128_16x16_32x32_2x2_8x32x1_8x32x1_1x32x1x8_8_1x1_intrawave_v3,722.23,1538.48,0.0
256,4578,8192,512,ck,0,0,50.0631,a8w8_blockscale_1x128x128_256x128x128x128_16x16_32x32_2x2_8x32x1_8x32x1_1x32x1x8_8_1x1_intrawave_v3,767.09,1628.83,0.0
256,4153,8192,512,ck,18,0,50.0639,a8w8_blockscale_1x128x128_256x64x64x256_16x16_32x32_1x1_16x16x1_16x16x1_1x32x1x8_8_1x1_intrawave_v1,695.87,1485.37,0.0
256,4573,8192,512,ck,0,0,50.0654,a8w8_blockscale_1x128x128_256x128x128x128_16x16_32x32_2x2_8x32x1_8x32x1_1x32x1x8_8_1x1_intrawave_v3,766.22,1627.07,0.0
256,4142,8192,512,ck,18,0,50.0703,a8w8_blockscale_1x128x128_256x64x64x256_16x16_32x32_1x1_16x16x1_16x16x1_1x32x1x8_8_1x1_intrawave_v1,693.94,1481.47,0.0
256,4592,8192,512,ck,0,0,50.0731,a8w8_blockscale_1x128x128_256x128x128x128_16x16_32x32_2x2_8x32x1_8x32x1_1x32x1x8_8_1x1_intrawave_v3,769.29,1633.23,0.0
256,4563,8192,512,ck,0,0,50.0744,a8w8_blockscale_1x128x128_256x128x128x128_16x16_32x32_2x2_8x32x1_8x32x1_1x32x1x8_8_1x1_intrawave_v3,764.41,1623.4,0.0
256,4099,8192,512,ck,0,0,50.0787,a8w8_blockscale_1x128x128_256x128x128x128_16x16_32x32_2x2_8x32x1_8x32x1_1x32x1x8_8_1x1_intrawave_v3,686.62,1466.71,0.0
256,4303,8192,512,ck,0,0,50.0791,a8w8_blockscale_1x128x128_256x128x128x128_16x16_32x32_2x2_8x32x1_8x32x1_1x32x1x8_8_1x1_intrawave_v3,720.78,1535.53,0.0
256,4318,8192,512,ck,0,0,50.0872,a8w8_blockscale_1x128x128_256x128x128x128_16x16_32x32_2x2_8x32x1_8x32x1_1x32x1x8_8_1x1_intrawave_v3,723.18,1540.34,0.0
256,4572,8192,512,ck,0,0,50.0968,a8w8_blockscale_1x128x128_256x128x128x128_16x16_32x32_2x2_8x32x1_8x32x1_1x32x1x8_8_1x1_intrawave_v3,765.57,1625.71,0.0
256,4321,8192,512,ck,0,0,50.102,a8w8_blockscale_1x128x128_256x128x128x128_16x16_32x32_2x2_8x32x1_8x32x1_1x32x1x8_8_1x1_intrawave_v3,723.47,1540.89,0.0
256,4577,8192,512,ck,0,0,50.1131,a8w8_blockscale_1x128x128_256x128x128x128_16x16_32x32_2x2_8x32x1_8x32x1_1x32x1x8_8_1x1_intrawave_v3,766.16,1626.87,0.0
256,4225,8192,512,ck,0,0,50.1203,a8w8_blockscale_1x128x128_256x128x128x128_16x16_32x32_2x2_8x32x1_8x32x1_1x32x1x8_8_1x1_intrawave_v3,707.14,1507.97,0.0
256,4527,8192,512,ck,0,0,50.1231,a8w8_blockscale_1x128x128_256x128x128x128_16x16_32x32_2x2_8x32x1_8x32x1_1x32x1x8_8_1x1_intrawave_v3,757.64,1609.69,0.0
256,4444,8192,512,ck,0,0,50.1325,a8w8_blockscale_1x128x128_256x128x128x128_16x16_32x32_2x2_8x32x1_8x32x1_1x32x1x8_8_1x1_intrawave_v3,743.61,1581.41,0.0
256,4240,8192,512,ck,0,0,50.1377,a8w8_blockscale_1x128x128_256x128x128x128_16x16_32x32_2x2_8x32x1_8x32x1_1x32x1x8_8_1x1_intrawave_v3,709.4,1512.5,0.0
256,4324,8192,512,ck,0,0,50.1435,a8w8_blockscale_1x128x128_256x128x128x128_16x16_32x32_2x2_8x32x1_8x32x1_1x32x1x8_8_1x1_intrawave_v3,723.37,1540.63,0.0
256,4467,8192,512,ck,0,0,50.1506,a8w8_blockscale_1x128x128_256x128x128x128_16x16_32x32_2x2_8x32x1_8x32x1_1x32x1x8_8_1x1_intrawave_v3,747.19,1588.59,0.0
256,4227,8192,512,ck,0,0,50.1663,a8w8_blockscale_1x128x128_256x128x128x128_16x16_32x32_2x2_8x32x1_8x32x1_1x32x1x8_8_1x1_intrawave_v3,706.82,1507.26,0.0
256,4460,8192,512,ck,0,0,50.1675,a8w8_blockscale_1x128x128_256x128x128x128_16x16_32x32_2x2_8x32x1_8x32x1_1x32x1x8_8_1x1_intrawave_v3,745.77,1585.7,0.0
256,4378,8192,512,ck,0,0,50.1676,a8w8_blockscale_1x128x128_256x128x128x128_16x16_32x32_2x2_8x32x1_8x32x1_1x32x1x8_8_1x1_intrawave_v3,732.05,1558.08,0.0
256,4306,8192,512,ck,0,0,50.171,a8w8_blockscale_1x128x128_256x128x128x128_16x16_32x32_2x2_8x32x1_8x32x1_1x32x1x8_8_1x1_intrawave_v3,719.96,1533.72,0.0
256,4501,8192,512,ck,0,0,50.1723,a8w8_blockscale_1x128x128_256x128x128x128_16x16_32x32_2x2_8x32x1_8x32x1_1x32x1x8_8_1x1_intrawave_v3,752.55,1599.35,0.0
256,4242,8192,512,ck,0,0,50.1791,a8w8_blockscale_1x128x128_256x128x128x128_16x16_32x32_2x2_8x32x1_8x32x1_1x32x1x8_8_1x1_intrawave_v3,709.15,1511.93,0.0
256,4134,8192,512,ck,18,0,50.1823,a8w8_blockscale_1x128x128_256x64x64x256_16x16_32x32_1x1_16x16x1_16x16x1_1x32x1x8_8_1x1_intrawave_v1,691.05,1475.47,0.0
256,4453,8192,512,ck,0,0,50.1899,a8w8_blockscale_1x128x128_256x128x128x128_16x16_32x32_2x2_8x32x1_8x32x1_1x32x1x8_8_1x1_intrawave_v3,744.26,1582.63,0.0
256,4329,8192,512,ck,0,0,50.1911,a8w8_blockscale_1x128x128_256x128x128x128_16x16_32x32_2x2_8x32x1_8x32x1_1x32x1x8_8_1x1_intrawave_v3,723.52,1540.85,0.0
256,4542,8192,512,ck,0,0,50.1933,a8w8_blockscale_1x128x128_256x128x128x128_16x16_32x32_2x2_8x32x1_8x32x1_1x32x1x8_8_1x1_intrawave_v3,759.09,1612.48,0.0
256,4495,8192,512,ck,0,0,50.1943,a8w8_blockscale_1x128x128_256x128x128x128_16x16_32x32_2x2_8x32x1_8x32x1_1x32x1x8_8_1x1_intrawave_v3,751.22,1596.63,0.0
256,4300,8192,512,ck,0,0,50.1943,a8w8_blockscale_1x128x128_256x128x128x128_16x16_32x32_2x2_8x32x1_8x32x1_1x32x1x8_8_1x1_intrawave_v3,718.63,1530.99,0.0
256,4168,8192,512,ck,18,0,50.1951,a8w8_blockscale_1x128x128_256x64x64x256_16x16_32x32_1x1_16x16x1_16x16x1_1x32x1x8_8_1x1_intrawave_v1,696.56,1486.54,0.0
256,4184,8192,512,ck,0,0,50.1975,a8w8_blockscale_1x128x128_256x128x128x128_16x16_32x32_2x2_8x32x1_8x32x1_1x32x1x8_8_1x1_intrawave_v3,699.2,1491.85,0.0
256,4130,8192,512,ck,0,0,50.2008,a8w8_blockscale_1x128x128_256x128x128x128_16x16_32x32_2x2_8x32x1_8x32x1_1x32x1x8_8_1x1_intrawave_v3,690.13,1473.58,0.0
256,4388,8192,512,ck,0,0,50.2056,a8w8_blockscale_1x128x128_256x128x128x128_16x16_32x32_2x2_8x32x1_8x32x1_1x32x1x8_8_1x1_intrawave_v3,733.17,1560.26,0.0
256,4394,8192,512,ck,0,0,50.2171,a8w8_blockscale_1x128x128_256x128x128x128_16x16_32x32_2x2_8x32x1_8x32x1_1x32x1x8_8_1x1_intrawave_v3,734.0,1561.92,0.0
256,4398,8192,512,ck,0,0,50.2224,a8w8_blockscale_1x128x128_256x128x128x128_16x16_32x32_2x2_8x32x1_8x32x1_1x32x1x8_8_1x1_intrawave_v3,734.59,1563.11,0.0
256,4397,8192,512,ck,0,0,50.2436,a8w8_blockscale_1x128x128_256x128x128x128_16x16_32x32_2x2_8x32x1_8x32x1_1x32x1x8_8_1x1_intrawave_v3,734.12,1562.11,0.0
256,4238,8192,512,ck,0,0,50.2463,a8w8_blockscale_1x128x128_256x128x128x128_16x16_32x32_2x2_8x32x1_8x32x1_1x32x1x8_8_1x1_intrawave_v3,707.53,1508.56,0.0
256,4129,8192,512,ck,0,0,50.2515,a8w8_blockscale_1x128x128_256x128x128x128_16x16_32x32_2x2_8x32x1_8x32x1_1x32x1x8_8_1x1_intrawave_v3,689.26,1471.75,0.0
256,4438,8192,512,ck,0,0,50.2551,a8w8_blockscale_1x128x128_256x128x128x128_16x16_32x32_2x2_8x32x1_8x32x1_1x32x1x8_8_1x1_intrawave_v3,740.79,1575.54,0.0
256,4346,8192,512,ck,0,0,50.264,a8w8_blockscale_1x128x128_256x128x128x128_16x16_32x32_2x2_8x32x1_8x32x1_1x32x1x8_8_1x1_intrawave_v3,725.31,1544.33,0.0
256,4530,8192,512,ck,0,0,50.2655,a8w8_blockscale_1x128x128_256x128x128x128_16x16_32x32_2x2_8x32x1_8x32x1_1x32x1x8_8_1x1_intrawave_v3,755.99,1606.14,0.0
256,4443,8192,512,ck,0,0,50.2885,a8w8_blockscale_1x128x128_256x128x128x128_16x16_32x32_2x2_8x32x1_8x32x1_1x32x1x8_8_1x1_intrawave_v3,741.14,1576.17,0.0
256,4454,8192,512,ck,0,0,50.2947,a8w8_blockscale_1x128x128_256x128x128x128_16x16_32x32_2x2_8x32x1_8x32x1_1x32x1x8_8_1x1_intrawave_v3,742.88,1579.67,0.0
256,4497,8192,512,ck,0,0,50.2961,a8w8_blockscale_1x128x128_256x128x128x128_16x16_32x32_2x2_8x32x1_8x32x1_1x32x1x8_8_1x1_intrawave_v3,750.03,1594.07,0.0
256,4322,8192,512,ck,0,0,50.2985,a8w8_blockscale_1x128x128_256x128x128x128_16x16_32x32_2x2_8x32x1_8x32x1_1x32x1x8_8_1x1_intrawave_v3,720.81,1535.21,0.0
256,4095,8192,512,ck,0,0,50.3004,a8w8_blockscale_1x128x128_256x128x128x128_16x16_32x32_2x2_8x32x1_8x32x1_1x32x1x8_8_1x1_intrawave_v3,682.92,1458.9,0.0
256,4261,8192,512,ck,0,0,50.3074,a8w8_blockscale_1x128x128_256x128x128x128_16x16_32x32_2x2_8x32x1_8x32x1_1x32x1x8_8_1x1_intrawave_v3,710.51,1514.45,0.0
256,4541,8192,512,ck,0,0,50.3106,a8w8_blockscale_1x128x128_256x128x128x128_16x16_32x32_2x2_8x32x1_8x32x1_1x32x1x8_8_1x1_intrawave_v3,757.15,1608.39,0.0
256,4534,8192,512,ck,0,0,50.3111,a8w8_blockscale_1x128x128_256x128x128x128_16x16_32x32_2x2_8x32x1_8x32x1_1x32x1x8_8_1x1_intrawave_v3,755.98,1606.02,0.0
256,4510,8192,512,ck,0,0,50.3179,a8w8_blockscale_1x128x128_256x128x128x128_16x16_32x32_2x2_8x32x1_8x32x1_1x32x1x8_8_1x1_intrawave_v3,751.87,1597.75,0.0
256,4182,8192,512,ck,18,0,50.3255,a8w8_blockscale_1x128x128_256x64x64x256_16x16_32x32_1x1_16x16x1_16x16x1_1x32x1x8_8_1x1_intrawave_v1,697.09,1487.38,0.0
256,4441,8192,512,ck,0,0,50.3291,a8w8_blockscale_1x128x128_256x128x128x128_16x16_32x32_2x2_8x32x1_8x32x1_1x32x1x8_8_1x1_intrawave_v3,740.2,1574.23,0.0
256,4363,8192,512,ck,0,0,50.3295,a8w8_blockscale_1x128x128_256x128x128x128_16x16_32x32_2x2_8x32x1_8x32x1_1x32x1x8_8_1x1_intrawave_v3,727.2,1548.03,0.0
256,4496,8192,512,ck,0,0,50.3319,a8w8_blockscale_1x128x128_256x128x128x128_16x16_32x32_2x2_8x32x1_8x32x1_1x32x1x8_8_1x1_intrawave_v3,749.33,1592.6,0.0
256,4516,8192,512,ck,0,0,50.3414,a8w8_blockscale_1x128x128_256x128x128x128_16x16_32x32_2x2_8x32x1_8x32x1_1x32x1x8_8_1x1_intrawave_v3,752.52,1599.01,0.0
256,4545,8192,512,ck,0,0,50.3439,a8w8_blockscale_1x128x128_256x128x128x128_16x16_32x32_2x2_8x32x1_8x32x1_1x32x1x8_8_1x1_intrawave_v3,757.32,1608.67,0.0
256,4246,8192,512,ck,0,0,50.3439,a8w8_blockscale_1x128x128_256x128x128x128_16x16_32x32_2x2_8x32x1_8x32x1_1x32x1x8_8_1x1_intrawave_v3,707.49,1508.32,0.0
256,4274,8192,512,ck,0,0,50.3535,a8w8_blockscale_1x128x128_256x128x128x128_16x16_32x32_2x2_8x32x1_8x32x1_1x32x1x8_8_1x1_intrawave_v3,712.02,1517.43,0.0
256,4535,8192,512,ck,0,0,50.3559,a8w8_blockscale_1x128x128_256x128x128x128_16x16_32x32_2x2_8x32x1_8x32x1_1x32x1x8_8_1x1_intrawave_v3,755.47,1604.93,0.0
256,4408,8192,512,ck,0,0,50.3579,a8w8_blockscale_1x128x128_256x128x128x128_16x16_32x32_2x2_8x32x1_8x32x1_1x32x1x8_8_1x1_intrawave_v3,734.28,1562.25,0.0
256,4307,8192,512,ck,0,0,50.3579,a8w8_blockscale_1x128x128_256x128x128x128_16x16_32x32_2x2_8x32x1_8x32x1_1x32x1x8_8_1x1_intrawave_v3,717.46,1528.37,0.0
256,4213,8192,512,ck,18,0,50.3627,a8w8_blockscale_1x128x128_256x64x64x256_16x16_32x32_1x1_16x16x1_16x16x1_1x32x1x8_8_1x1_intrawave_v1,701.73,1496.69,0.0
256,4108,8192,512,ck,0,0,50.3854,a8w8_blockscale_1x128x128_256x128x128x128_16x16_32x32_2x2_8x32x1_8x32x1_1x32x1x8_8_1x1_intrawave_v3,683.94,1460.8,0.0
256,4507,8192,512,ck,0,0,50.4035,a8w8_blockscale_1x128x128_256x128x128x128_16x16_32x32_2x2_8x32x1_8x32x1_1x32x1x8_8_1x1_intrawave_v3,750.1,1594.03,0.0
256,4112,8192,512,ck,0,0,50.404,a8w8_blockscale_1x128x128_256x128x128x128_16x16_32x32_2x2_8x32x1_8x32x1_1x32x1x8_8_1x1_intrawave_v3,684.35,1461.6,0.0
256,4508,8192,512,ck,0,0,50.4395,a8w8_blockscale_1x128x128_256x128x128x128_16x16_32x32_2x2_8x32x1_8x32x1_1x32x1x8_8_1x1_intrawave_v3,749.73,1593.22,0.0
256,4342,8192,512,ck,0,0,50.4396,a8w8_blockscale_1x128x128_256x128x128x128_16x16_32x32_2x2_8x32x1_8x32x1_1x32x1x8_8_1x1_intrawave_v3,722.12,1537.62,0.0
256,4159,8192,512,ck,18,0,50.4443,a8w8_blockscale_1x128x128_256x64x64x256_16x16_32x32_1x1_16x16x1_16x16x1_1x32x1x8_8_1x1_intrawave_v1,691.62,1476.18,0.0
256,4088,8192,512,ck,0,0,50.4474,a8w8_blockscale_1x128x128_256x128x128x128_16x16_32x32_2x2_8x32x1_8x32x1_1x32x1x8_8_1x1_intrawave_v3,679.77,1452.31,0.0
256,4178,8192,512,ck,18,0,50.4512,a8w8_blockscale_1x128x128_256x64x64x256_16x16_32x32_1x1_16x16x1_16x16x1_1x32x1x8_8_1x1_intrawave_v1,694.68,1482.34,0.0
256,4226,8192,512,ck,0,0,50.4539,a8w8_blockscale_1x128x128_256x128x128x128_16x16_32x32_2x2_8x32x1_8x32x1_1x32x1x8_8_1x1_intrawave_v3,702.63,1498.33,0.0
256,4200,8192,512,ck,0,0,50.458,a8w8_blockscale_1x128x128_256x128x128x128_16x16_32x32_2x2_8x32x1_8x32x1_1x32x1x8_8_1x1_intrawave_v3,698.25,1489.51,0.0
256,4566,8192,512,ck,0,0,50.4598,a8w8_blockscale_1x128x128_256x128x128x128_16x16_32x32_2x2_8x32x1_8x32x1_1x32x1x8_8_1x1_intrawave_v3,759.07,1612.0,0.0
256,4323,8192,512,ck,0,0,50.461,a8w8_blockscale_1x128x128_256x128x128x128_16x16_32x32_2x2_8x32x1_8x32x1_1x32x1x8_8_1x1_intrawave_v3,718.65,1530.6,0.0
256,4120,8192,512,ck,0,0,50.4693,a8w8_blockscale_1x128x128_256x128x128x128_16x16_32x32_2x2_8x32x1_8x32x1_1x32x1x8_8_1x1_intrawave_v3,684.79,1462.39,0.0
256,4393,8192,512,ck,0,0,50.4716,a8w8_blockscale_1x128x128_256x128x128x128_16x16_32x32_2x2_8x32x1_8x32x1_1x32x1x8_8_1x1_intrawave_v3,730.14,1553.71,0.0
256,4366,8192,512,ck,0,0,50.4758,a8w8_blockscale_1x128x128_256x128x128x128_16x16_32x32_2x2_8x32x1_8x32x1_1x32x1x8_8_1x1_intrawave_v3,725.59,1544.55,0.0
256,4503,8192,512,ck,0,0,50.4807,a8w8_blockscale_1x128x128_256x128x128x128_16x16_32x32_2x2_8x32x1_8x32x1_1x32x1x8_8_1x1_intrawave_v3,748.28,1590.25,0.0
256,4571,8192,512,ck,0,0,50.4823,a8w8_blockscale_1x128x128_256x128x128x128_16x16_32x32_2x2_8x32x1_8x32x1_1x32x1x8_8_1x1_intrawave_v3,759.56,1612.96,0.0
256,4546,8192,512,ck,0,0,50.4835,a8w8_blockscale_1x128x128_256x128x128x128_16x16_32x32_2x2_8x32x1_8x32x1_1x32x1x8_8_1x1_intrawave_v3,755.39,1604.55,0.0
256,4147,8192,512,ck,18,0,50.4903,a8w8_blockscale_1x128x128_256x64x64x256_16x16_32x32_1x1_16x16x1_16x16x1_1x32x1x8_8_1x1_intrawave_v1,688.99,1470.82,0.0
256,4145,8192,512,ck,0,0,50.4931,a8w8_blockscale_1x128x128_256x128x128x128_16x16_32x32_2x2_8x32x1_8x32x1_1x32x1x8_8_1x1_intrawave_v3,688.62,1470.07,0.0
256,4568,8192,512,ck,0,0,50.4946,a8w8_blockscale_1x128x128_256x128x128x128_16x16_32x32_2x2_8x32x1_8x32x1_1x32x1x8_8_1x1_intrawave_v3,758.88,1611.56,0.0
256,4601,8192,512,ck,0,0,50.4995,a8w8_blockscale_1x128x128_256x128x128x128_16x16_32x32_2x2_8x32x1_8x32x1_1x32x1x8_8_1x1_intrawave_v3,764.28,1622.45,0.0
256,4245,8192,512,ck,0,0,50.5012,a8w8_blockscale_1x128x128_256x128x128x128_16x16_32x32_2x2_8x32x1_8x32x1_1x32x1x8_8_1x1_intrawave_v3,705.12,1503.29,0.0
256,4269,8192,512,ck,0,0,50.5051,a8w8_blockscale_1x128x128_256x128x128x128_16x16_32x32_2x2_8x32x1_8x32x1_1x32x1x8_8_1x1_intrawave_v3,709.06,1511.2,0.0
256,4367,8192,512,ck,0,0,50.5165,a8w8_blockscale_1x128x128_256x128x128x128_16x16_32x32_2x2_8x32x1_8x32x1_1x32x1x8_8_1x1_intrawave_v3,725.17,1543.64,0.0
256,4464,8192,512,ck,0,0,50.5195,a8w8_blockscale_1x128x128_256x128x128x128_16x16_32x32_2x2_8x32x1_8x32x1_1x32x1x8_8_1x1_intrawave_v3,741.23,1575.99,0.0
256,4354,8192,512,ck,0,0,50.5344,a8w8_blockscale_1x128x128_256x128x128x128_16x16_32x32_2x2_8x32x1_8x32x1_1x32x1x8_8_1x1_intrawave_v3,722.76,1538.74,0.0
256,4414,8192,512,ck,0,0,50.5412,a8w8_blockscale_1x128x128_256x128x128x128_16x16_32x32_2x2_8x32x1_8x32x1_1x32x1x8_8_1x1_intrawave_v3,732.62,1558.59,0.0
256,4411,8192,512,ck,0,0,50.5431,a8w8_blockscale_1x128x128_256x128x128x128_16x16_32x32_2x2_8x32x1_8x32x1_1x32x1x8_8_1x1_intrawave_v3,732.09,1557.53,0.0
256,4450,8192,512,ck,0,0,50.5519,a8w8_blockscale_1x128x128_256x128x128x128_16x16_32x32_2x2_8x32x1_8x32x1_1x32x1x8_8_1x1_intrawave_v3,738.44,1570.3,0.0
256,4251,8192,512,ck,0,0,50.5522,a8w8_blockscale_1x128x128_256x128x128x128_16x16_32x32_2x2_8x32x1_8x32x1_1x32x1x8_8_1x1_intrawave_v3,705.41,1503.78,0.0
256,4252,8192,512,ck,0,0,50.5531,a8w8_blockscale_1x128x128_256x128x128x128_16x16_32x32_2x2_8x32x1_8x32x1_1x32x1x8_8_1x1_intrawave_v3,705.56,1504.08,0.0
256,4561,8192,512,ck,0,0,50.5678,a8w8_blockscale_1x128x128_256x128x128x128_16x16_32x32_2x2_8x32x1_8x32x1_1x32x1x8_8_1x1_intrawave_v3,756.62,1606.89,0.0
256,4325,8192,512,ck,0,0,50.5713,a8w8_blockscale_1x128x128_256x128x128x128_16x16_32x32_2x2_8x32x1_8x32x1_1x32x1x8_8_1x1_intrawave_v3,717.42,1527.93,0.0
256,4136,8192,512,ck,0,0,50.5721,a8w8_blockscale_1x128x128_256x128x128x128_16x16_32x32_2x2_8x32x1_8x32x1_1x32x1x8_8_1x1_intrawave_v3,686.06,1464.76,0.0
256,4140,8192,512,ck,18,0,50.5823,a8w8_blockscale_1x128x128_256x64x64x256_16x16_32x32_1x1_16x16x1_16x16x1_1x32x1x8_8_1x1_intrawave_v1,686.58,1465.8,0.0
256,4124,8192,512,ck,0,0,50.5851,a8w8_blockscale_1x128x128_256x128x128x128_16x16_32x32_2x2_8x32x1_8x32x1_1x32x1x8_8_1x1_intrawave_v3,683.89,1460.38,0.0
256,4212,8192,512,ck,18,0,50.5855,a8w8_blockscale_1x128x128_256x64x64x256_16x16_32x32_1x1_16x16x1_16x16x1_1x32x1x8_8_1x1_intrawave_v1,698.48,1489.76,0.0
256,4143,8192,512,ck,0,0,50.5861,a8w8_blockscale_1x128x128_256x128x128x128_16x16_32x32_2x2_8x32x1_8x32x1_1x32x1x8_8_1x1_intrawave_v3,687.03,1466.7,0.0
256,4519,8192,512,ck,0,0,50.5879,a8w8_blockscale_1x128x128_256x128x128x128_16x16_32x32_2x2_8x32x1_8x32x1_1x32x1x8_8_1x1_intrawave_v3,749.35,1592.23,0.0
256,4556,8192,512,ck,0,0,50.5915,a8w8_blockscale_1x128x128_256x128x128x128_16x16_32x32_2x2_8x32x1_8x32x1_1x32x1x8_8_1x1_intrawave_v3,755.43,1604.47,0.0
256,4606,8192,512,ck,0,0,50.6087,a8w8_blockscale_1x128x128_256x128x128x128_16x16_32x32_2x2_8x32x1_8x32x1_1x32x1x8_8_1x1_intrawave_v3,763.46,1620.62,0.0
256,4492,8192,512,ck,0,0,50.6127,a8w8_blockscale_1x128x128_256x128x128x128_16x16_32x32_2x2_8x32x1_8x32x1_1x32x1x8_8_1x1_intrawave_v3,744.51,1582.43,0.0
256,4282,8192,512,ck,0,0,50.6153,a8w8_blockscale_1x128x128_256x128x128x128_16x16_32x32_2x2_8x32x1_8x32x1_1x32x1x8_8_1x1_intrawave_v3,709.67,1512.25,0.0
256,4586,8192,512,ck,0,0,50.6179,a8w8_blockscale_1x128x128_256x128x128x128_16x16_32x32_2x2_8x32x1_8x32x1_1x32x1x8_8_1x1_intrawave_v3,760.01,1613.65,0.0
256,4350,8192,512,ck,0,0,50.62,a8w8_blockscale_1x128x128_256x128x128x128_16x16_32x32_2x2_8x32x1_8x32x1_1x32x1x8_8_1x1_intrawave_v3,720.87,1534.81,0.0
256,4308,8192,512,ck,0,0,50.6371,a8w8_blockscale_1x128x128_256x128x128x128_16x16_32x32_2x2_8x32x1_8x32x1_1x32x1x8_8_1x1_intrawave_v3,713.67,1520.27,0.0
256,4357,8192,512,ck,0,0,50.6379,a8w8_blockscale_1x128x128_256x128x128x128_16x16_32x32_2x2_8x32x1_8x32x1_1x32x1x8_8_1x1_intrawave_v3,721.77,1536.6,0.0
256,4504,8192,512,ck,0,0,50.6387,a8w8_blockscale_1x128x128_256x128x128x128_16x16_32x32_2x2_8x32x1_8x32x1_1x32x1x8_8_1x1_intrawave_v3,746.11,1585.62,0.0
256,4506,8192,512,ck,0,0,50.6395,a8w8_blockscale_1x128x128_256x128x128x128_16x16_32x32_2x2_8x32x1_8x32x1_1x32x1x8_8_1x1_intrawave_v3,746.43,1586.27,0.0
256,4524,8192,512,ck,0,0,50.667,a8w8_blockscale_1x128x128_256x128x128x128_16x16_32x32_2x2_8x32x1_8x32x1_1x32x1x8_8_1x1_intrawave_v3,749.01,1591.41,0.0
256,4498,8192,512,ck,0,0,50.6691,a8w8_blockscale_1x128x128_256x128x128x128_16x16_32x32_2x2_8x32x1_8x32x1_1x32x1x8_8_1x1_intrawave_v3,744.67,1582.67,0.0
256,4301,8192,512,ck,0,0,50.6718,a8w8_blockscale_1x128x128_256x128x128x128_16x16_32x32_2x2_8x32x1_8x32x1_1x32x1x8_8_1x1_intrawave_v3,712.02,1516.9,0.0
256,4509,8192,512,ck,0,0,50.6863,a8w8_blockscale_1x128x128_256x128x128x128_16x16_32x32_2x2_8x32x1_8x32x1_1x32x1x8_8_1x1_intrawave_v3,746.24,1585.8,0.0
256,4533,8192,512,ck,0,0,50.6879,a8w8_blockscale_1x128x128_256x128x128x128_16x16_32x32_2x2_8x32x1_8x32x1_1x32x1x8_8_1x1_intrawave_v3,750.19,1593.75,0.0
256,4512,8192,512,ck,0,0,50.6997,a8w8_blockscale_1x128x128_256x128x128x128_16x16_32x32_2x2_8x32x1_8x32x1_1x32x1x8_8_1x1_intrawave_v3,746.54,1586.38,0.0
256,4222,8192,512,ck,0,0,50.7326,a8w8_blockscale_1x128x128_256x128x128x128_16x16_32x32_2x2_8x32x1_8x32x1_1x32x1x8_8_1x1_intrawave_v3,698.11,1488.77,0.0
256,4217,8192,512,ck,18,0,50.7476,a8w8_blockscale_1x128x128_256x64x64x256_16x16_32x32_1x1_16x16x1_16x16x1_1x32x1x8_8_1x1_intrawave_v1,697.07,1486.67,0.0
256,4156,8192,512,ck,0,0,50.7511,a8w8_blockscale_1x128x128_256x128x128x128_16x16_32x32_2x2_8x32x1_8x32x1_1x32x1x8_8_1x1_intrawave_v3,686.94,1466.26,0.0
256,4277,8192,512,ck,0,0,50.7898,a8w8_blockscale_1x128x128_256x128x128x128_16x16_32x32_2x2_8x32x1_8x32x1_1x32x1x8_8_1x1_intrawave_v3,706.4,1505.39,0.0
256,4309,8192,512,ck,0,0,50.7927,a8w8_blockscale_1x128x128_256x128x128x128_16x16_32x32_2x2_8x32x1_8x32x1_1x32x1x8_8_1x1_intrawave_v3,711.65,1515.95,0.0
256,4176,8192,512,ck,18,0,50.8209,a8w8_blockscale_1x128x128_256x64x64x256_16x16_32x32_1x1_16x16x1_16x16x1_1x32x1x8_8_1x1_intrawave_v1,689.3,1470.89,0.0
256,4459,8192,512,ck,0,0,50.8287,a8w8_blockscale_1x128x128_256x128x128x128_16x16_32x32_2x2_8x32x1_8x32x1_1x32x1x8_8_1x1_intrawave_v3,735.9,1564.74,0.0
256,4598,8192,512,ck,0,0,50.8479,a8w8_blockscale_1x128x128_256x128x128x128_16x16_32x32_2x2_8x32x1_8x32x1_1x32x1x8_8_1x1_intrawave_v3,758.55,1610.33,0.0
256,4273,8192,512,ck,0,0,50.8513,a8w8_blockscale_1x128x128_256x128x128x128_16x16_32x32_2x2_8x32x1_8x32x1_1x32x1x8_8_1x1_intrawave_v3,704.89,1502.24,0.0
256,4603,8192,512,ck,0,0,50.856,a8w8_blockscale_1x128x128_256x128x128x128_16x16_32x32_2x2_8x32x1_8x32x1_1x32x1x8_8_1x1_intrawave_v3,759.26,1611.74,0.0
256,4383,8192,512,ck,0,0,50.8727,a8w8_blockscale_1x128x128_256x128x128x128_16x16_32x32_2x2_8x32x1_8x32x1_1x32x1x8_8_1x1_intrawave_v3,722.73,1538.14,0.0
256,4174,8192,512,ck,0,0,50.876,a8w8_blockscale_1x128x128_256x128x128x128_16x16_32x32_2x2_8x32x1_8x32x1_1x32x1x8_8_1x1_intrawave_v3,688.22,1468.63,0.0
256,4202,8192,512,ck,18,0,50.878,a8w8_blockscale_1x128x128_256x64x64x256_16x16_32x32_1x1_16x16x1_16x16x1_1x32x1x8_8_1x1_intrawave_v1,692.81,1477.87,0.0
256,256,9216,7168,ck,18,0,50.8787,a8w8_blockscale_1x128x128_256x64x64x256_16x16_32x32_1x1_16x16x1_16x16x1_1x32x1x8_8_1x1_intrawave_v1,664.77,1427.2,0.0
256,4152,8192,512,ck,18,0,50.8803,a8w8_blockscale_1x128x128_256x64x64x256_16x16_32x32_1x1_16x16x1_16x16x1_1x32x1x8_8_1x1_intrawave_v1,684.54,1461.2,0.0
256,4330,8192,512,ck,0,0,50.8987,a8w8_blockscale_1x128x128_256x128x128x128_16x16_32x32_2x2_8x32x1_8x32x1_1x32x1x8_8_1x1_intrawave_v3,713.63,1519.76,0.0
256,4531,8192,512,ck,0,0,50.8995,a8w8_blockscale_1x128x128_256x128x128x128_16x16_32x32_2x2_8x32x1_8x32x1_1x32x1x8_8_1x1_intrawave_v3,746.74,1586.46,0.0
256,4564,8192,512,ck,0,0,50.9131,a8w8_blockscale_1x128x128_256x128x128x128_16x16_32x32_2x2_8x32x1_8x32x1_1x32x1x8_8_1x1_intrawave_v3,751.98,1596.99,0.0
256,4177,8192,512,ck,0,0,50.9131,a8w8_blockscale_1x128x128_256x128x128x128_16x16_32x32_2x2_8x32x1_8x32x1_1x32x1x8_8_1x1_intrawave_v3,688.22,1468.56,0.0
256,4470,8192,512,ck,0,0,50.9235,a8w8_blockscale_1x128x128_256x128x128x128_16x16_32x32_2x2_8x32x1_8x32x1_1x32x1x8_8_1x1_intrawave_v3,736.34,1565.47,0.0
256,4235,8192,512,ck,0,0,50.9271,a8w8_blockscale_1x128x128_256x128x128x128_16x16_32x32_2x2_8x32x1_8x32x1_1x32x1x8_8_1x1_intrawave_v3,697.58,1487.4,0.0
256,4468,8192,512,ck,0,0,50.9431,a8w8_blockscale_1x128x128_256x128x128x128_16x16_32x32_2x2_8x32x1_8x32x1_1x32x1x8_8_1x1_intrawave_v3,735.73,1564.21,0.0
256,4502,8192,512,ck,0,0,50.9472,a8w8_blockscale_1x128x128_256x128x128x128_16x16_32x32_2x2_8x32x1_8x32x1_1x32x1x8_8_1x1_intrawave_v3,741.27,1575.36,0.0
256,4337,8192,512,ck,0,0,50.9509,a8w8_blockscale_1x128x128_256x128x128x128_16x16_32x32_2x2_8x32x1_8x32x1_1x32x1x8_8_1x1_intrawave_v3,714.05,1520.53,0.0
256,4523,8192,512,ck,0,0,50.9587,a8w8_blockscale_1x128x128_256x128x128x128_16x16_32x32_2x2_8x32x1_8x32x1_1x32x1x8_8_1x1_intrawave_v3,744.56,1581.97,0.0
256,4461,8192,512,ck,0,0,50.9735,a8w8_blockscale_1x128x128_256x128x128x128_16x16_32x32_2x2_8x32x1_8x32x1_1x32x1x8_8_1x1_intrawave_v3,734.14,1560.96,0.0
256,4575,8192,512,ck,0,0,50.9795,a8w8_blockscale_1x128x128_256x128x128x128_16x16_32x32_2x2_8x32x1_8x32x1_1x32x1x8_8_1x1_intrawave_v3,752.81,1598.55,0.0
256,4538,8192,512,ck,0,0,50.9799,a8w8_blockscale_1x128x128_256x128x128x128_16x16_32x32_2x2_8x32x1_8x32x1_1x32x1x8_8_1x1_intrawave_v3,746.72,1586.28,0.0
256,4205,8192,512,ck,0,0,50.9943,a8w8_blockscale_1x128x128_256x128x128x128_16x16_32x32_2x2_8x32x1_8x32x1_1x32x1x8_8_1x1_intrawave_v3,691.73,1475.5,0.0
256,4167,8192,512,ck,0,0,51.0189,a8w8_blockscale_1x128x128_256x128x128x128_16x16_32x32_2x2_8x32x1_8x32x1_1x32x1x8_8_1x1_intrawave_v3,685.14,1462.2,0.0
256,4349,8192,512,ck,0,0,51.0374,a8w8_blockscale_1x128x128_256x128x128x128_16x16_32x32_2x2_8x32x1_8x32x1_1x32x1x8_8_1x1_intrawave_v3,714.81,1521.92,0.0
256,4522,8192,512,ck,0,0,51.0399,a8w8_blockscale_1x128x128_256x128x128x128_16x16_32x32_2x2_8x32x1_8x32x1_1x32x1x8_8_1x1_intrawave_v3,743.21,1579.12,0.0
256,4150,8192,512,ck,0,0,51.0459,a8w8_blockscale_1x128x128_256x128x128x128_16x16_32x32_2x2_8x32x1_8x32x1_1x32x1x8_8_1x1_intrawave_v3,681.99,1455.8,0.0
256,4317,8192,512,ck,0,0,51.0596,a8w8_blockscale_1x128x128_256x128x128x128_16x16_32x32_2x2_8x32x1_8x32x1_1x32x1x8_8_1x1_intrawave_v3,709.24,1510.67,0.0
256,4296,8192,512,ck,0,0,51.0619,a8w8_blockscale_1x128x128_256x128x128x128_16x16_32x32_2x2_8x32x1_8x32x1_1x32x1x8_8_1x1_intrawave_v3,705.76,1503.66,0.0
256,4218,8192,512,ck,18,0,51.1212,a8w8_blockscale_1x128x128_256x64x64x256_16x16_32x32_1x1_16x16x1_16x16x1_1x32x1x8_8_1x1_intrawave_v1,692.14,1476.13,0.0
256,4600,8192,512,ck,0,0,51.1332,a8w8_blockscale_1x128x128_256x128x128x128_16x16_32x32_2x2_8x32x1_8x32x1_1x32x1x8_8_1x1_intrawave_v3,754.65,1602.01,0.0
256,4265,8192,512,ck,0,0,51.14,a8w8_blockscale_1x128x128_256x128x128x128_16x16_32x32_2x2_8x32x1_8x32x1_1x32x1x8_8_1x1_intrawave_v3,699.6,1491.12,0.0
256,4343,8192,512,ck,0,0,51.1648,a8w8_blockscale_1x128x128_256x128x128x128_16x16_32x32_2x2_8x32x1_8x32x1_1x32x1x8_8_1x1_intrawave_v3,712.05,1516.15,0.0
256,4223,8192,512,ck,0,0,51.1785,a8w8_blockscale_1x128x128_256x128x128x128_16x16_32x32_2x2_8x32x1_8x32x1_1x32x1x8_8_1x1_intrawave_v3,692.19,1476.13,0.0
256,4488,8192,512,ck,0,0,51.3919,a8w8_blockscale_1x128x128_256x128x128x128_16x16_32x32_2x2_8x32x1_8x32x1_1x32x1x8_8_1x1_intrawave_v3,732.57,1557.12,0.0
256,4347,8192,512,ck,0,0,51.4,a8w8_blockscale_1x128x128_256x128x128x128_16x16_32x32_2x2_8x32x1_8x32x1_1x32x1x8_8_1x1_intrawave_v3,709.44,1510.53,0.0
256,4348,8192,512,ck,0,0,51.4751,a8w8_blockscale_1x128x128_256x128x128x128_16x16_32x32_2x2_8x32x1_8x32x1_1x32x1x8_8_1x1_intrawave_v3,708.57,1508.65,0.0
256,4170,8192,512,ck,0,0,51.5428,a8w8_blockscale_1x128x128_256x128x128x128_16x16_32x32_2x2_8x32x1_8x32x1_1x32x1x8_8_1x1_intrawave_v3,678.67,1448.32,0.0
256,734,7168,4096,ck,14,0,52.0695,a8w8_blockscale_1x128x128_256x64x256x128_16x16_32x32_2x2_8x32x1_8x32x1_1x32x1x8_8_1x1_intrawave_v1,827.75,823.69,0.0
256,272,9216,7168,ck,18,0,52.1304,a8w8_blockscale_1x128x128_256x64x64x256_16x16_32x32_1x1_16x16x1_16x16x1_1x32x1x8_8_1x1_intrawave_v1,689.36,1400.79,0.0
256,4365,8192,512,ck,18,0,52.133,a8w8_blockscale_1x128x128_256x64x64x256_16x16_32x32_1x1_16x16x1_16x16x1_1x32x1x8_8_1x1_intrawave_v1,702.36,1495.12,0.0
256,288,9216,7168,ck,0,0,52.5701,a8w8_blockscale_1x128x128_256x128x128x128_16x16_32x32_2x2_8x32x1_8x32x1_1x32x1x8_8_1x1_intrawave_v3,723.81,1396.86,0.0
256,806,7168,4096,ck,14,0,52.9547,a8w8_blockscale_1x128x128_256x64x256x128_16x16_32x32_2x2_8x32x1_8x32x1_1x32x1x8_8_1x1_intrawave_v1,893.75,834.98,0.0
256,4661,8192,512,ck,0,0,53.0163,a8w8_blockscale_1x128x128_256x128x128x128_16x16_32x32_2x2_8x32x1_8x32x1_1x32x1x8_8_1x1_intrawave_v3,737.5,1564.55,0.0
256,4620,8192,512,ck,0,0,53.1335,a8w8_blockscale_1x128x128_256x128x128x128_16x16_32x32_2x2_8x32x1_8x32x1_1x32x1x8_8_1x1_intrawave_v3,729.4,1548.06,0.0
256,4687,8192,512,ck,0,0,53.1432,a8w8_blockscale_1x128x128_256x128x128x128_16x16_32x32_2x2_8x32x1_8x32x1_1x32x1x8_8_1x1_intrawave_v3,739.84,1569.08,0.0
256,4540,8192,512,ck,18,0,53.1956,a8w8_blockscale_1x128x128_256x64x64x256_16x16_32x32_1x1_16x16x1_16x16x1_1x32x1x8_8_1x1_intrawave_v1,715.93,1520.84,0.0
256,4728,8192,512,ck,0,0,53.2395,a8w8_blockscale_1x128x128_256x128x128x128_16x16_32x32_2x2_8x32x1_8x32x1_1x32x1x8_8_1x1_intrawave_v3,744.96,1579.25,0.0
256,4643,8192,512,ck,0,0,53.2486,a8w8_blockscale_1x128x128_256x128x128x128_16x16_32x32_2x2_8x32x1_8x32x1_1x32x1x8_8_1x1_intrawave_v3,731.44,1552.01,0.0
256,4626,8192,512,ck,0,0,53.2694,a8w8_blockscale_1x128x128_256x128x128x128_16x16_32x32_2x2_8x32x1_8x32x1_1x32x1x8_8_1x1_intrawave_v3,728.48,1546.01,0.0
256,4642,8192,512,ck,0,0,53.3082,a8w8_blockscale_1x128x128_256x128x128x128_16x16_32x32_2x2_8x32x1_8x32x1_1x32x1x8_8_1x1_intrawave_v3,730.47,1549.96,0.0
256,4703,8192,512,ck,0,0,53.3538,a8w8_blockscale_1x128x128_256x128x128x128_16x16_32x32_2x2_8x32x1_8x32x1_1x32x1x8_8_1x1_intrawave_v3,739.43,1567.95,0.0
256,4645,8192,512,ck,0,0,53.376,a8w8_blockscale_1x128x128_256x128x128x128_16x16_32x32_2x2_8x32x1_8x32x1_1x32x1x8_8_1x1_intrawave_v3,730.01,1548.94,0.0
256,4615,8192,512,ck,0,0,53.3866,a8w8_blockscale_1x128x128_256x128x128x128_16x16_32x32_2x2_8x32x1_8x32x1_1x32x1x8_8_1x1_intrawave_v3,725.15,1539.14,0.0
256,4751,8192,512,ck,0,0,53.3999,a8w8_blockscale_1x128x128_256x128x128x128_16x16_32x32_2x2_8x32x1_8x32x1_1x32x1x8_8_1x1_intrawave_v3,746.34,1581.79,0.0
256,4618,8192,512,ck,0,0,53.4009,a8w8_blockscale_1x128x128_256x128x128x128_16x16_32x32_2x2_8x32x1_8x32x1_1x32x1x8_8_1x1_intrawave_v3,725.43,1539.68,0.0
256,4705,8192,512,ck,0,0,53.4077,a8w8_blockscale_1x128x128_256x128x128x128_16x16_32x32_2x2_8x32x1_8x32x1_1x32x1x8_8_1x1_intrawave_v3,739.0,1567.0,0.0
256,4672,8192,512,ck,0,0,53.4153,a8w8_blockscale_1x128x128_256x128x128x128_16x16_32x32_2x2_8x32x1_8x32x1_1x32x1x8_8_1x1_intrawave_v3,733.71,1556.34,0.0
256,4629,8192,512,ck,0,0,53.4319,a8w8_blockscale_1x128x128_256x128x128x128_16x16_32x32_2x2_8x32x1_8x32x1_1x32x1x8_8_1x1_intrawave_v3,726.74,1542.26,0.0
256,304,9216,7168,ck,0,0,53.447,a8w8_blockscale_1x128x128_256x128x128x128_16x16_32x32_2x2_8x32x1_8x32x1_1x32x1x8_8_1x1_intrawave_v3,751.49,1381.61,0.0
256,4832,8192,512,ck,0,0,53.4497,a8w8_blockscale_1x128x128_256x128x128x128_16x16_32x32_2x2_8x32x1_8x32x1_1x32x1x8_8_1x1_intrawave_v3,758.35,1605.92,0.0
256,4714,8192,512,ck,0,0,53.4499,a8w8_blockscale_1x128x128_256x128x128x128_16x16_32x32_2x2_8x32x1_8x32x1_1x32x1x8_8_1x1_intrawave_v3,739.83,1568.61,0.0
256,809,7168,4096,ck,14,0,53.4563,a8w8_blockscale_1x128x128_256x64x256x128_16x16_32x32_2x2_8x32x1_8x32x1_1x32x1x8_8_1x1_intrawave_v1,888.66,828.18,0.0
256,4640,8192,512,ck,0,0,53.5167,a8w8_blockscale_1x128x128_256x128x128x128_16x16_32x32_2x2_8x32x1_8x32x1_1x32x1x8_8_1x1_intrawave_v3,727.31,1543.29,0.0
256,4701,8192,512,ck,0,0,53.5281,a8w8_blockscale_1x128x128_256x128x128x128_16x16_32x32_2x2_8x32x1_8x32x1_1x32x1x8_8_1x1_intrawave_v3,736.71,1562.21,0.0
256,4694,8192,512,ck,0,0,53.5389,a8w8_blockscale_1x128x128_256x128x128x128_16x16_32x32_2x2_8x32x1_8x32x1_1x32x1x8_8_1x1_intrawave_v3,735.47,1559.69,0.0
256,4656,8192,512,ck,0,0,53.5488,a8w8_blockscale_1x128x128_256x128x128x128_16x16_32x32_2x2_8x32x1_8x32x1_1x32x1x8_8_1x1_intrawave_v3,729.38,1547.41,0.0
256,4708,8192,512,ck,0,0,53.5515,a8w8_blockscale_1x128x128_256x128x128x128_16x16_32x32_2x2_8x32x1_8x32x1_1x32x1x8_8_1x1_intrawave_v3,737.49,1563.74,0.0
256,4634,8192,512,ck,0,0,53.5599,a8w8_blockscale_1x128x128_256x128x128x128_16x16_32x32_2x2_8x32x1_8x32x1_1x32x1x8_8_1x1_intrawave_v3,725.78,1540.15,0.0
256,4748,8192,512,ck,0,0,53.5651,a8w8_blockscale_1x128x128_256x128x128x128_16x16_32x32_2x2_8x32x1_8x32x1_1x32x1x8_8_1x1_intrawave_v3,743.56,1575.96,0.0
256,4655,8192,512,ck,0,0,53.5843,a8w8_blockscale_1x128x128_256x128x128x128_16x16_32x32_2x2_8x32x1_8x32x1_1x32x1x8_8_1x1_intrawave_v3,728.74,1546.07,0.0
256,4632,8192,512,ck,0,0,53.6099,a8w8_blockscale_1x128x128_256x128x128x128_16x16_32x32_2x2_8x32x1_8x32x1_1x32x1x8_8_1x1_intrawave_v3,724.79,1538.08,0.0
256,4666,8192,512,ck,0,0,53.6297,a8w8_blockscale_1x128x128_256x128x128x128_16x16_32x32_2x2_8x32x1_8x32x1_1x32x1x8_8_1x1_intrawave_v3,729.84,1548.23,0.0
256,4801,8192,512,ck,0,0,53.6342,a8w8_blockscale_1x128x128_256x128x128x128_16x16_32x32_2x2_8x32x1_8x32x1_1x32x1x8_8_1x1_intrawave_v3,750.9,1590.63,0.0
256,4660,8192,512,ck,0,0,53.642,a8w8_blockscale_1x128x128_256x128x128x128_16x16_32x32_2x2_8x32x1_8x32x1_1x32x1x8_8_1x1_intrawave_v3,728.74,1545.98,0.0
256,4670,8192,512,ck,0,0,53.6488,a8w8_blockscale_1x128x128_256x128x128x128_16x16_32x32_2x2_8x32x1_8x32x1_1x32x1x8_8_1x1_intrawave_v3,730.21,1548.94,0.0
256,4638,8192,512,ck,0,0,53.6556,a8w8_blockscale_1x128x128_256x128x128x128_16x16_32x32_2x2_8x32x1_8x32x1_1x32x1x8_8_1x1_intrawave_v3,725.11,1538.66,0.0
256,4628,8192,512,ck,0,0,53.6567,a8w8_blockscale_1x128x128_256x128x128x128_16x16_32x32_2x2_8x32x1_8x32x1_1x32x1x8_8_1x1_intrawave_v3,723.53,1535.48,0.0
256,4712,8192,512,ck,0,0,53.6722,a8w8_blockscale_1x128x128_256x128x128x128_16x16_32x32_2x2_8x32x1_8x32x1_1x32x1x8_8_1x1_intrawave_v3,736.45,1561.48,0.0
256,4716,8192,512,ck,0,0,53.6725,a8w8_blockscale_1x128x128_256x128x128x128_16x16_32x32_2x2_8x32x1_8x32x1_1x32x1x8_8_1x1_intrawave_v3,737.08,1562.73,0.0
256,4848,8192,512,ck,0,0,53.7016,a8w8_blockscale_1x128x128_256x128x128x128_16x16_32x32_2x2_8x32x1_8x32x1_1x32x1x8_8_1x1_intrawave_v3,757.3,1603.42,0.0
256,4798,8192,512,ck,0,0,53.7046,a8w8_blockscale_1x128x128_256x128x128x128_16x16_32x32_2x2_8x32x1_8x32x1_1x32x1x8_8_1x1_intrawave_v3,749.44,1587.6,0.0
256,4636,8192,512,ck,0,0,53.7231,a8w8_blockscale_1x128x128_256x128x128x128_16x16_32x32_2x2_8x32x1_8x32x1_1x32x1x8_8_1x1_intrawave_v3,723.89,1536.1,0.0
256,4726,8192,512,ck,0,0,53.7608,a8w8_blockscale_1x128x128_256x128x128x128_16x16_32x32_2x2_8x32x1_8x32x1_1x32x1x8_8_1x1_intrawave_v3,737.43,1563.31,0.0
256,4750,8192,512,ck,0,0,53.7671,a8w8_blockscale_1x128x128_256x128x128x128_16x16_32x32_2x2_8x32x1_8x32x1_1x32x1x8_8_1x1_intrawave_v3,741.08,1570.67,0.0
256,4720,8192,512,ck,0,0,53.7692,a8w8_blockscale_1x128x128_256x128x128x128_16x16_32x32_2x2_8x32x1_8x32x1_1x32x1x8_8_1x1_intrawave_v3,736.37,1561.18,0.0
256,320,9216,7168,ck,0,0,53.7724,a8w8_blockscale_1x128x128_256x128x128x128_16x16_32x32_2x2_8x32x1_8x32x1_1x32x1x8_8_1x1_intrawave_v3,786.25,1380.86,0.0
256,4715,8192,512,ck,0,0,53.7767,a8w8_blockscale_1x128x128_256x128x128x128_16x16_32x32_2x2_8x32x1_8x32x1_1x32x1x8_8_1x1_intrawave_v3,735.49,1559.39,0.0
256,814,7168,4096,ck,14,0,53.7985,a8w8_blockscale_1x128x128_256x64x256x128_16x16_32x32_2x2_8x32x1_8x32x1_1x32x1x8_8_1x1_intrawave_v1,888.47,824.63,0.0
256,4690,8192,512,ck,0,0,53.8077,a8w8_blockscale_1x128x128_256x128x128x128_16x16_32x32_2x2_8x32x1_8x32x1_1x32x1x8_8_1x1_intrawave_v3,731.17,1550.64,0.0
256,4704,8192,512,ck,0,0,53.8095,a8w8_blockscale_1x128x128_256x128x128x128_16x16_32x32_2x2_8x32x1_8x32x1_1x32x1x8_8_1x1_intrawave_v3,733.33,1554.99,0.0
256,4929,8192,512,ck,0,0,53.8128,a8w8_blockscale_1x128x128_256x128x128x128_16x16_32x32_2x2_8x32x1_8x32x1_1x32x1x8_8_1x1_intrawave_v3,768.36,1625.54,0.0
256,4773,8192,512,ck,0,0,53.826,a8w8_blockscale_1x128x128_256x128x128x128_16x16_32x32_2x2_8x32x1_8x32x1_1x32x1x8_8_1x1_intrawave_v3,743.86,1576.17,0.0
256,4785,8192,512,ck,0,0,53.8492,a8w8_blockscale_1x128x128_256x128x128x128_16x16_32x32_2x2_8x32x1_8x32x1_1x32x1x8_8_1x1_intrawave_v3,745.41,1579.26,0.0
256,4610,8192,512,ck,0,0,53.8627,a8w8_blockscale_1x128x128_256x128x128x128_16x16_32x32_2x2_8x32x1_8x32x1_1x32x1x8_8_1x1_intrawave_v3,717.96,1523.96,0.0
256,4967,8192,512,ck,0,0,53.88,a8w8_blockscale_1x128x128_256x128x128x128_16x16_32x32_2x2_8x32x1_8x32x1_1x32x1x8_8_1x1_intrawave_v3,773.32,1635.43,0.0
256,4763,8192,512,ck,0,0,53.8863,a8w8_blockscale_1x128x128_256x128x128x128_16x16_32x32_2x2_8x32x1_8x32x1_1x32x1x8_8_1x1_intrawave_v3,741.47,1571.27,0.0
256,4861,8192,512,ck,0,0,53.9024,a8w8_blockscale_1x128x128_256x128x128x128_16x16_32x32_2x2_8x32x1_8x32x1_1x32x1x8_8_1x1_intrawave_v3,756.5,1601.52,0.0
256,4902,8192,512,ck,0,0,53.9139,a8w8_blockscale_1x128x128_256x128x128x128_16x16_32x32_2x2_8x32x1_8x32x1_1x32x1x8_8_1x1_intrawave_v3,762.72,1614.03,0.0
256,4770,8192,512,ck,0,0,53.9208,a8w8_blockscale_1x128x128_256x128x128x128_16x16_32x32_2x2_8x32x1_8x32x1_1x32x1x8_8_1x1_intrawave_v3,742.08,1572.46,0.0
256,877,7168,4096,ck,0,0,53.9274,a8w8_blockscale_1x128x128_256x128x128x128_16x16_32x32_2x2_8x32x1_8x32x1_1x32x1x8_8_1x1_intrawave_v3,954.94,844.19,0.0
256,4760,8192,512,ck,0,0,53.9373,a8w8_blockscale_1x128x128_256x128x128x128_16x16_32x32_2x2_8x32x1_8x32x1_1x32x1x8_8_1x1_intrawave_v3,740.3,1568.85,0.0
256,4793,8192,512,ck,0,0,53.9509,a8w8_blockscale_1x128x128_256x128x128x128_16x16_32x32_2x2_8x32x1_8x32x1_1x32x1x8_8_1x1_intrawave_v3,745.24,1578.78,0.0
256,4664,8192,512,ck,0,0,53.9669,a8w8_blockscale_1x128x128_256x128x128x128_16x16_32x32_2x2_8x32x1_8x32x1_1x32x1x8_8_1x1_intrawave_v3,724.97,1537.93,0.0
256,4679,8192,512,ck,0,0,53.97,a8w8_blockscale_1x128x128_256x128x128x128_16x16_32x32_2x2_8x32x1_8x32x1_1x32x1x8_8_1x1_intrawave_v3,727.26,1542.54,0.0
256,4745,8192,512,ck,0,0,53.9868,a8w8_blockscale_1x128x128_256x128x128x128_16x16_32x32_2x2_8x32x1_8x32x1_1x32x1x8_8_1x1_intrawave_v3,737.29,1562.71,0.0
256,4791,8192,512,ck,0,0,53.9884,a8w8_blockscale_1x128x128_256x128x128x128_16x16_32x32_2x2_8x32x1_8x32x1_1x32x1x8_8_1x1_intrawave_v3,744.42,1577.06,0.0
256,4710,8192,512,ck,0,0,53.9912,a8w8_blockscale_1x128x128_256x128x128x128_16x16_32x32_2x2_8x32x1_8x32x1_1x32x1x8_8_1x1_intrawave_v3,731.79,1551.63,0.0
256,813,7168,4096,ck,14,0,53.9916,a8w8_blockscale_1x128x128_256x64x256x128_16x16_32x32_2x2_8x32x1_8x32x1_1x32x1x8_8_1x1_intrawave_v1,884.2,821.34,0.0
256,4711,8192,512,ck,0,0,54.0,a8w8_blockscale_1x128x128_256x128x128x128_16x16_32x32_2x2_8x32x1_8x32x1_1x32x1x8_8_1x1_intrawave_v3,731.83,1551.69,0.0
256,4807,8192,512,ck,0,0,54.0012,a8w8_blockscale_1x128x128_256x128x128x128_16x16_32x32_2x2_8x32x1_8x32x1_1x32x1x8_8_1x1_intrawave_v3,746.72,1581.69,0.0
256,4752,8192,512,ck,0,0,54.0032,a8w8_blockscale_1x128x128_256x128x128x128_16x16_32x32_2x2_8x32x1_8x32x1_1x32x1x8_8_1x1_intrawave_v3,738.15,1564.43,0.0
256,4669,8192,512,ck,0,0,54.0283,a8w8_blockscale_1x128x128_256x128x128x128_16x16_32x32_2x2_8x32x1_8x32x1_1x32x1x8_8_1x1_intrawave_v3,724.92,1537.74,0.0
256,4707,8192,512,ck,0,0,54.0319,a8w8_blockscale_1x128x128_256x128x128x128_16x16_32x32_2x2_8x32x1_8x32x1_1x32x1x8_8_1x1_intrawave_v3,730.78,1549.52,0.0
256,4853,8192,512,ck,0,0,54.0347,a8w8_blockscale_1x128x128_256x128x128x128_16x16_32x32_2x2_8x32x1_8x32x1_1x32x1x8_8_1x1_intrawave_v3,753.4,1595.1,0.0
256,4700,8192,512,ck,0,0,54.0503,a8w8_blockscale_1x128x128_256x128x128x128_16x16_32x32_2x2_8x32x1_8x32x1_1x32x1x8_8_1x1_intrawave_v3,729.44,1546.81,0.0
256,4637,8192,512,ck,0,0,54.0515,a8w8_blockscale_1x128x128_256x128x128x128_16x16_32x32_2x2_8x32x1_8x32x1_1x32x1x8_8_1x1_intrawave_v3,719.65,1527.08,0.0
256,4799,8192,512,ck,0,0,54.0575,a8w8_blockscale_1x128x128_256x128x128x128_16x16_32x32_2x2_8x32x1_8x32x1_1x32x1x8_8_1x1_intrawave_v3,744.71,1577.55,0.0
256,830,7168,4096,ck,14,0,54.0607,a8w8_blockscale_1x128x128_256x64x256x128_16x16_32x32_2x2_8x32x1_8x32x1_1x32x1x8_8_1x1_intrawave_v1,901.54,826.08,0.0
256,4927,8192,512,ck,0,0,54.0613,a8w8_blockscale_1x128x128_256x128x128x128_16x16_32x32_2x2_8x32x1_8x32x1_1x32x1x8_8_1x1_intrawave_v3,764.51,1617.44,0.0
256,4804,8192,512,ck,0,0,54.0847,a8w8_blockscale_1x128x128_256x128x128x128_16x16_32x32_2x2_8x32x1_8x32x1_1x32x1x8_8_1x1_intrawave_v3,745.11,1578.31,0.0
256,4689,8192,512,ck,0,0,54.098,a8w8_blockscale_1x128x128_256x128x128x128_16x16_32x32_2x2_8x32x1_8x32x1_1x32x1x8_8_1x1_intrawave_v3,727.09,1542.01,0.0
256,4968,8192,512,ck,0,0,54.1288,a8w8_blockscale_1x128x128_256x128x128x128_16x16_32x32_2x2_8x32x1_8x32x1_1x32x1x8_8_1x1_intrawave_v3,769.92,1628.22,0.0
256,4780,8192,512,ck,0,0,54.1348,a8w8_blockscale_1x128x128_256x128x128x128_16x16_32x32_2x2_8x32x1_8x32x1_1x32x1x8_8_1x1_intrawave_v3,740.7,1569.36,0.0
256,4884,8192,512,ck,0,0,54.1388,a8w8_blockscale_1x128x128_256x128x128x128_16x16_32x32_2x2_8x32x1_8x32x1_1x32x1x8_8_1x1_intrawave_v3,756.76,1601.7,0.0
256,4909,8192,512,ck,0,0,54.1589,a8w8_blockscale_1x128x128_256x128x128x128_16x16_32x32_2x2_8x32x1_8x32x1_1x32x1x8_8_1x1_intrawave_v3,760.35,1608.91,0.0
256,910,7168,4096,ck,0,0,54.1653,a8w8_blockscale_1x128x128_256x128x128x128_16x16_32x32_2x2_8x32x1_8x32x1_1x32x1x8_8_1x1_intrawave_v3,986.53,851.71,0.0
256,4777,8192,512,ck,0,0,54.1671,a8w8_blockscale_1x128x128_256x128x128x128_16x16_32x32_2x2_8x32x1_8x32x1_1x32x1x8_8_1x1_intrawave_v3,739.79,1567.49,0.0
256,4695,8192,512,ck,0,0,54.1746,a8w8_blockscale_1x128x128_256x128x128x128_16x16_32x32_2x2_8x32x1_8x32x1_1x32x1x8_8_1x1_intrawave_v3,726.99,1541.7,0.0
256,4835,8192,512,ck,0,0,54.1766,a8w8_blockscale_1x128x128_256x128x128x128_16x16_32x32_2x2_8x32x1_8x32x1_1x32x1x8_8_1x1_intrawave_v3,748.64,1585.31,0.0
256,4859,8192,512,ck,0,0,54.1808,a8w8_blockscale_1x128x128_256x128x128x128_16x16_32x32_2x2_8x32x1_8x32x1_1x32x1x8_8_1x1_intrawave_v3,752.3,1592.67,0.0
256,4984,8192,512,ck,0,0,54.1876,a8w8_blockscale_1x128x128_256x128x128x128_16x16_32x32_2x2_8x32x1_8x32x1_1x32x1x8_8_1x1_intrawave_v3,771.56,1631.44,0.0
256,4789,8192,512,ck,0,0,54.2036,a8w8_blockscale_1x128x128_256x128x128x128_16x16_32x32_2x2_8x32x1_8x32x1_1x32x1x8_8_1x1_intrawave_v3,741.15,1570.18,0.0
256,4852,8192,512,ck,0,0,54.2069,a8w8_blockscale_1x128x128_256x128x128x128_16x16_32x32_2x2_8x32x1_8x32x1_1x32x1x8_8_1x1_intrawave_v3,750.86,1589.72,0.0
256,4796,8192,512,ck,0,0,54.2727,a8w8_blockscale_1x128x128_256x128x128x128_16x16_32x32_2x2_8x32x1_8x32x1_1x32x1x8_8_1x1_intrawave_v3,741.29,1570.36,0.0
256,4892,8192,512,ck,0,0,54.2732,a8w8_blockscale_1x128x128_256x128x128x128_16x16_32x32_2x2_8x32x1_8x32x1_1x32x1x8_8_1x1_intrawave_v3,756.12,1600.23,0.0
256,4662,8192,512,ck,0,0,54.2843,a8w8_blockscale_1x128x128_256x128x128x128_16x16_32x32_2x2_8x32x1_8x32x1_1x32x1x8_8_1x1_intrawave_v3,720.42,1528.31,0.0
256,902,7168,4096,ck,0,0,54.2882,a8w8_blockscale_1x128x128_256x128x128x128_16x16_32x32_2x2_8x32x1_8x32x1_1x32x1x8_8_1x1_intrawave_v3,975.64,847.07,0.0
256,336,9216,7168,ck,0,0,54.3137,a8w8_blockscale_1x128x128_256x128x128x128_16x16_32x32_2x2_8x32x1_8x32x1_1x32x1x8_8_1x1_intrawave_v3,817.34,1374.64,0.0
256,4740,8192,512,ck,0,0,54.3271,a8w8_blockscale_1x128x128_256x128x128x128_16x16_32x32_2x2_8x32x1_8x32x1_1x32x1x8_8_1x1_intrawave_v3,731.9,1551.37,0.0
256,4774,8192,512,ck,0,0,54.3336,a8w8_blockscale_1x128x128_256x128x128x128_16x16_32x32_2x2_8x32x1_8x32x1_1x32x1x8_8_1x1_intrawave_v3,737.06,1561.76,0.0
256,4844,8192,512,ck,0,0,54.3474,a8w8_blockscale_1x128x128_256x128x128x128_16x16_32x32_2x2_8x32x1_8x32x1_1x32x1x8_8_1x1_intrawave_v3,747.68,1583.12,0.0
256,4614,8192,512,ck,0,0,54.3608,a8w8_blockscale_1x128x128_256x128x128x128_16x16_32x32_2x2_8x32x1_8x32x1_1x32x1x8_8_1x1_intrawave_v3,712.0,1511.24,0.0
256,2748,6144,1536,ck,0,0,54.3682,a8w8_blockscale_1x128x128_256x128x128x128_16x16_32x32_2x2_8x32x1_8x32x1_1x32x1x8_8_1x1_intrawave_v3,953.99,872.3,0.0
256,4928,8192,512,ck,0,0,54.3693,a8w8_blockscale_1x128x128_256x128x128x128_16x16_32x32_2x2_8x32x1_8x32x1_1x32x1x8_8_1x1_intrawave_v3,760.34,1608.59,0.0
256,2714,6144,1536,ck,0,0,54.3742,a8w8_blockscale_1x128x128_256x128x128x128_16x16_32x32_2x2_8x32x1_8x32x1_1x32x1x8_8_1x1_intrawave_v3,942.08,863.56,0.0
256,4959,8192,512,ck,0,0,54.3819,a8w8_blockscale_1x128x128_256x128x128x128_16x16_32x32_2x2_8x32x1_8x32x1_1x32x1x8_8_1x1_intrawave_v3,764.94,1617.85,0.0
256,4729,8192,512,ck,0,0,54.3863,a8w8_blockscale_1x128x128_256x128x128x128_16x16_32x32_2x2_8x32x1_8x32x1_1x32x1x8_8_1x1_intrawave_v3,729.41,1546.26,0.0
256,4818,8192,512,ck,0,0,54.3915,a8w8_blockscale_1x128x128_256x128x128x128_16x16_32x32_2x2_8x32x1_8x32x1_1x32x1x8_8_1x1_intrawave_v3,743.06,1573.76,0.0
256,2746,6144,1536,ck,0,0,54.3952,a8w8_blockscale_1x128x128_256x128x128x128_16x16_32x32_2x2_8x32x1_8x32x1_1x32x1x8_8_1x1_intrawave_v3,952.82,871.36,0.0
256,4743,8192,512,ck,0,0,54.4132,a8w8_blockscale_1x128x128_256x128x128x128_16x16_32x32_2x2_8x32x1_8x32x1_1x32x1x8_8_1x1_intrawave_v3,731.2,1549.85,0.0
256,4899,8192,512,ck,0,0,54.4196,a8w8_blockscale_1x128x128_256x128x128x128_16x16_32x32_2x2_8x32x1_8x32x1_1x32x1x8_8_1x1_intrawave_v3,755.17,1598.1,0.0
256,4821,8192,512,ck,0,0,54.4327,a8w8_blockscale_1x128x128_256x128x128x128_16x16_32x32_2x2_8x32x1_8x32x1_1x32x1x8_8_1x1_intrawave_v3,742.96,1573.5,0.0
256,4841,8192,512,ck,0,0,54.4378,a8w8_blockscale_1x128x128_256x128x128x128_16x16_32x32_2x2_8x32x1_8x32x1_1x32x1x8_8_1x1_intrawave_v3,745.98,1579.56,0.0
256,4965,8192,512,ck,0,0,54.4511,a8w8_blockscale_1x128x128_256x128x128x128_16x16_32x32_2x2_8x32x1_8x32x1_1x32x1x8_8_1x1_intrawave_v3,764.9,1617.65,0.0
256,2702,6144,1536,ck,0,0,54.468,a8w8_blockscale_1x128x128_256x128x128x128_16x16_32x32_2x2_8x32x1_8x32x1_1x32x1x8_8_1x1_intrawave_v3,936.3,859.03,0.0
256,2694,6144,1536,ck,0,0,54.4791,a8w8_blockscale_1x128x128_256x128x128x128_16x16_32x32_2x2_8x32x1_8x32x1_1x32x1x8_8_1x1_intrawave_v3,933.34,856.82,0.0
256,4758,8192,512,ck,0,0,54.4808,a8w8_blockscale_1x128x128_256x128x128x128_16x16_32x32_2x2_8x32x1_8x32x1_1x32x1x8_8_1x1_intrawave_v3,732.61,1552.57,0.0
256,734,7168,4608,ck,0,0,54.4966,a8w8_blockscale_1x128x128_256x128x128x128_16x16_32x32_2x2_8x32x1_8x32x1_1x32x1x8_8_1x1_intrawave_v3,889.75,861.25,0.0
256,4889,8192,512,ck,0,0,54.5155,a8w8_blockscale_1x128x128_256x128x128x128_16x16_32x32_2x2_8x32x1_8x32x1_1x32x1x8_8_1x1_intrawave_v3,752.3,1592.19,0.0
256,4964,8192,512,ck,0,0,54.5156,a8w8_blockscale_1x128x128_256x128x128x128_16x16_32x32_2x2_8x32x1_8x32x1_1x32x1x8_8_1x1_intrawave_v3,763.84,1615.43,0.0
256,4885,8192,512,ck,0,0,54.5524,a8w8_blockscale_1x128x128_256x128x128x128_16x16_32x32_2x2_8x32x1_8x32x1_1x32x1x8_8_1x1_intrawave_v3,751.17,1589.87,0.0
256,4969,8192,512,ck,0,0,54.5536,a8w8_blockscale_1x128x128_256x128x128x128_16x16_32x32_2x2_8x32x1_8x32x1_1x32x1x8_8_1x1_intrawave_v3,764.07,1615.85,0.0
256,4925,8192,512,ck,0,0,54.5536,a8w8_blockscale_1x128x128_256x128x128x128_16x16_32x32_2x2_8x32x1_8x32x1_1x32x1x8_8_1x1_intrawave_v3,757.31,1602.22,0.0
256,4810,8192,512,ck,0,0,54.5582,a8w8_blockscale_1x128x128_256x128x128x128_16x16_32x32_2x2_8x32x1_8x32x1_1x32x1x8_8_1x1_intrawave_v3,739.56,1566.48,0.0
256,2711,6144,1536,ck,0,0,54.5701,a8w8_blockscale_1x128x128_256x128x128x128_16x16_32x32_2x2_8x32x1_8x32x1_1x32x1x8_8_1x1_intrawave_v3,937.66,859.7,0.0
256,2734,6144,1536,ck,0,0,54.5708,a8w8_blockscale_1x128x128_256x128x128x128_16x16_32x32_2x2_8x32x1_8x32x1_1x32x1x8_8_1x1_intrawave_v3,945.61,865.52,0.0
256,920,7168,4096,ck,0,0,54.6092,a8w8_blockscale_1x128x128_256x128x128x128_16x16_32x32_2x2_8x32x1_8x32x1_1x32x1x8_8_1x1_intrawave_v3,989.26,848.16,0.0
256,4915,8192,512,ck,0,0,54.6131,a8w8_blockscale_1x128x128_256x128x128x128_16x16_32x32_2x2_8x32x1_8x32x1_1x32x1x8_8_1x1_intrawave_v3,754.95,1597.38,0.0
256,4616,8192,512,ck,0,0,54.6164,a8w8_blockscale_1x128x128_256x128x128x128_16x16_32x32_2x2_8x32x1_8x32x1_1x32x1x8_8_1x1_intrawave_v3,708.98,1504.79,0.0
256,4794,8192,512,ck,0,0,54.6283,a8w8_blockscale_1x128x128_256x128x128x128_16x16_32x32_2x2_8x32x1_8x32x1_1x32x1x8_8_1x1_intrawave_v3,736.16,1559.52,0.0
256,4856,8192,512,ck,0,0,54.6472,a8w8_blockscale_1x128x128_256x128x128x128_16x16_32x32_2x2_8x32x1_8x32x1_1x32x1x8_8_1x1_intrawave_v3,745.42,1578.15,0.0
256,4940,8192,512,ck,0,0,54.6496,a8w8_blockscale_1x128x128_256x128x128x128_16x16_32x32_2x2_8x32x1_8x32x1_1x32x1x8_8_1x1_intrawave_v3,758.28,1604.05,0.0
256,4952,8192,512,ck,0,0,54.6561,a8w8_blockscale_1x128x128_256x128x128x128_16x16_32x32_2x2_8x32x1_8x32x1_1x32x1x8_8_1x1_intrawave_v3,760.03,1607.57,0.0
256,4826,8192,512,ck,0,0,54.6754,a8w8_blockscale_1x128x128_256x128x128x128_16x16_32x32_2x2_8x32x1_8x32x1_1x32x1x8_8_1x1_intrawave_v3,740.43,1568.06,0.0
256,4962,8192,512,ck,0,0,54.6771,a8w8_blockscale_1x128x128_256x128x128x128_16x16_32x32_2x2_8x32x1_8x32x1_1x32x1x8_8_1x1_intrawave_v3,761.27,1610.04,0.0
256,4847,8192,512,ck,0,0,54.6788,a8w8_blockscale_1x128x128_256x128x128x128_16x16_32x32_2x2_8x32x1_8x32x1_1x32x1x8_8_1x1_intrawave_v3,743.61,1574.45,0.0
256,2740,6144,1536,ck,0,0,54.6983,a8w8_blockscale_1x128x128_256x128x128x128_16x16_32x32_2x2_8x32x1_8x32x1_1x32x1x8_8_1x1_intrawave_v3,945.47,865.02,0.0
256,4938,8192,512,ck,0,0,54.7016,a8w8_blockscale_1x128x128_256x128x128x128_16x16_32x32_2x2_8x32x1_8x32x1_1x32x1x8_8_1x1_intrawave_v3,757.25,1601.9,0.0
256,2747,6144,1536,ck,0,0,54.7032,a8w8_blockscale_1x128x128_256x128x128x128_16x16_32x32_2x2_8x32x1_8x32x1_1x32x1x8_8_1x1_intrawave_v3,947.8,866.71,0.0
256,4784,8192,512,ck,0,0,54.7084,a8w8_blockscale_1x128x128_256x128x128x128_16x16_32x32_2x2_8x32x1_8x32x1_1x32x1x8_8_1x1_intrawave_v3,733.55,1554.14,0.0
256,5046,8192,512,ck,0,0,54.7135,a8w8_blockscale_1x128x128_256x128x128x128_16x16_32x32_2x2_8x32x1_8x32x1_1x32x1x8_8_1x1_intrawave_v3,773.65,1634.91,0.0
256,4879,8192,512,ck,0,0,54.7183,a8w8_blockscale_1x128x128_256x128x128x128_16x16_32x32_2x2_8x32x1_8x32x1_1x32x1x8_8_1x1_intrawave_v3,747.98,1583.2,0.0
256,4839,8192,512,ck,0,0,54.7352,a8w8_blockscale_1x128x128_256x128x128x128_16x16_32x32_2x2_8x32x1_8x32x1_1x32x1x8_8_1x1_intrawave_v3,741.62,1570.36,0.0
256,4843,8192,512,ck,0,0,54.7408,a8w8_blockscale_1x128x128_256x128x128x128_16x16_32x32_2x2_8x32x1_8x32x1_1x32x1x8_8_1x1_intrawave_v3,742.15,1571.44,0.0
256,2713,6144,1536,ck,0,0,54.7805,a8w8_blockscale_1x128x128_256x128x128x128_16x16_32x32_2x2_8x32x1_8x32x1_1x32x1x8_8_1x1_intrawave_v3,934.75,856.91,0.0
256,4991,8192,512,ck,0,0,54.7848,a8w8_blockscale_1x128x128_256x128x128x128_16x16_32x32_2x2_8x32x1_8x32x1_1x32x1x8_8_1x1_intrawave_v3,764.22,1615.82,0.0
256,2784,6144,1536,ck,0,0,54.8349,a8w8_blockscale_1x128x128_256x128x128x128_16x16_32x32_2x2_8x32x1_8x32x1_1x32x1x8_8_1x1_intrawave_v3,958.26,873.95,0.0
256,4792,8192,512,ck,0,0,54.8612,a8w8_blockscale_1x128x128_256x128x128x128_16x16_32x32_2x2_8x32x1_8x32x1_1x32x1x8_8_1x1_intrawave_v3,732.73,1552.28,0.0
256,4881,8192,512,ck,0,0,54.8779,a8w8_blockscale_1x128x128_256x128x128x128_16x16_32x32_2x2_8x32x1_8x32x1_1x32x1x8_8_1x1_intrawave_v3,746.11,1579.21,0.0
256,4834,8192,512,ck,0,0,54.898,a8w8_blockscale_1x128x128_256x128x128x128_16x16_32x32_2x2_8x32x1_8x32x1_1x32x1x8_8_1x1_intrawave_v3,738.65,1564.17,0.0
256,4907,8192,512,ck,0,0,54.8988,a8w8_blockscale_1x128x128_256x128x128x128_16x16_32x32_2x2_8x32x1_8x32x1_1x32x1x8_8_1x1_intrawave_v3,749.8,1586.61,0.0
256,856,7168,4096,ck,0,0,54.9034,a8w8_blockscale_1x128x128_256x128x128x128_16x16_32x32_2x2_8x32x1_8x32x1_1x32x1x8_8_1x1_intrawave_v3,915.51,822.13,0.0
256,5008,8192,512,ck,0,0,54.9131,a8w8_blockscale_1x128x128_256x128x128x128_16x16_32x32_2x2_8x32x1_8x32x1_1x32x1x8_8_1x1_intrawave_v3,765.03,1617.27,0.0
256,2085,8192,1536,ck,0,0,54.9265,a8w8_blockscale_1x128x128_256x128x128x128_16x16_32x32_2x2_8x32x1_8x32x1_1x32x1x8_8_1x1_intrawave_v3,955.29,909.33,0.0
256,2088,8192,1536,ck,0,0,54.9772,a8w8_blockscale_1x128x128_256x128x128x128_16x16_32x32_2x2_8x32x1_8x32x1_1x32x1x8_8_1x1_intrawave_v3,955.78,909.47,0.0
256,5107,8192,512,ck,0,0,54.9828,a8w8_blockscale_1x128x128_256x128x128x128_16x16_32x32_2x2_8x32x1_8x32x1_1x32x1x8_8_1x1_intrawave_v3,779.16,1645.65,0.0
256,4917,8192,512,ck,0,0,54.986,a8w8_blockscale_1x128x128_256x128x128x128_16x16_32x32_2x2_8x32x1_8x32x1_1x32x1x8_8_1x1_intrawave_v3,750.13,1587.17,0.0
256,4943,8192,512,ck,0,0,54.9984,a8w8_blockscale_1x128x128_256x128x128x128_16x16_32x32_2x2_8x32x1_8x32x1_1x32x1x8_8_1x1_intrawave_v3,753.93,1594.8,0.0
256,4830,8192,512,ck,0,0,55.0033,a8w8_blockscale_1x128x128_256x128x128x128_16x16_32x32_2x2_8x32x1_8x32x1_1x32x1x8_8_1x1_intrawave_v3,736.63,1559.94,0.0
256,4836,8192,512,ck,0,0,55.0117,a8w8_blockscale_1x128x128_256x128x128x128_16x16_32x32_2x2_8x32x1_8x32x1_1x32x1x8_8_1x1_intrawave_v3,737.43,1561.55,0.0
256,4894,8192,512,ck,0,0,55.0351,a8w8_blockscale_1x128x128_256x128x128x128_16x16_32x32_2x2_8x32x1_8x32x1_1x32x1x8_8_1x1_intrawave_v3,745.96,1578.69,0.0
256,5069,8192,512,ck,0,0,55.0406,a8w8_blockscale_1x128x128_256x128x128x128_16x16_32x32_2x2_8x32x1_8x32x1_1x32x1x8_8_1x1_intrawave_v3,772.55,1632.25,0.0
256,2794,6144,1536,ck,0,0,55.0536,a8w8_blockscale_1x128x128_256x128x128x128_16x16_32x32_2x2_8x32x1_8x32x1_1x32x1x8_8_1x1_intrawave_v3,957.88,872.99,0.0
256,352,9216,7168,ck,0,0,55.0544,a8w8_blockscale_1x128x128_256x128x128x128_16x16_32x32_2x2_8x32x1_8x32x1_1x32x1x8_8_1x1_intrawave_v3,844.74,1363.59,0.0
256,2909,6144,1536,ck,0,0,55.061,a8w8_blockscale_1x128x128_256x128x128x128_16x16_32x32_2x2_8x32x1_8x32x1_1x32x1x8_8_1x1_intrawave_v3,997.18,901.75,0.0
256,5033,8192,512,ck,0,0,55.0759,a8w8_blockscale_1x128x128_256x128x128x128_16x16_32x32_2x2_8x32x1_8x32x1_1x32x1x8_8_1x1_intrawave_v3,766.58,1620.16,0.0
256,4948,8192,512,ck,0,0,55.076,a8w8_blockscale_1x128x128_256x128x128x128_16x16_32x32_2x2_8x32x1_8x32x1_1x32x1x8_8_1x1_intrawave_v3,753.63,1594.08,0.0
256,5034,8192,512,ck,0,0,55.1111,a8w8_blockscale_1x128x128_256x128x128x128_16x16_32x32_2x2_8x32x1_8x32x1_1x32x1x8_8_1x1_intrawave_v3,766.24,1619.43,0.0
256,4918,8192,512,ck,0,0,55.1372,a8w8_blockscale_1x128x128_256x128x128x128_16x16_32x32_2x2_8x32x1_8x32x1_1x32x1x8_8_1x1_intrawave_v3,748.23,1583.12,0.0
256,5038,8192,512,ck,0,0,55.1551,a8w8_blockscale_1x128x128_256x128x128x128_16x16_32x32_2x2_8x32x1_8x32x1_1x32x1x8_8_1x1_intrawave_v3,766.24,1619.37,0.0
256,4905,8192,512,ck,0,0,55.1588,a8w8_blockscale_1x128x128_256x128x128x128_16x16_32x32_2x2_8x32x1_8x32x1_1x32x1x8_8_1x1_intrawave_v3,745.96,1578.52,0.0
256,4924,8192,512,ck,0,0,55.1648,a8w8_blockscale_1x128x128_256x128x128x128_16x16_32x32_2x2_8x32x1_8x32x1_1x32x1x8_8_1x1_intrawave_v3,748.77,1584.17,0.0
256,849,7168,4096,ck,0,0,55.1692,a8w8_blockscale_1x128x128_256x128x128x128_16x16_32x32_2x2_8x32x1_8x32x1_1x32x1x8_8_1x1_intrawave_v3,903.65,815.83,0.0
256,2729,6144,1536,ck,0,0,55.1724,a8w8_blockscale_1x128x128_256x128x128x128_16x16_32x32_2x2_8x32x1_8x32x1_1x32x1x8_8_1x1_intrawave_v3,933.59,854.83,0.0
256,2842,6144,1536,ck,0,0,55.206,a8w8_blockscale_1x128x128_256x128x128x128_16x16_32x32_2x2_8x32x1_8x32x1_1x32x1x8_8_1x1_intrawave_v3,971.65,882.6,0.0
256,4873,8192,512,ck,0,0,55.2472,a8w8_blockscale_1x128x128_256x128x128x128_16x16_32x32_2x2_8x32x1_8x32x1_1x32x1x8_8_1x1_intrawave_v3,739.91,1566.21,0.0
256,5103,8192,512,ck,0,0,55.2638,a8w8_blockscale_1x128x128_256x128x128x128_16x16_32x32_2x2_8x32x1_8x32x1_1x32x1x8_8_1x1_intrawave_v3,774.6,1636.05,0.0
256,4950,8192,512,ck,0,0,55.2707,a8w8_blockscale_1x128x128_256x128x128x128_16x16_32x32_2x2_8x32x1_8x32x1_1x32x1x8_8_1x1_intrawave_v3,751.28,1589.08,0.0
256,2091,8192,1536,ck,0,0,55.2851,a8w8_blockscale_1x128x128_256x128x128x128_16x16_32x32_2x2_8x32x1_8x32x1_1x32x1x8_8_1x1_intrawave_v3,951.82,905.37,0.0
256,4890,8192,512,ck,0,0,55.306,a8w8_blockscale_1x128x128_256x128x128x128_16x16_32x32_2x2_8x32x1_8x32x1_1x32x1x8_8_1x1_intrawave_v3,741.7,1569.73,0.0
256,4926,8192,512,ck,0,0,55.3108,a8w8_blockscale_1x128x128_256x128x128x128_16x16_32x32_2x2_8x32x1_8x32x1_1x32x1x8_8_1x1_intrawave_v3,747.09,1580.6,0.0
256,2841,6144,1536,ck,0,0,55.3348,a8w8_blockscale_1x128x128_256x128x128x128_16x16_32x32_2x2_8x32x1_8x32x1_1x32x1x8_8_1x1_intrawave_v3,969.05,880.3,0.0
256,5043,8192,512,ck,0,0,55.3425,a8w8_blockscale_1x128x128_256x128x128x128_16x16_32x32_2x2_8x32x1_8x32x1_1x32x1x8_8_1x1_intrawave_v3,764.4,1615.41,0.0
256,2056,8192,1536,ck,0,0,55.3426,a8w8_blockscale_1x128x128_256x128x128x128_16x16_32x32_2x2_8x32x1_8x32x1_1x32x1x8_8_1x1_intrawave_v3,934.92,893.1,0.0
256,2757,6144,1536,ck,0,0,55.3597,a8w8_blockscale_1x128x128_256x128x128x128_16x16_32x32_2x2_8x32x1_8x32x1_1x32x1x8_8_1x1_intrawave_v3,939.97,858.93,0.0
256,5109,8192,512,ck,0,0,55.3628,a8w8_blockscale_1x128x128_256x128x128x128_16x16_32x32_2x2_8x32x1_8x32x1_1x32x1x8_8_1x1_intrawave_v3,774.12,1634.96,0.0
256,5019,8192,512,ck,0,0,55.3671,a8w8_blockscale_1x128x128_256x128x128x128_16x16_32x32_2x2_8x32x1_8x32x1_1x32x1x8_8_1x1_intrawave_v3,760.42,1607.37,0.0
256,869,7168,4096,ck,0,0,55.3857,a8w8_blockscale_1x128x128_256x128x128x128_16x16_32x32_2x2_8x32x1_8x32x1_1x32x1x8_8_1x1_intrawave_v3,921.32,819.3,0.0
256,4911,8192,512,ck,0,0,55.386,a8w8_blockscale_1x128x128_256x128x128x128_16x16_32x32_2x2_8x32x1_8x32x1_1x32x1x8_8_1x1_intrawave_v3,743.81,1573.87,0.0
256,2112,8192,1536,ck,0,0,55.3987,a8w8_blockscale_1x128x128_256x128x128x128_16x16_32x32_2x2_8x32x1_8x32x1_1x32x1x8_8_1x1_intrawave_v3,959.41,910.31,0.0
256,2090,8192,1536,ck,0,0,55.4059,a8w8_blockscale_1x128x128_256x128x128x128_16x16_32x32_2x2_8x32x1_8x32x1_1x32x1x8_8_1x1_intrawave_v3,949.3,903.08,0.0
256,5094,8192,512,ck,0,0,55.4127,a8w8_blockscale_1x128x128_256x128x128x128_16x16_32x32_2x2_8x32x1_8x32x1_1x32x1x8_8_1x1_intrawave_v3,771.15,1628.91,0.0
256,4858,8192,512,ck,0,0,55.4155,a8w8_blockscale_1x128x128_256x128x128x128_16x16_32x32_2x2_8x32x1_8x32x1_1x32x1x8_8_1x1_intrawave_v3,735.39,1556.88,0.0
256,5036,8192,512,ck,0,0,55.4312,a8w8_blockscale_1x128x128_256x128x128x128_16x16_32x32_2x2_8x32x1_8x32x1_1x32x1x8_8_1x1_intrawave_v3,762.12,1610.69,0.0
256,5055,8192,512,ck,0,0,55.4451,a8w8_blockscale_1x128x128_256x128x128x128_16x16_32x32_2x2_8x32x1_8x32x1_1x32x1x8_8_1x1_intrawave_v3,764.8,1616.08,0.0
256,4768,8192,512,ck,0,0,55.4704,a8w8_blockscale_1x128x128_256x128x128x128_16x16_32x32_2x2_8x32x1_8x32x1_1x32x1x8_8_1x1_intrawave_v3,721.05,1527.92,0.0
256,2889,6144,1536,ck,0,0,55.4729,a8w8_blockscale_1x128x128_256x128x128x128_16x16_32x32_2x2_8x32x1_8x32x1_1x32x1x8_8_1x1_intrawave_v3,982.97,890.07,0.0
256,5051,8192,512,ck,0,0,55.5054,a8w8_blockscale_1x128x128_256x128x128x128_16x16_32x32_2x2_8x32x1_8x32x1_1x32x1x8_8_1x1_intrawave_v3,763.36,1613.1,0.0
256,384,9216,7168,ck,0,0,55.52,a8w8_blockscale_1x128x128_256x128x128x128_16x16_32x32_2x2_8x32x1_8x32x1_1x32x1x8_8_1x1_intrawave_v3,913.8,1366.91,0.0
256,5031,8192,512,ck,0,0,55.5247,a8w8_blockscale_1x128x128_256x128x128x128_16x16_32x32_2x2_8x32x1_8x32x1_1x32x1x8_8_1x1_intrawave_v3,760.08,1606.46,0.0
256,5057,8192,512,ck,0,0,55.5281,a8w8_blockscale_1x128x128_256x128x128x128_16x16_32x32_2x2_8x32x1_8x32x1_1x32x1x8_8_1x1_intrawave_v3,763.96,1614.27,0.0
256,4995,8192,512,ck,0,0,55.541,a8w8_blockscale_1x128x128_256x128x128x128_16x16_32x32_2x2_8x32x1_8x32x1_1x32x1x8_8_1x1_intrawave_v3,754.42,1595.03,0.0
256,4895,8192,512,ck,0,0,55.5624,a8w8_blockscale_1x128x128_256x128x128x128_16x16_32x32_2x2_8x32x1_8x32x1_1x32x1x8_8_1x1_intrawave_v3,739.03,1564.01,0.0
256,5017,8192,512,ck,0,0,55.5724,a8w8_blockscale_1x128x128_256x128x128x128_16x16_32x32_2x2_8x32x1_8x32x1_1x32x1x8_8_1x1_intrawave_v3,757.31,1600.82,0.0
256,2129,8192,1536,ck,0,0,55.5811,a8w8_blockscale_1x128x128_256x128x128x128_16x16_32x32_2x2_8x32x1_8x32x1_1x32x1x8_8_1x1_intrawave_v3,963.96,912.8,0.0
256,4738,8192,512,ck,0,0,55.5888,a8w8_blockscale_1x128x128_256x128x128x128_16x16_32x32_2x2_8x32x1_8x32x1_1x32x1x8_8_1x1_intrawave_v3,714.99,1515.55,0.0
256,2219,8192,1536,ck,0,0,55.59,a8w8_blockscale_1x128x128_256x128x128x128_16x16_32x32_2x2_8x32x1_8x32x1_1x32x1x8_8_1x1_intrawave_v3,1004.55,941.67,0.0
256,5099,8192,512,ck,0,0,55.5906,a8w8_blockscale_1x128x128_256x128x128x128_16x16_32x32_2x2_8x32x1_8x32x1_1x32x1x8_8_1x1_intrawave_v3,769.44,1625.22,0.0
256,2146,8192,1536,ck,0,0,55.636,a8w8_blockscale_1x128x128_256x128x128x128_16x16_32x32_2x2_8x32x1_8x32x1_1x32x1x8_8_1x1_intrawave_v3,970.7,917.38,0.0
256,4999,8192,512,ck,0,0,55.6432,a8w8_blockscale_1x128x128_256x128x128x128_16x16_32x32_2x2_8x32x1_8x32x1_1x32x1x8_8_1x1_intrawave_v3,753.63,1593.32,0.0
256,5085,8192,512,ck,0,0,55.651,a8w8_blockscale_1x128x128_256x128x128x128_16x16_32x32_2x2_8x32x1_8x32x1_1x32x1x8_8_1x1_intrawave_v3,766.49,1619.21,0.0
256,930,7168,4096,ck,0,0,55.6564,a8w8_blockscale_1x128x128_256x128x128x128_16x16_32x32_2x2_8x32x1_8x32x1_1x32x1x8_8_1x1_intrawave_v3,981.2,835.52,0.0
256,3004,6144,1536,ck,0,0,55.66,a8w8_blockscale_1x128x128_256x128x128x128_16x16_32x32_2x2_8x32x1_8x32x1_1x32x1x8_8_1x1_intrawave_v3,1018.66,915.64,0.0
256,2861,6144,1536,ck,0,0,55.6645,a8w8_blockscale_1x128x128_256x128x128x128_16x16_32x32_2x2_8x32x1_8x32x1_1x32x1x8_8_1x1_intrawave_v3,970.09,880.05,0.0
256,2127,8192,1536,ck,0,0,55.6651,a8w8_blockscale_1x128x128_256x128x128x128_16x16_32x32_2x2_8x32x1_8x32x1_1x32x1x8_8_1x1_intrawave_v3,961.6,910.78,0.0
256,2054,8192,1536,ck,0,0,55.6711,a8w8_blockscale_1x128x128_256x128x128x128_16x16_32x32_2x2_8x32x1_8x32x1_1x32x1x8_8_1x1_intrawave_v3,928.5,887.19,0.0
256,5088,8192,512,ck,0,0,55.6738,a8w8_blockscale_1x128x128_256x128x128x128_16x16_32x32_2x2_8x32x1_8x32x1_1x32x1x8_8_1x1_intrawave_v3,766.63,1619.45,0.0
256,5097,8192,512,ck,0,0,55.6799,a8w8_blockscale_1x128x128_256x128x128x128_16x16_32x32_2x2_8x32x1_8x32x1_1x32x1x8_8_1x1_intrawave_v3,767.9,1622.01,0.0
256,3001,6144,1536,ck,0,0,55.6812,a8w8_blockscale_1x128x128_256x128x128x128_16x16_32x32_2x2_8x32x1_8x32x1_1x32x1x8_8_1x1_intrawave_v3,1017.25,914.55,0.0
256,2111,8192,1536,ck,0,0,55.6863,a8w8_blockscale_1x128x128_256x128x128x128_16x16_32x32_2x2_8x32x1_8x32x1_1x32x1x8_8_1x1_intrawave_v3,954.01,905.29,0.0
256,5007,8192,512,ck,0,0,55.6911,a8w8_blockscale_1x128x128_256x128x128x128_16x16_32x32_2x2_8x32x1_8x32x1_1x32x1x8_8_1x1_intrawave_v3,754.19,1594.38,0.0
256,5030,8192,512,ck,0,0,55.7217,a8w8_blockscale_1x128x128_256x128x128x128_16x16_32x32_2x2_8x32x1_8x32x1_1x32x1x8_8_1x1_intrawave_v3,757.24,1600.47,0.0
256,5029,8192,512,ck,0,0,55.7325,a8w8_blockscale_1x128x128_256x128x128x128_16x16_32x32_2x2_8x32x1_8x32x1_1x32x1x8_8_1x1_intrawave_v3,756.94,1599.86,0.0
256,2148,8192,1536,ck,0,0,55.7435,a8w8_blockscale_1x128x128_256x128x128x128_16x16_32x32_2x2_8x32x1_8x32x1_1x32x1x8_8_1x1_intrawave_v3,969.73,916.25,0.0
256,2101,8192,1536,ck,0,0,55.7499,a8w8_blockscale_1x128x128_256x128x128x128_16x16_32x32_2x2_8x32x1_8x32x1_1x32x1x8_8_1x1_intrawave_v3,948.4,901.04,0.0
256,2126,8192,1536,ck,0,0,55.7503,a8w8_blockscale_1x128x128_256x128x128x128_16x16_32x32_2x2_8x32x1_8x32x1_1x32x1x8_8_1x1_intrawave_v3,959.68,909.07,0.0
256,4976,8192,512,ck,0,0,55.7616,a8w8_blockscale_1x128x128_256x128x128x128_16x16_32x32_2x2_8x32x1_8x32x1_1x32x1x8_8_1x1_intrawave_v3,748.57,1582.97,0.0
256,3005,6144,1536,ck,0,0,55.7621,a8w8_blockscale_1x128x128_256x128x128x128_16x16_32x32_2x2_8x32x1_8x32x1_1x32x1x8_8_1x1_intrawave_v3,1017.13,914.21,0.0
256,2945,6144,1536,ck,0,0,55.7728,a8w8_blockscale_1x128x128_256x128x128x128_16x16_32x32_2x2_8x32x1_8x32x1_1x32x1x8_8_1x1_intrawave_v3,996.63,899.16,0.0
256,5076,8192,512,ck,0,0,55.7755,a8w8_blockscale_1x128x128_256x128x128x128_16x16_32x32_2x2_8x32x1_8x32x1_1x32x1x8_8_1x1_intrawave_v3,763.43,1612.87,0.0
256,4904,8192,512,ck,0,0,55.7928,a8w8_blockscale_1x128x128_256x128x128x128_16x16_32x32_2x2_8x32x1_8x32x1_1x32x1x8_8_1x1_intrawave_v3,737.33,1560.28,0.0
256,3019,6144,1536,ck,0,0,55.8279,a8w8_blockscale_1x128x128_256x128x128x128_16x16_32x32_2x2_8x32x1_8x32x1_1x32x1x8_8_1x1_intrawave_v3,1020.67,916.6,0.0
256,2116,8192,1536,ck,0,0,55.8316,a8w8_blockscale_1x128x128_256x128x128x128_16x16_32x32_2x2_8x32x1_8x32x1_1x32x1x8_8_1x1_intrawave_v3,953.78,904.53,0.0
256,5004,8192,512,ck,0,0,55.8331,a8w8_blockscale_1x128x128_256x128x128x128_16x16_32x32_2x2_8x32x1_8x32x1_1x32x1x8_8_1x1_intrawave_v3,751.82,1589.41,0.0
256,5020,8192,512,ck,0,0,55.8357,a8w8_blockscale_1x128x128_256x128x128x128_16x16_32x32_2x2_8x32x1_8x32x1_1x32x1x8_8_1x1_intrawave_v3,754.19,1594.18,0.0
256,2186,8192,1536,ck,0,0,55.8495,a8w8_blockscale_1x128x128_256x128x128x128_16x16_32x32_2x2_8x32x1_8x32x1_1x32x1x8_8_1x1_intrawave_v3,985.01,926.71,0.0
256,2189,8192,1536,ck,0,0,55.8624,a8w8_blockscale_1x128x128_256x128x128x128_16x16_32x32_2x2_8x32x1_8x32x1_1x32x1x8_8_1x1_intrawave_v3,986.14,927.45,0.0
256,5105,8192,512,ck,0,0,55.8624,a8w8_blockscale_1x128x128_256x128x128x128_16x16_32x32_2x2_8x32x1_8x32x1_1x32x1x8_8_1x1_intrawave_v3,766.6,1619.13,0.0
256,5104,8192,512,ck,0,0,55.882,a8w8_blockscale_1x128x128_256x128x128x128_16x16_32x32_2x2_8x32x1_8x32x1_1x32x1x8_8_1x1_intrawave_v3,766.18,1618.26,0.0
256,5039,8192,512,ck,0,0,55.8959,a8w8_blockscale_1x128x128_256x128x128x128_16x16_32x32_2x2_8x32x1_8x32x1_1x32x1x8_8_1x1_intrawave_v3,756.23,1598.21,0.0
256,2304,8192,1536,ck,0,0,55.9028,a8w8_blockscale_1x128x128_256x128x128x128_16x16_32x32_2x2_8x32x1_8x32x1_1x32x1x8_8_1x1_intrawave_v3,1037.19,963.65,0.0
256,5025,8192,512,ck,0,0,55.9111,a8w8_blockscale_1x128x128_256x128x128x128_16x16_32x32_2x2_8x32x1_8x32x1_1x32x1x8_8_1x1_intrawave_v3,753.92,1593.54,0.0
256,5049,8192,512,ck,0,0,55.9143,a8w8_blockscale_1x128x128_256x128x128x128_16x16_32x32_2x2_8x32x1_8x32x1_1x32x1x8_8_1x1_intrawave_v3,757.48,1600.7,0.0
256,5110,8192,512,ck,0,0,55.9152,a8w8_blockscale_1x128x128_256x128x128x128_16x16_32x32_2x2_8x32x1_8x32x1_1x32x1x8_8_1x1_intrawave_v3,766.62,1619.11,0.0
256,5011,8192,512,ck,0,0,55.9156,a8w8_blockscale_1x128x128_256x128x128x128_16x16_32x32_2x2_8x32x1_8x32x1_1x32x1x8_8_1x1_intrawave_v3,751.76,1589.18,0.0
256,2185,8192,1536,ck,0,0,55.9443,a8w8_blockscale_1x128x128_256x128x128x128_16x16_32x32_2x2_8x32x1_8x32x1_1x32x1x8_8_1x1_intrawave_v3,982.89,924.81,0.0
256,5108,8192,512,ck,0,0,55.9604,a8w8_blockscale_1x128x128_256x128x128x128_16x16_32x32_2x2_8x32x1_8x32x1_1x32x1x8_8_1x1_intrawave_v3,765.7,1617.2,0.0
256,2163,8192,1536,ck,0,0,55.9667,a8w8_blockscale_1x128x128_256x128x128x128_16x16_32x32_2x2_8x32x1_8x32x1_1x32x1x8_8_1x1_intrawave_v3,972.61,917.4,0.0
256,5058,8192,512,ck,0,0,55.9749,a8w8_blockscale_1x128x128_256x128x128x128_16x16_32x32_2x2_8x32x1_8x32x1_1x32x1x8_8_1x1_intrawave_v3,758.01,1601.69,0.0
256,2251,8192,1536,ck,0,0,56.0023,a8w8_blockscale_1x128x128_256x128x128x128_16x16_32x32_2x2_8x32x1_8x32x1_1x32x1x8_8_1x1_intrawave_v3,1011.53,944.98,0.0
256,2161,8192,1536,ck,0,0,56.0079,a8w8_blockscale_1x128x128_256x128x128x128_16x16_32x32_2x2_8x32x1_8x32x1_1x32x1x8_8_1x1_intrawave_v3,970.99,916.09,0.0
256,2946,6144,1536,ck,0,0,56.0153,a8w8_blockscale_1x128x128_256x128x128x128_16x16_32x32_2x2_8x32x1_8x32x1_1x32x1x8_8_1x1_intrawave_v3,992.66,895.52,0.0
256,5119,8192,512,ck,0,0,56.0583,a8w8_blockscale_1x128x128_256x128x128x128_16x16_32x32_2x2_8x32x1_8x32x1_1x32x1x8_8_1x1_intrawave_v3,766.01,1617.69,0.0
256,5071,8192,512,ck,0,0,56.0963,a8w8_blockscale_1x128x128_256x128x128x128_16x16_32x32_2x2_8x32x1_8x32x1_1x32x1x8_8_1x1_intrawave_v3,758.31,1602.14,0.0
256,5095,8192,512,ck,0,0,56.1107,a8w8_blockscale_1x128x128_256x128x128x128_16x16_32x32_2x2_8x32x1_8x32x1_1x32x1x8_8_1x1_intrawave_v3,761.71,1608.95,0.0
256,2843,6144,1536,ck,0,0,56.1204,a8w8_blockscale_1x128x128_256x128x128x128_16x16_32x32_2x2_8x32x1_8x32x1_1x32x1x8_8_1x1_intrawave_v3,956.16,868.47,0.0
256,2086,8192,1536,ck,0,0,56.1226,a8w8_blockscale_1x128x128_256x128x128x128_16x16_32x32_2x2_8x32x1_8x32x1_1x32x1x8_8_1x1_intrawave_v3,935.38,890.27,0.0
256,5065,8192,512,ck,0,0,56.1395,a8w8_blockscale_1x128x128_256x128x128x128_16x16_32x32_2x2_8x32x1_8x32x1_1x32x1x8_8_1x1_intrawave_v3,756.83,1599.1,0.0
256,5024,8192,512,ck,0,0,56.1427,a8w8_blockscale_1x128x128_256x128x128x128_16x16_32x32_2x2_8x32x1_8x32x1_1x32x1x8_8_1x1_intrawave_v3,750.67,1586.67,0.0
256,3006,6144,1536,ck,0,0,56.1668,a8w8_blockscale_1x128x128_256x128x128x128_16x16_32x32_2x2_8x32x1_8x32x1_1x32x1x8_8_1x1_intrawave_v3,1010.14,907.87,0.0
256,5022,8192,512,ck,0,0,56.1716,a8w8_blockscale_1x128x128_256x128x128x128_16x16_32x32_2x2_8x32x1_8x32x1_1x32x1x8_8_1x1_intrawave_v3,749.98,1585.25,0.0
256,1009,7168,4096,ck,0,0,56.1753,a8w8_blockscale_1x128x128_256x128x128x128_16x16_32x32_2x2_8x32x1_8x32x1_1x32x1x8_8_1x1_intrawave_v3,1054.71,853.72,0.0
256,5009,8192,512,ck,0,0,56.2148,a8w8_blockscale_1x128x128_256x128x128x128_16x16_32x32_2x2_8x32x1_8x32x1_1x32x1x8_8_1x1_intrawave_v3,747.46,1580.12,0.0
256,1000,7168,4096,ck,0,0,56.2344,a8w8_blockscale_1x128x128_256x128x128x128_16x16_32x32_2x2_8x32x1_8x32x1_1x32x1x8_8_1x1_intrawave_v3,1044.21,849.87,0.0
256,5026,8192,512,ck,0,0,56.236,a8w8_blockscale_1x128x128_256x128x128x128_16x16_32x32_2x2_8x32x1_8x32x1_1x32x1x8_8_1x1_intrawave_v3,749.72,1584.64,0.0
256,2130,8192,1536,ck,0,0,56.2521,a8w8_blockscale_1x128x128_256x128x128x128_16x16_32x32_2x2_8x32x1_8x32x1_1x32x1x8_8_1x1_intrawave_v3,952.91,902.23,0.0
256,5061,8192,512,ck,0,0,56.2536,a8w8_blockscale_1x128x128_256x128x128x128_16x16_32x32_2x2_8x32x1_8x32x1_1x32x1x8_8_1x1_intrawave_v3,754.7,1594.65,0.0
256,830,7168,4608,ck,0,0,56.26,a8w8_blockscale_1x128x128_256x128x128x128_16x16_32x32_2x2_8x32x1_8x32x1_1x32x1x8_8_1x1_intrawave_v3,974.58,866.58,0.0
256,2166,8192,1536,ck,0,0,56.2915,a8w8_blockscale_1x128x128_256x128x128x128_16x16_32x32_2x2_8x32x1_8x32x1_1x32x1x8_8_1x1_intrawave_v3,968.34,913.06,0.0
256,5052,8192,512,ck,0,0,56.2996,a8w8_blockscale_1x128x128_256x128x128x128_16x16_32x32_2x2_8x32x1_8x32x1_1x32x1x8_8_1x1_intrawave_v3,752.75,1590.65,0.0
256,2150,8192,1536,ck,0,0,56.3024,a8w8_blockscale_1x128x128_256x128x128x128_16x16_32x32_2x2_8x32x1_8x32x1_1x32x1x8_8_1x1_intrawave_v3,961.0,907.79,0.0
256,2128,8192,1536,ck,0,0,56.3383,a8w8_blockscale_1x128x128_256x128x128x128_16x16_32x32_2x2_8x32x1_8x32x1_1x32x1x8_8_1x1_intrawave_v3,950.56,900.22,0.0
256,2109,8192,1536,ck,0,0,56.3723,a8w8_blockscale_1x128x128_256x128x128x128_16x16_32x32_2x2_8x32x1_8x32x1_1x32x1x8_8_1x1_intrawave_v3,941.5,893.63,0.0
256,4898,8192,512,ck,0,0,56.3736,a8w8_blockscale_1x128x128_256x128x128x128_16x16_32x32_2x2_8x32x1_8x32x1_1x32x1x8_8_1x1_intrawave_v3,728.84,1542.4,0.0
256,856,7168,4608,ck,0,0,56.4124,a8w8_blockscale_1x128x128_256x128x128x128_16x16_32x32_2x2_8x32x1_8x32x1_1x32x1x8_8_1x1_intrawave_v3,1002.4,872.97,0.0
256,2215,8192,1536,ck,0,0,56.4124,a8w8_blockscale_1x128x128_256x128x128x128_16x16_32x32_2x2_8x32x1_8x32x1_1x32x1x8_8_1x1_intrawave_v3,988.12,926.67,0.0
256,1003,7168,4096,ck,0,0,56.4128,a8w8_blockscale_1x128x128_256x128x128x128_16x16_32x32_2x2_8x32x1_8x32x1_1x32x1x8_8_1x1_intrawave_v3,1044.03,848.17,0.0
256,1023,7168,4096,ck,0,0,56.4172,a8w8_blockscale_1x128x128_256x128x128x128_16x16_32x32_2x2_8x32x1_8x32x1_1x32x1x8_8_1x1_intrawave_v3,1064.76,854.63,0.0
256,5001,8192,512,ck,0,0,56.4292,a8w8_blockscale_1x128x128_256x128x128x128_16x16_32x32_2x2_8x32x1_8x32x1_1x32x1x8_8_1x1_intrawave_v3,743.43,1571.73,0.0
256,814,7168,4608,ck,0,0,56.4473,a8w8_blockscale_1x128x128_256x128x128x128_16x16_32x32_2x2_8x32x1_8x32x1_1x32x1x8_8_1x1_intrawave_v3,952.62,858.33,0.0
256,4994,8192,512,ck,0,0,56.4532,a8w8_blockscale_1x128x128_256x128x128x128_16x16_32x32_2x2_8x32x1_8x32x1_1x32x1x8_8_1x1_intrawave_v3,742.08,1568.96,0.0
256,2918,6144,1536,ck,0,0,56.4609,a8w8_blockscale_1x128x128_256x128x128x128_16x16_32x32_2x2_8x32x1_8x32x1_1x32x1x8_8_1x1_intrawave_v3,975.46,881.59,0.0
256,2964,6144,1536,ck,0,0,56.5025,a8w8_blockscale_1x128x128_256x128x128x128_16x16_32x32_2x2_8x32x1_8x32x1_1x32x1x8_8_1x1_intrawave_v3,990.11,892.2,0.0
256,5092,8192,512,ck,0,0,56.5051,a8w8_blockscale_1x128x128_256x128x128x128_16x16_32x32_2x2_8x32x1_8x32x1_1x32x1x8_8_1x1_intrawave_v3,755.95,1596.82,0.0
256,368,9216,7168,ck,0,0,56.5338,a8w8_blockscale_1x128x128_256x128x128x128_16x16_32x32_2x2_8x32x1_8x32x1_1x32x1x8_8_1x1_intrawave_v3,860.02,1335.15,0.0
256,2947,6144,1536,ck,0,0,56.5853,a8w8_blockscale_1x128x128_256x128x128x128_16x16_32x32_2x2_8x32x1_8x32x1_1x32x1x8_8_1x1_intrawave_v3,982.99,886.74,0.0
256,2149,8192,1536,ck,0,0,56.5943,a8w8_blockscale_1x128x128_256x128x128x128_16x16_32x32_2x2_8x32x1_8x32x1_1x32x1x8_8_1x1_intrawave_v3,955.6,902.79,0.0
256,2876,6144,1536,ck,0,0,56.6042,a8w8_blockscale_1x128x128_256x128x128x128_16x16_32x32_2x2_8x32x1_8x32x1_1x32x1x8_8_1x1_intrawave_v3,958.99,869.11,0.0
256,809,7168,4608,ck,0,0,56.6401,a8w8_blockscale_1x128x128_256x128x128x128_16x16_32x32_2x2_8x32x1_8x32x1_1x32x1x8_8_1x1_intrawave_v3,943.55,853.74,0.0
256,3021,6144,1536,ck,0,0,56.6572,a8w8_blockscale_1x128x128_256x128x128x128_16x16_32x32_2x2_8x32x1_8x32x1_1x32x1x8_8_1x1_intrawave_v3,1006.39,903.67,0.0
256,5012,8192,512,ck,0,0,56.6879,a8w8_blockscale_1x128x128_256x128x128x128_16x16_32x32_2x2_8x32x1_8x32x1_1x32x1x8_8_1x1_intrawave_v3,741.67,1567.83,0.0
256,2164,8192,1536,ck,0,0,56.7123,a8w8_blockscale_1x128x128_256x128x128x128_16x16_32x32_2x2_8x32x1_8x32x1_1x32x1x8_8_1x1_intrawave_v3,960.27,905.66,0.0
256,5102,8192,512,ck,0,0,56.7146,a8w8_blockscale_1x128x128_256x128x128x128_16x16_32x32_2x2_8x32x1_8x32x1_1x32x1x8_8_1x1_intrawave_v3,754.63,1593.91,0.0
256,2188,8192,1536,ck,0,0,56.7467,a8w8_blockscale_1x128x128_256x128x128x128_16x16_32x32_2x2_8x32x1_8x32x1_1x32x1x8_8_1x1_intrawave_v3,970.33,912.69,0.0
256,813,7168,4608,ck,0,0,56.752,a8w8_blockscale_1x128x128_256x128x128x128_16x16_32x32_2x2_8x32x1_8x32x1_1x32x1x8_8_1x1_intrawave_v3,946.35,853.39,0.0
256,4761,8192,512,ck,18,0,56.766,a8w8_blockscale_1x128x128_256x64x64x256_16x16_32x32_1x1_16x16x1_16x16x1_1x32x1x8_8_1x1_intrawave_v1,703.56,1490.97,0.0
256,5064,8192,512,ck,0,0,56.8044,a8w8_blockscale_1x128x128_256x128x128x128_16x16_32x32_2x2_8x32x1_8x32x1_1x32x1x8_8_1x1_intrawave_v3,747.83,1580.08,0.0
256,2160,8192,1536,ck,0,0,56.8379,a8w8_blockscale_1x128x128_256x128x128x128_16x16_32x32_2x2_8x32x1_8x32x1_1x32x1x8_8_1x1_intrawave_v3,956.37,902.39,0.0
256,2955,6144,1536,ck,0,0,56.8389,a8w8_blockscale_1x128x128_256x128x128x128_16x16_32x32_2x2_8x32x1_8x32x1_1x32x1x8_8_1x1_intrawave_v3,981.26,884.73,0.0
256,2087,8192,1536,ck,0,0,56.8659,a8w8_blockscale_1x128x128_256x128x128x128_16x16_32x32_2x2_8x32x1_8x32x1_1x32x1x8_8_1x1_intrawave_v3,923.6,878.94,0.0
256,2217,8192,1536,ck,0,0,57.0136,a8w8_blockscale_1x128x128_256x128x128x128_16x16_32x32_2x2_8x32x1_8x32x1_1x32x1x8_8_1x1_intrawave_v3,978.58,917.53,0.0
256,1001,7168,4096,ck,0,0,57.024,a8w8_blockscale_1x128x128_256x128x128x128_16x16_32x32_2x2_8x32x1_8x32x1_1x32x1x8_8_1x1_intrawave_v3,1030.78,838.43,0.0
256,849,7168,4608,ck,0,0,57.0264,a8w8_blockscale_1x128x128_256x128x128x128_16x16_32x32_2x2_8x32x1_8x32x1_1x32x1x8_8_1x1_intrawave_v3,983.5,861.24,0.0
256,2226,8192,1536,ck,0,0,57.0292,a8w8_blockscale_1x128x128_256x128x128x128_16x16_32x32_2x2_8x32x1_8x32x1_1x32x1x8_8_1x1_intrawave_v3,982.29,920.1,0.0
256,2390,8192,1536,ck,0,0,57.06,a8w8_blockscale_1x128x128_256x128x128x128_16x16_32x32_2x2_8x32x1_8x32x1_1x32x1x8_8_1x1_intrawave_v3,1054.09,971.11,0.0
256,2248,8192,1536,ck,0,0,57.0656,a8w8_blockscale_1x128x128_256x128x128x128_16x16_32x32_2x2_8x32x1_8x32x1_1x32x1x8_8_1x1_intrawave_v3,991.36,926.43,0.0
256,1007,7168,4096,ck,0,0,57.1916,a8w8_blockscale_1x128x128_256x128x128x128_16x16_32x32_2x2_8x32x1_8x32x1_1x32x1x8_8_1x1_intrawave_v3,1033.92,837.91,0.0
256,2369,8192,1536,ck,0,0,57.2068,a8w8_blockscale_1x128x128_256x128x128x128_16x16_32x32_2x2_8x32x1_8x32x1_1x32x1x8_8_1x1_intrawave_v3,1042.15,962.04,0.0
256,3131,6144,1536,ck,0,0,57.2208,a8w8_blockscale_1x128x128_256x128x128x128_16x16_32x32_2x2_8x32x1_8x32x1_1x32x1x8_8_1x1_intrawave_v3,1032.77,921.35,0.0
256,3000,6144,1536,ck,0,0,57.2341,a8w8_blockscale_1x128x128_256x128x128x128_16x16_32x32_2x2_8x32x1_8x32x1_1x32x1x8_8_1x1_intrawave_v3,989.32,889.49,0.0
256,2378,8192,1536,ck,0,0,57.2388,a8w8_blockscale_1x128x128_256x128x128x128_16x16_32x32_2x2_8x32x1_8x32x1_1x32x1x8_8_1x1_intrawave_v3,1045.52,964.32,0.0
256,1015,7168,4096,ck,0,0,57.258,a8w8_blockscale_1x128x128_256x128x128x128_16x16_32x32_2x2_8x32x1_8x32x1_1x32x1x8_8_1x1_intrawave_v3,1040.92,839.51,0.0
256,806,7168,4608,ck,0,0,57.273,a8w8_blockscale_1x128x128_256x128x128x128_16x16_32x32_2x2_8x32x1_8x32x1_1x32x1x8_8_1x1_intrawave_v3,929.66,843.31,0.0
256,2254,8192,1536,ck,0,0,57.2953,a8w8_blockscale_1x128x128_256x128x128x128_16x16_32x32_2x2_8x32x1_8x32x1_1x32x1x8_8_1x1_intrawave_v3,990.02,924.59,0.0
256,2365,8192,1536,ck,0,0,57.3069,a8w8_blockscale_1x128x128_256x128x128x128_16x16_32x32_2x2_8x32x1_8x32x1_1x32x1x8_8_1x1_intrawave_v3,1038.57,959.11,0.0
256,2268,8192,1536,ck,0,0,57.3488,a8w8_blockscale_1x128x128_256x128x128x128_16x16_32x32_2x2_8x32x1_8x32x1_1x32x1x8_8_1x1_intrawave_v3,995.24,928.1,0.0
256,2301,8192,1536,ck,0,0,57.3568,a8w8_blockscale_1x128x128_256x128x128x128_16x16_32x32_2x2_8x32x1_8x32x1_1x32x1x8_8_1x1_intrawave_v3,1009.58,938.28,0.0
256,2235,8192,1536,ck,0,0,57.4197,a8w8_blockscale_1x128x128_256x128x128x128_16x16_32x32_2x2_8x32x1_8x32x1_1x32x1x8_8_1x1_intrawave_v3,979.55,916.66,0.0
256,2952,6144,1536,ck,0,0,57.4389,a8w8_blockscale_1x128x128_256x128x128x128_16x16_32x32_2x2_8x32x1_8x32x1_1x32x1x8_8_1x1_intrawave_v3,970.02,874.77,0.0
256,2216,8192,1536,ck,0,0,57.4608,a8w8_blockscale_1x128x128_256x128x128x128_16x16_32x32_2x2_8x32x1_8x32x1_1x32x1x8_8_1x1_intrawave_v3,970.53,910.07,0.0
256,2250,8192,1536,ck,0,0,57.4624,a8w8_blockscale_1x128x128_256x128x128x128_16x16_32x32_2x2_8x32x1_8x32x1_1x32x1x8_8_1x1_intrawave_v3,985.39,920.65,0.0
256,2282,8192,1536,ck,0,0,57.4704,a8w8_blockscale_1x128x128_256x128x128x128_16x16_32x32_2x2_8x32x1_8x32x1_1x32x1x8_8_1x1_intrawave_v3,999.27,930.5,0.0
256,2249,8192,1536,ck,0,0,57.504,a8w8_blockscale_1x128x128_256x128x128x128_16x16_32x32_2x2_8x32x1_8x32x1_1x32x1x8_8_1x1_intrawave_v3,984.24,919.68,0.0
256,2387,8192,1536,ck,0,0,57.5424,a8w8_blockscale_1x128x128_256x128x128x128_16x16_32x32_2x2_8x32x1_8x32x1_1x32x1x8_8_1x1_intrawave_v3,1043.94,962.04,0.0
256,2403,8192,1536,ck,0,0,57.5612,a8w8_blockscale_1x128x128_256x128x128x128_16x16_32x32_2x2_8x32x1_8x32x1_1x32x1x8_8_1x1_intrawave_v3,1050.59,966.7,0.0
256,869,7168,4608,ck,0,0,57.5736,a8w8_blockscale_1x128x128_256x128x128x128_16x16_32x32_2x2_8x32x1_8x32x1_1x32x1x8_8_1x1_intrawave_v3,997.1,859.64,0.0
256,5154,8192,512,ck,0,0,57.5761,a8w8_blockscale_1x128x128_256x128x128x128_16x16_32x32_2x2_8x32x1_8x32x1_1x32x1x8_8_1x1_intrawave_v3,750.92,1585.32,0.0
256,910,7168,4608,ck,0,0,57.5955,a8w8_blockscale_1x128x128_256x128x128x128_16x16_32x32_2x2_8x32x1_8x32x1_1x32x1x8_8_1x1_intrawave_v3,1043.74,872.8,0.0
256,3138,6144,1536,ck,0,0,57.5968,a8w8_blockscale_1x128x128_256x128x128x128_16x16_32x32_2x2_8x32x1_8x32x1_1x32x1x8_8_1x1_intrawave_v3,1028.32,917.01,0.0
256,2412,8192,1536,ck,0,0,57.6016,a8w8_blockscale_1x128x128_256x128x128x128_16x16_32x32_2x2_8x32x1_8x32x1_1x32x1x8_8_1x1_intrawave_v3,1053.79,968.83,0.0
256,2344,8192,1536,ck,0,0,57.6196,a8w8_blockscale_1x128x128_256x128x128x128_16x16_32x32_2x2_8x32x1_8x32x1_1x32x1x8_8_1x1_intrawave_v3,1023.76,947.38,0.0
256,2207,8192,1536,ck,0,0,57.6372,a8w8_blockscale_1x128x128_256x128x128x128_16x16_32x32_2x2_8x32x1_8x32x1_1x32x1x8_8_1x1_intrawave_v3,963.63,904.49,0.0
256,5101,8192,512,ck,0,0,57.6506,a8w8_blockscale_1x128x128_256x128x128x128_16x16_32x32_2x2_8x32x1_8x32x1_1x32x1x8_8_1x1_intrawave_v3,742.23,1567.73,0.0
256,5200,8192,512,ck,0,0,57.7071,a8w8_blockscale_1x128x128_256x128x128x128_16x16_32x32_2x2_8x32x1_8x32x1_1x32x1x8_8_1x1_intrawave_v3,755.9,1595.19,0.0
256,1047,7168,4096,ck,0,0,57.7162,a8w8_blockscale_1x128x128_256x128x128x128_16x16_32x32_2x2_8x32x1_8x32x1_1x32x1x8_8_1x1_intrawave_v3,1065.21,843.06,0.0
256,2252,8192,1536,ck,0,0,57.7791,a8w8_blockscale_1x128x128_256x128x128x128_16x16_32x32_2x2_8x32x1_8x32x1_1x32x1x8_8_1x1_intrawave_v3,980.86,916.23,0.0
256,5197,8192,512,ck,0,0,57.8329,a8w8_blockscale_1x128x128_256x128x128x128_16x16_32x32_2x2_8x32x1_8x32x1_1x32x1x8_8_1x1_intrawave_v3,753.82,1590.84,0.0
256,2368,8192,1536,ck,0,0,57.8391,a8w8_blockscale_1x128x128_256x128x128x128_16x16_32x32_2x2_8x32x1_8x32x1_1x32x1x8_8_1x1_intrawave_v3,1030.32,951.22,0.0
256,5172,8192,512,ck,0,0,57.8547,a8w8_blockscale_1x128x128_256x128x128x128_16x16_32x32_2x2_8x32x1_8x32x1_1x32x1x8_8_1x1_intrawave_v3,749.91,1582.94,0.0
256,5142,8192,512,ck,0,0,57.8687,a8w8_blockscale_1x128x128_256x128x128x128_16x16_32x32_2x2_8x32x1_8x32x1_1x32x1x8_8_1x1_intrawave_v3,745.38,1573.8,0.0
256,5151,8192,512,ck,0,0,58.001,a8w8_blockscale_1x128x128_256x128x128x128_16x16_32x32_2x2_8x32x1_8x32x1_1x32x1x8_8_1x1_intrawave_v3,744.98,1572.83,0.0
256,5175,8192,512,ck,0,0,58.0106,a8w8_blockscale_1x128x128_256x128x128x128_16x16_32x32_2x2_8x32x1_8x32x1_1x32x1x8_8_1x1_intrawave_v3,748.33,1579.56,0.0
256,3324,6144,1536,ck,0,0,58.0268,a8w8_blockscale_1x128x128_256x128x128x128_16x16_32x32_2x2_8x32x1_8x32x1_1x32x1x8_8_1x1_intrawave_v3,1081.2,954.53,0.0
256,5225,8192,512,ck,0,0,58.0623,a8w8_blockscale_1x128x128_256x128x128x128_16x16_32x32_2x2_8x32x1_8x32x1_1x32x1x8_8_1x1_intrawave_v3,754.89,1592.7,0.0
256,877,7168,4608,ck,0,0,58.1111,a8w8_blockscale_1x128x128_256x128x128x128_16x16_32x32_2x2_8x32x1_8x32x1_1x32x1x8_8_1x1_intrawave_v3,996.97,854.3,0.0
256,5238,8192,512,ck,0,0,58.1493,a8w8_blockscale_1x128x128_256x128x128x128_16x16_32x32_2x2_8x32x1_8x32x1_1x32x1x8_8_1x1_intrawave_v3,755.63,1594.1,0.0
256,5153,8192,512,ck,0,0,58.1734,a8w8_blockscale_1x128x128_256x128x128x128_16x16_32x32_2x2_8x32x1_8x32x1_1x32x1x8_8_1x1_intrawave_v3,743.06,1568.75,0.0
256,2356,8192,1536,ck,0,0,58.1996,a8w8_blockscale_1x128x128_256x128x128x128_16x16_32x32_2x2_8x32x1_8x32x1_1x32x1x8_8_1x1_intrawave_v3,1018.75,941.63,0.0
256,1040,7168,4096,ck,0,0,58.2044,a8w8_blockscale_1x128x128_256x128x128x128_16x16_32x32_2x2_8x32x1_8x32x1_1x32x1x8_8_1x1_intrawave_v3,1049.22,833.78,0.0
256,902,7168,4608,ck,0,0,58.2213,a8w8_blockscale_1x128x128_256x128x128x128_16x16_32x32_2x2_8x32x1_8x32x1_1x32x1x8_8_1x1_intrawave_v3,1023.45,860.81,0.0
256,5247,8192,512,ck,0,0,58.2507,a8w8_blockscale_1x128x128_256x128x128x128_16x16_32x32_2x2_8x32x1_8x32x1_1x32x1x8_8_1x1_intrawave_v3,755.61,1593.93,0.0
256,5139,8192,512,ck,0,0,58.2991,a8w8_blockscale_1x128x128_256x128x128x128_16x16_32x32_2x2_8x32x1_8x32x1_1x32x1x8_8_1x1_intrawave_v3,739.45,1561.31,0.0
256,5181,8192,512,ck,0,0,58.2991,a8w8_blockscale_1x128x128_256x128x128x128_16x16_32x32_2x2_8x32x1_8x32x1_1x32x1x8_8_1x1_intrawave_v3,745.49,1573.48,0.0
256,5140,8192,512,ck,0,0,58.3021,a8w8_blockscale_1x128x128_256x128x128x128_16x16_32x32_2x2_8x32x1_8x32x1_1x32x1x8_8_1x1_intrawave_v3,739.55,1561.52,0.0
256,5352,8192,512,ck,0,0,58.3097,a8w8_blockscale_1x128x128_256x128x128x128_16x16_32x32_2x2_8x32x1_8x32x1_1x32x1x8_8_1x1_intrawave_v3,769.95,1622.74,0.0
256,5376,8192,512,ck,0,0,58.327,a8w8_blockscale_1x128x128_256x128x128x128_16x16_32x32_2x2_8x32x1_8x32x1_1x32x1x8_8_1x1_intrawave_v3,773.18,1629.21,0.0
256,5235,8192,512,ck,0,0,58.3463,a8w8_blockscale_1x128x128_256x128x128x128_16x16_32x32_2x2_8x32x1_8x32x1_1x32x1x8_8_1x1_intrawave_v3,752.65,1587.84,0.0
256,3258,6144,1536,ck,0,0,58.3556,a8w8_blockscale_1x128x128_256x128x128x128_16x16_32x32_2x2_8x32x1_8x32x1_1x32x1x8_8_1x1_intrawave_v3,1053.76,933.51,0.0
256,1087,7168,4096,ck,0,0,58.3592,a8w8_blockscale_1x128x128_256x128x128x128_16x16_32x32_2x2_8x32x1_8x32x1_1x32x1x8_8_1x1_intrawave_v3,1093.73,846.41,0.0
256,5241,8192,512,ck,0,0,58.3663,a8w8_blockscale_1x128x128_256x128x128x128_16x16_32x32_2x2_8x32x1_8x32x1_1x32x1x8_8_1x1_intrawave_v3,753.25,1589.04,0.0
256,5345,8192,512,ck,0,0,58.3951,a8w8_blockscale_1x128x128_256x128x128x128_16x16_32x32_2x2_8x32x1_8x32x1_1x32x1x8_8_1x1_intrawave_v3,767.82,1618.35,0.0
256,5187,8192,512,ck,0,0,58.3967,a8w8_blockscale_1x128x128_256x128x128x128_16x16_32x32_2x2_8x32x1_8x32x1_1x32x1x8_8_1x1_intrawave_v3,745.11,1572.59,0.0
256,5223,8192,512,ck,0,0,58.3987,a8w8_blockscale_1x128x128_256x128x128x128_16x16_32x32_2x2_8x32x1_8x32x1_1x32x1x8_8_1x1_intrawave_v3,750.25,1582.95,0.0
256,2486,8192,1536,ck,0,0,58.438,a8w8_blockscale_1x128x128_256x128x128x128_16x16_32x32_2x2_8x32x1_8x32x1_1x32x1x8_8_1x1_intrawave_v3,1070.57,977.65,0.0
256,5186,8192,512,ck,0,0,58.4467,a8w8_blockscale_1x128x128_256x128x128x128_16x16_32x32_2x2_8x32x1_8x32x1_1x32x1x8_8_1x1_intrawave_v3,744.32,1570.95,0.0
256,5321,8192,512,ck,0,0,58.4676,a8w8_blockscale_1x128x128_256x128x128x128_16x16_32x32_2x2_8x32x1_8x32x1_1x32x1x8_8_1x1_intrawave_v3,763.43,1609.4,0.0
256,5209,8192,512,ck,0,0,58.4714,a8w8_blockscale_1x128x128_256x128x128x128_16x16_32x32_2x2_8x32x1_8x32x1_1x32x1x8_8_1x1_intrawave_v3,747.31,1576.93,0.0
256,5180,8192,512,ck,0,0,58.4719,a8w8_blockscale_1x128x128_256x128x128x128_16x16_32x32_2x2_8x32x1_8x32x1_1x32x1x8_8_1x1_intrawave_v3,743.14,1568.54,0.0
256,2355,8192,1536,ck,0,0,58.4776,a8w8_blockscale_1x128x128_256x128x128x128_16x16_32x32_2x2_8x32x1_8x32x1_1x32x1x8_8_1x1_intrawave_v3,1013.47,936.85,0.0
256,5231,8192,512,ck,0,0,58.4855,a8w8_blockscale_1x128x128_256x128x128x128_16x16_32x32_2x2_8x32x1_8x32x1_1x32x1x8_8_1x1_intrawave_v3,750.29,1582.91,0.0
256,5246,8192,512,ck,0,0,58.4961,a8w8_blockscale_1x128x128_256x128x128x128_16x16_32x32_2x2_8x32x1_8x32x1_1x32x1x8_8_1x1_intrawave_v3,752.3,1586.96,0.0
256,5170,8192,512,ck,0,0,58.4975,a8w8_blockscale_1x128x128_256x128x128x128_16x16_32x32_2x2_8x32x1_8x32x1_1x32x1x8_8_1x1_intrawave_v3,741.38,1564.97,0.0
256,5127,8192,512,ck,0,0,58.499,a8w8_blockscale_1x128x128_256x128x128x128_16x16_32x32_2x2_8x32x1_8x32x1_1x32x1x8_8_1x1_intrawave_v3,735.2,1552.51,0.0
256,5234,8192,512,ck,0,0,58.5079,a8w8_blockscale_1x128x128_256x128x128x128_16x16_32x32_2x2_8x32x1_8x32x1_1x32x1x8_8_1x1_intrawave_v3,750.43,1583.17,0.0
256,2358,8192,1536,ck,0,0,58.5082,a8w8_blockscale_1x128x128_256x128x128x128_16x16_32x32_2x2_8x32x1_8x32x1_1x32x1x8_8_1x1_intrawave_v3,1014.23,937.27,0.0
256,920,7168,4608,ck,0,0,58.5307,a8w8_blockscale_1x128x128_256x128x128x128_16x16_32x32_2x2_8x32x1_8x32x1_1x32x1x8_8_1x1_intrawave_v3,1038.35,862.09,0.0
256,5193,8192,512,ck,0,0,58.5695,a8w8_blockscale_1x128x128_256x128x128x128_16x16_32x32_2x2_8x32x1_8x32x1_1x32x1x8_8_1x1_intrawave_v3,743.77,1569.68,0.0
256,2464,8192,1536,ck,0,0,58.572,a8w8_blockscale_1x128x128_256x128x128x128_16x16_32x32_2x2_8x32x1_8x32x1_1x32x1x8_8_1x1_intrawave_v3,1058.67,968.68,0.0
256,5159,8192,512,ck,0,0,58.574,a8w8_blockscale_1x128x128_256x128x128x128_16x16_32x32_2x2_8x32x1_8x32x1_1x32x1x8_8_1x1_intrawave_v3,738.84,1559.75,0.0
256,2415,8192,1536,ck,0,0,58.5752,a8w8_blockscale_1x128x128_256x128x128x128_16x16_32x32_2x2_8x32x1_8x32x1_1x32x1x8_8_1x1_intrawave_v3,1037.56,953.64,0.0
256,5194,8192,512,ck,0,0,58.5787,a8w8_blockscale_1x128x128_256x128x128x128_16x16_32x32_2x2_8x32x1_8x32x1_1x32x1x8_8_1x1_intrawave_v3,743.79,1569.72,0.0
256,5000,8192,512,ck,0,0,58.5871,a8w8_blockscale_1x128x128_256x128x128x128_16x16_32x32_2x2_8x32x1_8x32x1_1x32x1x8_8_1x1_intrawave_v3,715.91,1513.55,0.0
256,5141,8192,512,ck,0,0,58.6031,a8w8_blockscale_1x128x128_256x128x128x128_16x16_32x32_2x2_8x32x1_8x32x1_1x32x1x8_8_1x1_intrawave_v3,735.9,1553.79,0.0
256,1112,7168,4096,ck,0,0,58.6105,a8w8_blockscale_1x128x128_256x128x128x128_16x16_32x32_2x2_8x32x1_8x32x1_1x32x1x8_8_1x1_intrawave_v3,1114.08,850.64,0.0
256,5243,8192,512,ck,0,0,58.6343,a8w8_blockscale_1x128x128_256x128x128x128_16x16_32x32_2x2_8x32x1_8x32x1_1x32x1x8_8_1x1_intrawave_v3,750.1,1582.35,0.0
256,5313,8192,512,ck,0,0,58.6452,a8w8_blockscale_1x128x128_256x128x128x128_16x16_32x32_2x2_8x32x1_8x32x1_1x32x1x8_8_1x1_intrawave_v3,759.97,1602.22,0.0
256,2544,8192,1536,ck,0,0,58.664,a8w8_blockscale_1x128x128_256x128x128x128_16x16_32x32_2x2_8x32x1_8x32x1_1x32x1x8_8_1x1_intrawave_v3,1091.33,991.6,0.0
256,5256,8192,512,ck,0,0,58.6691,a8w8_blockscale_1x128x128_256x128x128x128_16x16_32x32_2x2_8x32x1_8x32x1_1x32x1x8_8_1x1_intrawave_v3,751.51,1585.16,0.0
256,5363,8192,512,ck,0,0,58.7066,a8w8_blockscale_1x128x128_256x128x128x128_16x16_32x32_2x2_8x32x1_8x32x1_1x32x1x8_8_1x1_intrawave_v3,766.32,1614.94,0.0
256,5155,8192,512,ck,0,0,58.7263,a8w8_blockscale_1x128x128_256x128x128x128_16x16_32x32_2x2_8x32x1_8x32x1_1x32x1x8_8_1x1_intrawave_v3,736.35,1554.55,0.0
256,5145,8192,512,ck,0,0,58.7511,a8w8_blockscale_1x128x128_256x128x128x128_16x16_32x32_2x2_8x32x1_8x32x1_1x32x1x8_8_1x1_intrawave_v3,734.61,1551.02,0.0
256,5237,8192,512,ck,0,0,58.7743,a8w8_blockscale_1x128x128_256x128x128x128_16x16_32x32_2x2_8x32x1_8x32x1_1x32x1x8_8_1x1_intrawave_v3,747.45,1576.86,0.0
256,5144,8192,512,ck,0,0,58.7781,a8w8_blockscale_1x128x128_256x128x128x128_16x16_32x32_2x2_8x32x1_8x32x1_1x32x1x8_8_1x1_intrawave_v3,734.13,1550.02,0.0
256,5221,8192,512,ck,0,0,58.8275,a8w8_blockscale_1x128x128_256x128x128x128_16x16_32x32_2x2_8x32x1_8x32x1_1x32x1x8_8_1x1_intrawave_v3,744.5,1570.84,0.0
256,5122,8192,512,ck,0,0,58.8675,a8w8_blockscale_1x128x128_256x128x128x128_16x16_32x32_2x2_8x32x1_8x32x1_1x32x1x8_8_1x1_intrawave_v3,729.88,1541.35,0.0
256,5190,8192,512,ck,0,0,58.8967,a8w8_blockscale_1x128x128_256x128x128x128_16x16_32x32_2x2_8x32x1_8x32x1_1x32x1x8_8_1x1_intrawave_v3,739.21,1560.1,0.0
256,5355,8192,512,ck,0,0,58.9004,a8w8_blockscale_1x128x128_256x128x128x128_16x16_32x32_2x2_8x32x1_8x32x1_1x32x1x8_8_1x1_intrawave_v3,762.66,1607.33,0.0
256,5226,8192,512,ck,0,0,58.9348,a8w8_blockscale_1x128x128_256x128x128x128_16x16_32x32_2x2_8x32x1_8x32x1_1x32x1x8_8_1x1_intrawave_v3,743.85,1569.41,0.0
256,5286,8192,512,ck,0,0,58.9636,a8w8_blockscale_1x128x128_256x128x128x128_16x16_32x32_2x2_8x32x1_8x32x1_1x32x1x8_8_1x1_intrawave_v3,752.03,1585.84,0.0
256,5227,8192,512,ck,0,0,58.9991,a8w8_blockscale_1x128x128_256x128x128x128_16x16_32x32_2x2_8x32x1_8x32x1_1x32x1x8_8_1x1_intrawave_v3,743.19,1567.98,0.0
256,5230,8192,512,ck,0,0,59.0331,a8w8_blockscale_1x128x128_256x128x128x128_16x16_32x32_2x2_8x32x1_8x32x1_1x32x1x8_8_1x1_intrawave_v3,743.18,1567.94,0.0
256,5297,8192,512,ck,0,0,59.0355,a8w8_blockscale_1x128x128_256x128x128x128_16x16_32x32_2x2_8x32x1_8x32x1_1x32x1x8_8_1x1_intrawave_v3,752.67,1587.05,0.0
256,5356,8192,512,ck,0,0,59.0539,a8w8_blockscale_1x128x128_256x128x128x128_16x16_32x32_2x2_8x32x1_8x32x1_1x32x1x8_8_1x1_intrawave_v3,760.82,1603.44,0.0
256,2479,8192,1536,ck,0,0,59.0756,a8w8_blockscale_1x128x128_256x128x128x128_16x16_32x32_2x2_8x32x1_8x32x1_1x32x1x8_8_1x1_intrawave_v3,1056.04,964.98,0.0
256,1009,7168,4608,ck,0,0,59.0976,a8w8_blockscale_1x128x128_256x128x128x128_16x16_32x32_2x2_8x32x1_8x32x1_1x32x1x8_8_1x1_intrawave_v3,1127.88,882.35,0.0
256,5329,8192,512,ck,0,0,59.1238,a8w8_blockscale_1x128x128_256x128x128x128_16x16_32x32_2x2_8x32x1_8x32x1_1x32x1x8_8_1x1_intrawave_v3,756.09,1593.83,0.0
256,930,7168,4608,ck,0,0,59.1301,a8w8_blockscale_1x128x128_256x128x128x128_16x16_32x32_2x2_8x32x1_8x32x1_1x32x1x8_8_1x1_intrawave_v3,1039.0,856.55,0.0
256,5301,8192,512,ck,0,0,59.1341,a8w8_blockscale_1x128x128_256x128x128x128_16x16_32x32_2x2_8x32x1_8x32x1_1x32x1x8_8_1x1_intrawave_v3,751.99,1585.55,0.0
256,2441,8192,1536,ck,0,0,59.1345,a8w8_blockscale_1x128x128_256x128x128x128_16x16_32x32_2x2_8x32x1_8x32x1_1x32x1x8_8_1x1_intrawave_v3,1038.81,952.5,0.0
256,5236,8192,512,ck,0,0,59.1435,a8w8_blockscale_1x128x128_256x128x128x128_16x16_32x32_2x2_8x32x1_8x32x1_1x32x1x8_8_1x1_intrawave_v3,742.65,1566.73,0.0
256,5137,8192,512,ck,0,0,59.1591,a8w8_blockscale_1x128x128_256x128x128x128_16x16_32x32_2x2_8x32x1_8x32x1_1x32x1x8_8_1x1_intrawave_v3,728.41,1538.04,0.0
256,2443,8192,1536,ck,0,0,59.2,a8w8_blockscale_1x128x128_256x128x128x128_16x16_32x32_2x2_8x32x1_8x32x1_1x32x1x8_8_1x1_intrawave_v3,1038.52,952.05,0.0
256,5320,8192,512,ck,0,0,59.2234,a8w8_blockscale_1x128x128_256x128x128x128_16x16_32x32_2x2_8x32x1_8x32x1_1x32x1x8_8_1x1_intrawave_v3,753.54,1588.58,0.0
256,5405,8192,512,ck,0,0,59.2268,a8w8_blockscale_1x128x128_256x128x128x128_16x16_32x32_2x2_8x32x1_8x32x1_1x32x1x8_8_1x1_intrawave_v3,765.54,1612.74,0.0
256,5358,8192,512,ck,0,0,59.2393,a8w8_blockscale_1x128x128_256x128x128x128_16x16_32x32_2x2_8x32x1_8x32x1_1x32x1x8_8_1x1_intrawave_v3,758.72,1598.99,0.0
256,5373,8192,512,ck,0,0,59.2436,a8w8_blockscale_1x128x128_256x128x128x128_16x16_32x32_2x2_8x32x1_8x32x1_1x32x1x8_8_1x1_intrawave_v3,760.79,1603.15,0.0
256,1144,7168,4096,ck,0,0,59.246,a8w8_blockscale_1x128x128_256x128x128x128_16x16_32x32_2x2_8x32x1_8x32x1_1x32x1x8_8_1x1_intrawave_v3,1133.85,851.47,0.0
256,1007,7168,4608,ck,0,0,59.2724,a8w8_blockscale_1x128x128_256x128x128x128_16x16_32x32_2x2_8x32x1_8x32x1_1x32x1x8_8_1x1_intrawave_v3,1122.32,879.11,0.0
256,5353,8192,512,ck,0,0,59.3052,a8w8_blockscale_1x128x128_256x128x128x128_16x16_32x32_2x2_8x32x1_8x32x1_1x32x1x8_8_1x1_intrawave_v3,757.17,1595.79,0.0
256,5462,8192,512,ck,0,0,59.3119,a8w8_blockscale_1x128x128_256x128x128x128_16x16_32x32_2x2_8x32x1_8x32x1_1x32x1x8_8_1x1_intrawave_v3,772.5,1626.66,0.0
256,5354,8192,512,ck,0,0,59.3248,a8w8_blockscale_1x128x128_256x128x128x128_16x16_32x32_2x2_8x32x1_8x32x1_1x32x1x8_8_1x1_intrawave_v3,757.06,1595.55,0.0
256,5454,8192,512,ck,0,0,59.3363,a8w8_blockscale_1x128x128_256x128x128x128_16x16_32x32_2x2_8x32x1_8x32x1_1x32x1x8_8_1x1_intrawave_v3,771.05,1623.71,0.0
256,1023,7168,4608,ck,0,0,59.3412,a8w8_blockscale_1x128x128_256x128x128x128_16x16_32x32_2x2_8x32x1_8x32x1_1x32x1x8_8_1x1_intrawave_v3,1138.83,883.2,0.0
256,5207,8192,512,ck,0,0,59.3519,a8w8_blockscale_1x128x128_256x128x128x128_16x16_32x32_2x2_8x32x1_8x32x1_1x32x1x8_8_1x1_intrawave_v3,735.94,1552.97,0.0
256,1132,7168,4096,ck,0,0,59.3628,a8w8_blockscale_1x128x128_256x128x128x128_16x16_32x32_2x2_8x32x1_8x32x1_1x32x1x8_8_1x1_intrawave_v3,1119.75,846.07,0.0
256,5413,8192,512,ck,0,0,59.3686,a8w8_blockscale_1x128x128_256x128x128x128_16x16_32x32_2x2_8x32x1_8x32x1_1x32x1x8_8_1x1_intrawave_v3,764.84,1611.16,0.0
256,2445,8192,1536,ck,0,0,59.4052,a8w8_blockscale_1x128x128_256x128x128x128_16x16_32x32_2x2_8x32x1_8x32x1_1x32x1x8_8_1x1_intrawave_v3,1035.78,949.37,0.0
256,1015,7168,4608,ck,0,0,59.408,a8w8_blockscale_1x128x128_256x128x128x128_16x16_32x32_2x2_8x32x1_8x32x1_1x32x1x8_8_1x1_intrawave_v3,1128.66,879.65,0.0
256,5437,8192,512,ck,0,0,59.4338,a8w8_blockscale_1x128x128_256x128x128x128_16x16_32x32_2x2_8x32x1_8x32x1_1x32x1x8_8_1x1_intrawave_v3,767.39,1616.22,0.0
256,5574,8192,512,ck,0,0,59.4358,a8w8_blockscale_1x128x128_256x128x128x128_16x16_32x32_2x2_8x32x1_8x32x1_1x32x1x8_8_1x1_intrawave_v3,786.7,1655.11,0.0
256,5343,8192,512,ck,0,0,59.4384,a8w8_blockscale_1x128x128_256x128x128x128_16x16_32x32_2x2_8x32x1_8x32x1_1x32x1x8_8_1x1_intrawave_v3,754.06,1589.37,0.0
256,5461,8192,512,ck,0,0,59.4779,a8w8_blockscale_1x128x128_256x128x128x128_16x16_32x32_2x2_8x32x1_8x32x1_1x32x1x8_8_1x1_intrawave_v3,770.21,1621.84,0.0
256,5608,8192,512,ck,0,0,59.5006,a8w8_blockscale_1x128x128_256x128x128x128_16x16_32x32_2x2_8x32x1_8x32x1_1x32x1x8_8_1x1_intrawave_v3,790.64,1662.96,0.0
256,2548,8192,1536,ck,0,0,59.5363,a8w8_blockscale_1x128x128_256x128x128x128_16x16_32x32_2x2_8x32x1_8x32x1_1x32x1x8_8_1x1_intrawave_v3,1077.03,978.28,0.0
256,1000,7168,4608,ck,0,0,59.5364,a8w8_blockscale_1x128x128_256x128x128x128_16x16_32x32_2x2_8x32x1_8x32x1_1x32x1x8_8_1x1_intrawave_v3,1109.58,872.98,0.0
256,5309,8192,512,ck,0,0,59.5596,a8w8_blockscale_1x128x128_256x128x128x128_16x16_32x32_2x2_8x32x1_8x32x1_1x32x1x8_8_1x1_intrawave_v3,747.74,1576.49,0.0
256,5501,8192,512,ck,0,0,59.5669,a8w8_blockscale_1x128x128_256x128x128x128_16x16_32x32_2x2_8x32x1_8x32x1_1x32x1x8_8_1x1_intrawave_v3,774.69,1630.76,0.0
256,2444,8192,1536,ck,0,0,59.6084,a8w8_blockscale_1x128x128_256x128x128x128_16x16_32x32_2x2_8x32x1_8x32x1_1x32x1x8_8_1x1_intrawave_v3,1031.82,945.83,0.0
256,5367,8192,512,ck,0,0,59.6168,a8w8_blockscale_1x128x128_256x128x128x128_16x16_32x32_2x2_8x32x1_8x32x1_1x32x1x8_8_1x1_intrawave_v3,755.18,1591.42,0.0
256,5362,8192,512,ck,0,0,59.6724,a8w8_blockscale_1x128x128_256x128x128x128_16x16_32x32_2x2_8x32x1_8x32x1_1x32x1x8_8_1x1_intrawave_v3,753.78,1588.52,0.0
256,5289,8192,512,ck,0,0,59.674,a8w8_blockscale_1x128x128_256x128x128x128_16x16_32x32_2x2_8x32x1_8x32x1_1x32x1x8_8_1x1_intrawave_v3,743.5,1567.81,0.0
256,5253,8192,512,ck,0,0,59.6787,a8w8_blockscale_1x128x128_256x128x128x128_16x16_32x32_2x2_8x32x1_8x32x1_1x32x1x8_8_1x1_intrawave_v3,738.38,1557.49,0.0
256,5632,8192,512,ck,0,0,59.6854,a8w8_blockscale_1x128x128_256x128x128x128_16x16_32x32_2x2_8x32x1_8x32x1_1x32x1x8_8_1x1_intrawave_v3,791.56,1664.6,0.0
256,5473,8192,512,ck,0,0,59.6931,a8w8_blockscale_1x128x128_256x128x128x128_16x16_32x32_2x2_8x32x1_8x32x1_1x32x1x8_8_1x1_intrawave_v3,769.11,1619.39,0.0
256,1003,7168,4608,ck,0,0,59.73,a8w8_blockscale_1x128x128_256x128x128x128_16x16_32x32_2x2_8x32x1_8x32x1_1x32x1x8_8_1x1_intrawave_v3,1109.3,871.1,0.0
256,5335,8192,512,ck,0,0,59.7575,a8w8_blockscale_1x128x128_256x128x128x128_16x16_32x32_2x2_8x32x1_8x32x1_1x32x1x8_8_1x1_intrawave_v3,748.91,1578.62,0.0
256,5603,8192,512,ck,0,0,59.7639,a8w8_blockscale_1x128x128_256x128x128x128_16x16_32x32_2x2_8x32x1_8x32x1_1x32x1x8_8_1x1_intrawave_v3,786.45,1654.22,0.0
256,5311,8192,512,ck,0,0,59.7696,a8w8_blockscale_1x128x128_256x128x128x128_16x16_32x32_2x2_8x32x1_8x32x1_1x32x1x8_8_1x1_intrawave_v3,745.39,1571.52,0.0
256,5602,8192,512,ck,0,0,59.7987,a8w8_blockscale_1x128x128_256x128x128x128_16x16_32x32_2x2_8x32x1_8x32x1_1x32x1x8_8_1x1_intrawave_v3,785.85,1652.97,0.0
256,5278,8192,512,ck,0,0,59.8008,a8w8_blockscale_1x128x128_256x128x128x128_16x16_32x32_2x2_8x32x1_8x32x1_1x32x1x8_8_1x1_intrawave_v3,740.38,1561.37,0.0
256,5428,8192,512,ck,0,0,59.8102,a8w8_blockscale_1x128x128_256x128x128x128_16x16_32x32_2x2_8x32x1_8x32x1_1x32x1x8_8_1x1_intrawave_v3,761.3,1603.5,0.0
256,5121,8192,512,ck,0,0,59.824,a8w8_blockscale_1x128x128_256x128x128x128_16x16_32x32_2x2_8x32x1_8x32x1_1x32x1x8_8_1x1_intrawave_v3,718.07,1516.43,0.0
256,5344,8192,512,ck,0,0,59.8312,a8w8_blockscale_1x128x128_256x128x128x128_16x16_32x32_2x2_8x32x1_8x32x1_1x32x1x8_8_1x1_intrawave_v3,749.25,1579.22,0.0
256,5389,8192,512,ck,0,0,59.8422,a8w8_blockscale_1x128x128_256x128x128x128_16x16_32x32_2x2_8x32x1_8x32x1_1x32x1x8_8_1x1_intrawave_v3,755.42,1591.63,0.0
256,5250,8192,512,ck,0,0,59.8543,a8w8_blockscale_1x128x128_256x128x128x128_16x16_32x32_2x2_8x32x1_8x32x1_1x32x1x8_8_1x1_intrawave_v3,735.79,1552.07,0.0
256,5442,8192,512,ck,0,0,59.8577,a8w8_blockscale_1x128x128_256x128x128x128_16x16_32x32_2x2_8x32x1_8x32x1_1x32x1x8_8_1x1_intrawave_v3,762.66,1606.18,0.0
256,5292,8192,512,ck,0,0,59.8948,a8w8_blockscale_1x128x128_256x128x128x128_16x16_32x32_2x2_8x32x1_8x32x1_1x32x1x8_8_1x1_intrawave_v3,741.17,1562.87,0.0
256,5539,8192,512,ck,0,0,59.8994,a8w8_blockscale_1x128x128_256x128x128x128_16x16_32x32_2x2_8x32x1_8x32x1_1x32x1x8_8_1x1_intrawave_v3,775.71,1632.42,0.0
256,5281,8192,512,ck,0,0,59.9012,a8w8_blockscale_1x128x128_256x128x128x128_16x16_32x32_2x2_8x32x1_8x32x1_1x32x1x8_8_1x1_intrawave_v3,739.56,1559.6,0.0
256,5517,8192,512,ck,0,0,59.9048,a8w8_blockscale_1x128x128_256x128x128x128_16x16_32x32_2x2_8x32x1_8x32x1_1x32x1x8_8_1x1_intrawave_v3,772.56,1626.07,0.0
256,5252,8192,512,ck,0,0,59.9127,a8w8_blockscale_1x128x128_256x128x128x128_16x16_32x32_2x2_8x32x1_8x32x1_1x32x1x8_8_1x1_intrawave_v3,735.35,1551.13,0.0
256,5538,8192,512,ck,0,0,59.9296,a8w8_blockscale_1x128x128_256x128x128x128_16x16_32x32_2x2_8x32x1_8x32x1_1x32x1x8_8_1x1_intrawave_v3,775.18,1631.32,0.0
256,5436,8192,512,ck,0,0,59.9307,a8w8_blockscale_1x128x128_256x128x128x128_16x16_32x32_2x2_8x32x1_8x32x1_1x32x1x8_8_1x1_intrawave_v3,760.89,1602.53,0.0
256,5433,8192,512,ck,0,0,59.9323,a8w8_blockscale_1x128x128_256x128x128x128_16x16_32x32_2x2_8x32x1_8x32x1_1x32x1x8_8_1x1_intrawave_v3,760.45,1601.65,0.0
256,5365,8192,512,ck,0,0,59.934,a8w8_blockscale_1x128x128_256x128x128x128_16x16_32x32_2x2_8x32x1_8x32x1_1x32x1x8_8_1x1_intrawave_v3,750.91,1582.43,0.0
256,2515,8192,1536,ck,0,0,59.9352,a8w8_blockscale_1x128x128_256x128x128x128_16x16_32x32_2x2_8x32x1_8x32x1_1x32x1x8_8_1x1_intrawave_v3,1056.01,961.9,0.0
256,5544,8192,512,ck,0,0,59.944,a8w8_blockscale_1x128x128_256x128x128x128_16x16_32x32_2x2_8x32x1_8x32x1_1x32x1x8_8_1x1_intrawave_v3,775.83,1632.62,0.0
256,5315,8192,512,ck,0,0,59.9664,a8w8_blockscale_1x128x128_256x128x128x128_16x16_32x32_2x2_8x32x1_8x32x1_1x32x1x8_8_1x1_intrawave_v3,743.51,1567.49,0.0
256,5532,8192,512,ck,0,0,59.9937,a8w8_blockscale_1x128x128_256x128x128x128_16x16_32x32_2x2_8x32x1_8x32x1_1x32x1x8_8_1x1_intrawave_v3,773.51,1627.89,0.0
256,5546,8192,512,ck,0,0,60.003,a8w8_blockscale_1x128x128_256x128x128x128_16x16_32x32_2x2_8x32x1_8x32x1_1x32x1x8_8_1x1_intrawave_v3,775.35,1631.58,0.0
256,5403,8192,512,ck,0,0,60.0134,a8w8_blockscale_1x128x128_256x128x128x128_16x16_32x32_2x2_8x32x1_8x32x1_1x32x1x8_8_1x1_intrawave_v3,755.23,1591.03,0.0
256,5450,8192,512,ck,0,0,60.0383,a8w8_blockscale_1x128x128_256x128x128x128_16x16_32x32_2x2_8x32x1_8x32x1_1x32x1x8_8_1x1_intrawave_v3,761.48,1603.6,0.0
256,5396,8192,512,ck,0,0,60.0474,a8w8_blockscale_1x128x128_256x128x128x128_16x16_32x32_2x2_8x32x1_8x32x1_1x32x1x8_8_1x1_intrawave_v3,753.82,1588.16,0.0
256,5548,8192,512,ck,0,0,60.054,a8w8_blockscale_1x128x128_256x128x128x128_16x16_32x32_2x2_8x32x1_8x32x1_1x32x1x8_8_1x1_intrawave_v3,774.97,1630.75,0.0
256,5402,8192,512,ck,0,0,60.0598,a8w8_blockscale_1x128x128_256x128x128x128_16x16_32x32_2x2_8x32x1_8x32x1_1x32x1x8_8_1x1_intrawave_v3,754.5,1589.52,0.0
256,5391,8192,512,ck,0,0,60.0633,a8w8_blockscale_1x128x128_256x128x128x128_16x16_32x32_2x2_8x32x1_8x32x1_1x32x1x8_8_1x1_intrawave_v3,752.92,1586.34,0.0
256,1001,7168,4608,ck,0,0,60.0636,a8w8_blockscale_1x128x128_256x128x128x128_16x16_32x32_2x2_8x32x1_8x32x1_1x32x1x8_8_1x1_intrawave_v3,1100.94,865.63,0.0
256,5590,8192,512,ck,0,0,60.1311,a8w8_blockscale_1x128x128_256x128x128x128_16x16_32x32_2x2_8x32x1_8x32x1_1x32x1x8_8_1x1_intrawave_v3,779.83,1640.46,0.0
256,5458,8192,512,ck,0,0,60.1359,a8w8_blockscale_1x128x128_256x128x128x128_16x16_32x32_2x2_8x32x1_8x32x1_1x32x1x8_8_1x1_intrawave_v3,761.36,1603.25,0.0
256,400,9216,7168,ck,14,0,60.1504,a8w8_blockscale_1x128x128_256x64x256x128_16x16_32x32_2x2_8x32x1_8x32x1_1x32x1x8_8_1x1_intrawave_v1,878.6,1268.49,0.0
256,5491,8192,512,ck,0,0,60.1526,a8w8_blockscale_1x128x128_256x128x128x128_16x16_32x32_2x2_8x32x1_8x32x1_1x32x1x8_8_1x1_intrawave_v3,765.75,1612.07,0.0
256,5553,8192,512,ck,0,0,60.1582,a8w8_blockscale_1x128x128_256x128x128x128_16x16_32x32_2x2_8x32x1_8x32x1_1x32x1x8_8_1x1_intrawave_v3,774.32,1629.33,0.0
256,5409,8192,512,ck,0,0,60.1842,a8w8_blockscale_1x128x128_256x128x128x128_16x16_32x32_2x2_8x32x1_8x32x1_1x32x1x8_8_1x1_intrawave_v3,753.92,1588.2,0.0
256,5496,8192,512,ck,0,0,60.1945,a8w8_blockscale_1x128x128_256x128x128x128_16x16_32x32_2x2_8x32x1_8x32x1_1x32x1x8_8_1x1_intrawave_v3,765.91,1612.35,0.0
256,5631,8192,512,ck,0,0,60.2059,a8w8_blockscale_1x128x128_256x128x128x128_16x16_32x32_2x2_8x32x1_8x32x1_1x32x1x8_8_1x1_intrawave_v3,784.58,1649.93,0.0
256,5568,8192,512,ck,0,0,60.2214,a8w8_blockscale_1x128x128_256x128x128x128_16x16_32x32_2x2_8x32x1_8x32x1_1x32x1x8_8_1x1_intrawave_v3,775.6,1631.83,0.0
256,5584,8192,512,ck,0,0,60.2295,a8w8_blockscale_1x128x128_256x128x128x128_16x16_32x32_2x2_8x32x1_8x32x1_1x32x1x8_8_1x1_intrawave_v3,777.72,1636.1,0.0
256,5498,8192,512,ck,0,0,60.2457,a8w8_blockscale_1x128x128_256x128x128x128_16x16_32x32_2x2_8x32x1_8x32x1_1x32x1x8_8_1x1_intrawave_v3,765.54,1611.54,0.0
256,5559,8192,512,ck,0,0,60.2622,a8w8_blockscale_1x128x128_256x128x128x128_16x16_32x32_2x2_8x32x1_8x32x1_1x32x1x8_8_1x1_intrawave_v3,773.82,1628.2,0.0
256,5388,8192,512,ck,0,0,60.2974,a8w8_blockscale_1x128x128_256x128x128x128_16x16_32x32_2x2_8x32x1_8x32x1_1x32x1x8_8_1x1_intrawave_v3,749.58,1579.34,0.0
256,5449,8192,512,ck,0,0,60.2975,a8w8_blockscale_1x128x128_256x128x128x128_16x16_32x32_2x2_8x32x1_8x32x1_1x32x1x8_8_1x1_intrawave_v3,758.07,1596.43,0.0
256,5502,8192,512,ck,0,0,60.2997,a8w8_blockscale_1x128x128_256x128x128x128_16x16_32x32_2x2_8x32x1_8x32x1_1x32x1x8_8_1x1_intrawave_v3,765.41,1611.22,0.0
256,5418,8192,512,ck,0,0,60.2998,a8w8_blockscale_1x128x128_256x128x128x128_16x16_32x32_2x2_8x32x1_8x32x1_1x32x1x8_8_1x1_intrawave_v3,753.73,1587.68,0.0
256,5580,8192,512,ck,0,0,60.3154,a8w8_blockscale_1x128x128_256x128x128x128_16x16_32x32_2x2_8x32x1_8x32x1_1x32x1x8_8_1x1_intrawave_v3,776.06,1632.65,0.0
256,5500,8192,512,ck,0,0,60.3253,a8w8_blockscale_1x128x128_256x128x128x128_16x16_32x32_2x2_8x32x1_8x32x1_1x32x1x8_8_1x1_intrawave_v3,764.81,1609.98,0.0
256,5598,8192,512,ck,0,0,60.3307,a8w8_blockscale_1x128x128_256x128x128x128_16x16_32x32_2x2_8x32x1_8x32x1_1x32x1x8_8_1x1_intrawave_v3,778.37,1637.28,0.0
256,5497,8192,512,ck,0,0,60.4033,a8w8_blockscale_1x128x128_256x128x128x128_16x16_32x32_2x2_8x32x1_8x32x1_1x32x1x8_8_1x1_intrawave_v3,763.4,1607.06,0.0
256,5536,8192,512,ck,0,0,60.4101,a8w8_blockscale_1x128x128_256x128x128x128_16x16_32x32_2x2_8x32x1_8x32x1_1x32x1x8_8_1x1_intrawave_v3,768.73,1617.79,0.0
256,5434,8192,512,ck,0,0,60.4299,a8w8_blockscale_1x128x128_256x128x128x128_16x16_32x32_2x2_8x32x1_8x32x1_1x32x1x8_8_1x1_intrawave_v3,754.32,1588.74,0.0
256,5482,8192,512,ck,0,0,60.4519,a8w8_blockscale_1x128x128_256x128x128x128_16x16_32x32_2x2_8x32x1_8x32x1_1x32x1x8_8_1x1_intrawave_v3,760.71,1601.57,0.0
256,5459,8192,512,ck,0,0,60.4619,a8w8_blockscale_1x128x128_256x128x128x128_16x16_32x32_2x2_8x32x1_8x32x1_1x32x1x8_8_1x1_intrawave_v3,757.39,1594.88,0.0
256,5398,8192,512,ck,0,0,60.4658,a8w8_blockscale_1x128x128_256x128x128x128_16x16_32x32_2x2_8x32x1_8x32x1_1x32x1x8_8_1x1_intrawave_v3,748.88,1577.73,0.0
256,416,9216,7168,ck,14,0,60.4683,a8w8_blockscale_1x128x128_256x64x256x128_16x16_32x32_2x2_8x32x1_8x32x1_1x32x1x8_8_1x1_intrawave_v1,908.94,1268.6,0.0
256,5415,8192,512,ck,0,0,60.4834,a8w8_blockscale_1x128x128_256x128x128x128_16x16_32x32_2x2_8x32x1_8x32x1_1x32x1x8_8_1x1_intrawave_v3,751.02,1582.02,0.0
256,5456,8192,512,ck,0,0,60.4843,a8w8_blockscale_1x128x128_256x128x128x128_16x16_32x32_2x2_8x32x1_8x32x1_1x32x1x8_8_1x1_intrawave_v3,756.7,1593.45,0.0
256,5284,8192,512,ck,0,0,60.5076,a8w8_blockscale_1x128x128_256x128x128x128_16x16_32x32_2x2_8x32x1_8x32x1_1x32x1x8_8_1x1_intrawave_v3,732.56,1544.81,0.0
256,5587,8192,512,ck,0,0,60.5103,a8w8_blockscale_1x128x128_256x128x128x128_16x16_32x32_2x2_8x32x1_8x32x1_1x32x1x8_8_1x1_intrawave_v3,774.53,1629.35,0.0
256,5600,8192,512,ck,0,0,60.5199,a8w8_blockscale_1x128x128_256x128x128x128_16x16_32x32_2x2_8x32x1_8x32x1_1x32x1x8_8_1x1_intrawave_v3,776.21,1632.72,0.0
256,5511,8192,512,ck,0,0,60.5233,a8w8_blockscale_1x128x128_256x128x128x128_16x16_32x32_2x2_8x32x1_8x32x1_1x32x1x8_8_1x1_intrawave_v3,763.83,1607.78,0.0
256,5594,8192,512,ck,0,0,60.5259,a8w8_blockscale_1x128x128_256x128x128x128_16x16_32x32_2x2_8x32x1_8x32x1_1x32x1x8_8_1x1_intrawave_v3,775.3,1630.88,0.0
256,5492,8192,512,ck,0,0,60.5275,a8w8_blockscale_1x128x128_256x128x128x128_16x16_32x32_2x2_8x32x1_8x32x1_1x32x1x8_8_1x1_intrawave_v3,761.15,1602.36,0.0
256,5509,8192,512,ck,0,0,60.5548,a8w8_blockscale_1x128x128_256x128x128x128_16x16_32x32_2x2_8x32x1_8x32x1_1x32x1x8_8_1x1_intrawave_v3,763.16,1606.39,0.0
256,5479,8192,512,ck,0,0,60.5695,a8w8_blockscale_1x128x128_256x128x128x128_16x16_32x32_2x2_8x32x1_8x32x1_1x32x1x8_8_1x1_intrawave_v3,758.82,1597.63,0.0
256,5537,8192,512,ck,0,0,60.5865,a8w8_blockscale_1x128x128_256x128x128x128_16x16_32x32_2x2_8x32x1_8x32x1_1x32x1x8_8_1x1_intrawave_v3,766.63,1613.35,0.0
256,5531,8192,512,ck,0,0,60.5981,a8w8_blockscale_1x128x128_256x128x128x128_16x16_32x32_2x2_8x32x1_8x32x1_1x32x1x8_8_1x1_intrawave_v3,765.66,1611.37,0.0
256,5414,8192,512,ck,0,0,60.6149,a8w8_blockscale_1x128x128_256x128x128x128_16x16_32x32_2x2_8x32x1_8x32x1_1x32x1x8_8_1x1_intrawave_v3,749.25,1578.31,0.0
256,5476,8192,512,ck,0,0,60.6399,a8w8_blockscale_1x128x128_256x128x128x128_16x16_32x32_2x2_8x32x1_8x32x1_1x32x1x8_8_1x1_intrawave_v3,757.52,1594.94,0.0
256,5629,8192,512,ck,0,0,60.7309,a8w8_blockscale_1x128x128_256x128x128x128_16x16_32x32_2x2_8x32x1_8x32x1_1x32x1x8_8_1x1_intrawave_v3,777.52,1635.11,0.0
256,5566,8192,512,ck,0,0,60.749,a8w8_blockscale_1x128x128_256x128x128x128_16x16_32x32_2x2_8x32x1_8x32x1_1x32x1x8_8_1x1_intrawave_v3,768.59,1617.1,0.0
256,5447,8192,512,ck,0,0,60.7607,a8w8_blockscale_1x128x128_256x128x128x128_16x16_32x32_2x2_8x32x1_8x32x1_1x32x1x8_8_1x1_intrawave_v3,752.01,1583.7,0.0
256,5625,8192,512,ck,0,0,60.7794,a8w8_blockscale_1x128x128_256x128x128x128_16x16_32x32_2x2_8x32x1_8x32x1_1x32x1x8_8_1x1_intrawave_v3,776.35,1632.7,0.0
256,5285,8192,512,ck,0,0,60.8232,a8w8_blockscale_1x128x128_256x128x128x128_16x16_32x32_2x2_8x32x1_8x32x1_1x32x1x8_8_1x1_intrawave_v3,728.9,1537.07,0.0
256,5597,8192,512,ck,0,0,60.8243,a8w8_blockscale_1x128x128_256x128x128x128_16x16_32x32_2x2_8x32x1_8x32x1_1x32x1x8_8_1x1_intrawave_v3,771.91,1623.71,0.0
256,5579,8192,512,ck,0,0,60.8379,a8w8_blockscale_1x128x128_256x128x128x128_16x16_32x32_2x2_8x32x1_8x32x1_1x32x1x8_8_1x1_intrawave_v3,769.26,1618.35,0.0
256,5488,8192,512,ck,0,0,60.8531,a8w8_blockscale_1x128x128_256x128x128x128_16x16_32x32_2x2_8x32x1_8x32x1_1x32x1x8_8_1x1_intrawave_v3,756.52,1592.68,0.0
256,5408,8192,512,ck,0,0,60.8686,a8w8_blockscale_1x128x128_256x128x128x128_16x16_32x32_2x2_8x32x1_8x32x1_1x32x1x8_8_1x1_intrawave_v3,745.3,1570.07,0.0
256,5545,8192,512,ck,0,0,60.9237,a8w8_blockscale_1x128x128_256x128x128x128_16x16_32x32_2x2_8x32x1_8x32x1_1x32x1x8_8_1x1_intrawave_v3,763.49,1606.64,0.0
256,5533,8192,512,ck,0,0,60.9477,a8w8_blockscale_1x128x128_256x128x128x128_16x16_32x32_2x2_8x32x1_8x32x1_1x32x1x8_8_1x1_intrawave_v3,761.54,1602.68,0.0
256,5441,8192,512,ck,0,0,60.9483,a8w8_blockscale_1x128x128_256x128x128x128_16x16_32x32_2x2_8x32x1_8x32x1_1x32x1x8_8_1x1_intrawave_v3,748.87,1577.16,0.0
256,5465,8192,512,ck,0,0,60.9559,a8w8_blockscale_1x128x128_256x128x128x128_16x16_32x32_2x2_8x32x1_8x32x1_1x32x1x8_8_1x1_intrawave_v3,752.08,1583.62,0.0
256,5258,8192,512,ck,0,0,60.9588,a8w8_blockscale_1x128x128_256x128x128x128_16x16_32x32_2x2_8x32x1_8x32x1_1x32x1x8_8_1x1_intrawave_v3,723.56,1526.17,0.0
256,5390,8192,512,ck,0,0,60.9741,a8w8_blockscale_1x128x128_256x128x128x128_16x16_32x32_2x2_8x32x1_8x32x1_1x32x1x8_8_1x1_intrawave_v3,741.54,1562.36,0.0
256,5460,8192,512,ck,0,0,60.9907,a8w8_blockscale_1x128x128_256x128x128x128_16x16_32x32_2x2_8x32x1_8x32x1_1x32x1x8_8_1x1_intrawave_v3,750.96,1581.33,0.0
256,5385,8192,512,ck,0,0,61.069,a8w8_blockscale_1x128x128_256x128x128x128_16x16_32x32_2x2_8x32x1_8x32x1_1x32x1x8_8_1x1_intrawave_v3,739.7,1558.55,0.0
256,5431,8192,512,ck,0,0,61.079,a8w8_blockscale_1x128x128_256x128x128x128_16x16_32x32_2x2_8x32x1_8x32x1_1x32x1x8_8_1x1_intrawave_v3,745.9,1571.02,0.0
256,5503,8192,512,ck,0,0,61.0822,a8w8_blockscale_1x128x128_256x128x128x128_16x16_32x32_2x2_8x32x1_8x32x1_1x32x1x8_8_1x1_intrawave_v3,755.74,1590.86,0.0
256,5506,8192,512,ck,0,0,61.0861,a8w8_blockscale_1x128x128_256x128x128x128_16x16_32x32_2x2_8x32x1_8x32x1_1x32x1x8_8_1x1_intrawave_v3,756.11,1591.58,0.0
256,432,9216,7168,ck,14,0,61.0943,a8w8_blockscale_1x128x128_256x64x256x128_16x16_32x32_2x2_8x32x1_8x32x1_1x32x1x8_8_1x1_intrawave_v1,934.23,1262.3,0.0
256,5611,8192,512,ck,0,0,61.1678,a8w8_blockscale_1x128x128_256x128x128x128_16x16_32x32_2x2_8x32x1_8x32x1_1x32x1x8_8_1x1_intrawave_v3,769.5,1618.46,0.0
256,2534,8192,1536,ck,0,0,61.1898,a8w8_blockscale_1x128x128_256x128x128x128_16x16_32x32_2x2_8x32x1_8x32x1_1x32x1x8_8_1x1_intrawave_v3,1042.17,947.74,0.0
256,5448,8192,512,ck,0,0,61.2223,a8w8_blockscale_1x128x128_256x128x128x128_16x16_32x32_2x2_8x32x1_8x32x1_1x32x1x8_8_1x1_intrawave_v3,746.48,1572.04,0.0
256,5547,8192,512,ck,0,0,61.2721,a8w8_blockscale_1x128x128_256x128x128x128_16x16_32x32_2x2_8x32x1_8x32x1_1x32x1x8_8_1x1_intrawave_v3,759.43,1598.06,0.0
256,5451,8192,512,ck,0,0,61.3467,a8w8_blockscale_1x128x128_256x128x128x128_16x16_32x32_2x2_8x32x1_8x32x1_1x32x1x8_8_1x1_intrawave_v3,745.38,1569.68,0.0
256,5610,8192,512,ck,0,0,61.4123,a8w8_blockscale_1x128x128_256x128x128x128_16x16_32x32_2x2_8x32x1_8x32x1_1x32x1x8_8_1x1_intrawave_v3,766.3,1611.74,0.0
256,5493,8192,512,ck,0,0,61.4195,a8w8_blockscale_1x128x128_256x128x128x128_16x16_32x32_2x2_8x32x1_8x32x1_1x32x1x8_8_1x1_intrawave_v3,750.23,1579.37,0.0
256,5616,8192,512,ck,0,0,61.6747,a8w8_blockscale_1x128x128_256x128x128x128_16x16_32x32_2x2_8x32x1_8x32x1_1x32x1x8_8_1x1_intrawave_v3,763.85,1606.53,0.0
256,5474,8192,512,ck,0,0,61.728,a8w8_blockscale_1x128x128_256x128x128x128_16x16_32x32_2x2_8x32x1_8x32x1_1x32x1x8_8_1x1_intrawave_v3,743.9,1566.27,0.0
256,5416,8192,512,ck,0,0,61.9406,a8w8_blockscale_1x128x128_256x128x128x128_16x16_32x32_2x2_8x32x1_8x32x1_1x32x1x8_8_1x1_intrawave_v3,733.49,1545.08,0.0
256,1047,7168,4608,ck,0,0,62.0155,a8w8_blockscale_1x128x128_256x128x128x128_16x16_32x32_2x2_8x32x1_8x32x1_1x32x1x8_8_1x1_intrawave_v3,1115.29,852.44,0.0
256,448,9216,7168,ck,14,0,62.0535,a8w8_blockscale_1x128x128_256x64x256x128_16x16_32x32_2x2_8x32x1_8x32x1_1x32x1x8_8_1x1_intrawave_v1,953.85,1249.39,0.0
256,5540,8192,512,ck,0,0,62.2229,a8w8_blockscale_1x128x128_256x128x128x128_16x16_32x32_2x2_8x32x1_8x32x1_1x32x1x8_8_1x1_intrawave_v3,746.88,1571.74,0.0
256,5712,8192,512,ck,0,0,62.251,a8w8_blockscale_1x128x128_256x128x128x128_16x16_32x32_2x2_8x32x1_8x32x1_1x32x1x8_8_1x1_intrawave_v3,769.72,1617.71,0.0
256,5728,8192,512,ck,0,0,62.2658,a8w8_blockscale_1x128x128_256x128x128x128_16x16_32x32_2x2_8x32x1_8x32x1_1x32x1x8_8_1x1_intrawave_v3,771.69,1621.67,0.0
256,5698,8192,512,ck,0,0,62.2758,a8w8_blockscale_1x128x128_256x128x128x128_16x16_32x32_2x2_8x32x1_8x32x1_1x32x1x8_8_1x1_intrawave_v3,767.53,1613.27,0.0
256,5649,8192,512,ck,0,0,62.3031,a8w8_blockscale_1x128x128_256x128x128x128_16x16_32x32_2x2_8x32x1_8x32x1_1x32x1x8_8_1x1_intrawave_v3,760.59,1599.28,0.0
256,5640,8192,512,ck,0,0,62.3822,a8w8_blockscale_1x128x128_256x128x128x128_16x16_32x32_2x2_8x32x1_8x32x1_1x32x1x8_8_1x1_intrawave_v3,758.42,1594.81,0.0
256,5644,8192,512,ck,0,0,62.465,a8w8_blockscale_1x128x128_256x128x128x128_16x16_32x32_2x2_8x32x1_8x32x1_1x32x1x8_8_1x1_intrawave_v3,757.95,1593.78,0.0
256,5713,8192,512,ck,0,0,62.5038,a8w8_blockscale_1x128x128_256x128x128x128_16x16_32x32_2x2_8x32x1_8x32x1_1x32x1x8_8_1x1_intrawave_v3,766.74,1611.44,0.0
256,1087,7168,4608,ck,0,0,62.5216,a8w8_blockscale_1x128x128_256x128x128x128_16x16_32x32_2x2_8x32x1_8x32x1_1x32x1x8_8_1x1_intrawave_v3,1148.52,857.66,0.0
256,5747,8192,512,ck,0,0,62.5754,a8w8_blockscale_1x128x128_256x128x128x128_16x16_32x32_2x2_8x32x1_8x32x1_1x32x1x8_8_1x1_intrawave_v3,770.42,1618.78,0.0
256,1040,7168,4608,ck,0,0,62.6552,a8w8_blockscale_1x128x128_256x128x128x128_16x16_32x32_2x2_8x32x1_8x32x1_1x32x1x8_8_1x1_intrawave_v3,1096.52,841.62,0.0
256,5635,8192,512,ck,0,0,62.7042,a8w8_blockscale_1x128x128_256x128x128x128_16x16_32x32_2x2_8x32x1_8x32x1_1x32x1x8_8_1x1_intrawave_v3,753.85,1585.27,0.0
256,5642,8192,512,ck,0,0,62.7835,a8w8_blockscale_1x128x128_256x128x128x128_16x16_32x32_2x2_8x32x1_8x32x1_1x32x1x8_8_1x1_intrawave_v3,753.84,1585.15,0.0
256,5680,8192,512,ck,0,0,62.8446,a8w8_blockscale_1x128x128_256x128x128x128_16x16_32x32_2x2_8x32x1_8x32x1_1x32x1x8_8_1x1_intrawave_v3,758.18,1593.83,0.0
256,5668,8192,512,ck,0,0,62.8654,a8w8_blockscale_1x128x128_256x128x128x128_16x16_32x32_2x2_8x32x1_8x32x1_1x32x1x8_8_1x1_intrawave_v3,756.32,1590.08,0.0
256,1112,7168,4608,ck,0,0,62.866,a8w8_blockscale_1x128x128_256x128x128x128_16x16_32x32_2x2_8x32x1_8x32x1_1x32x1x8_8_1x1_intrawave_v3,1168.5,860.49,0.0
256,5803,8192,512,ck,0,0,62.8684,a8w8_blockscale_1x128x128_256x128x128x128_16x16_32x32_2x2_8x32x1_8x32x1_1x32x1x8_8_1x1_intrawave_v3,774.3,1626.28,0.0
256,5779,8192,512,ck,0,0,62.9077,a8w8_blockscale_1x128x128_256x128x128x128_16x16_32x32_2x2_8x32x1_8x32x1_1x32x1x8_8_1x1_intrawave_v3,770.62,1618.82,0.0
256,5350,8192,512,ck,0,0,62.9107,a8w8_blockscale_1x128x128_256x128x128x128_16x16_32x32_2x2_8x32x1_8x32x1_1x32x1x8_8_1x1_intrawave_v3,713.38,1503.53,0.0
256,5832,8192,512,ck,0,0,62.9213,a8w8_blockscale_1x128x128_256x128x128x128_16x16_32x32_2x2_8x32x1_8x32x1_1x32x1x8_8_1x1_intrawave_v3,777.52,1632.7,0.0
256,5676,8192,512,ck,0,0,62.9807,a8w8_blockscale_1x128x128_256x128x128x128_16x16_32x32_2x2_8x32x1_8x32x1_1x32x1x8_8_1x1_intrawave_v3,756.01,1589.31,0.0
256,5834,8192,512,ck,0,0,63.0098,a8w8_blockscale_1x128x128_256x128x128x128_16x16_32x32_2x2_8x32x1_8x32x1_1x32x1x8_8_1x1_intrawave_v3,776.69,1630.95,0.0
256,5827,8192,512,ck,0,0,63.0409,a8w8_blockscale_1x128x128_256x128x128x128_16x16_32x32_2x2_8x32x1_8x32x1_1x32x1x8_8_1x1_intrawave_v3,775.38,1628.27,0.0
256,5671,8192,512,ck,0,0,63.0951,a8w8_blockscale_1x128x128_256x128x128x128_16x16_32x32_2x2_8x32x1_8x32x1_1x32x1x8_8_1x1_intrawave_v3,753.97,1585.09,0.0
256,5787,8192,512,ck,0,0,63.1258,a8w8_blockscale_1x128x128_256x128x128x128_16x16_32x32_2x2_8x32x1_8x32x1_1x32x1x8_8_1x1_intrawave_v3,769.02,1615.37,0.0
256,5638,8192,512,ck,0,0,63.1287,a8w8_blockscale_1x128x128_256x128x128x128_16x16_32x32_2x2_8x32x1_8x32x1_1x32x1x8_8_1x1_intrawave_v3,749.18,1575.42,0.0
256,5690,8192,512,ck,0,0,63.1378,a8w8_blockscale_1x128x128_256x128x128x128_16x16_32x32_2x2_8x32x1_8x32x1_1x32x1x8_8_1x1_intrawave_v3,755.98,1589.1,0.0
256,5770,8192,512,ck,0,0,63.1418,a8w8_blockscale_1x128x128_256x128x128x128_16x16_32x32_2x2_8x32x1_8x32x1_1x32x1x8_8_1x1_intrawave_v3,766.56,1610.41,0.0
256,5843,8192,512,ck,0,0,63.1517,a8w8_blockscale_1x128x128_256x128x128x128_16x16_32x32_2x2_8x32x1_8x32x1_1x32x1x8_8_1x1_intrawave_v3,776.14,1629.69,0.0
256,5769,8192,512,ck,0,0,63.172,a8w8_blockscale_1x128x128_256x128x128x128_16x16_32x32_2x2_8x32x1_8x32x1_1x32x1x8_8_1x1_intrawave_v3,766.07,1609.37,0.0
256,5677,8192,512,ck,0,0,63.1907,a8w8_blockscale_1x128x128_256x128x128x128_16x16_32x32_2x2_8x32x1_8x32x1_1x32x1x8_8_1x1_intrawave_v3,753.63,1584.3,0.0
256,5845,8192,512,ck,0,0,63.1947,a8w8_blockscale_1x128x128_256x128x128x128_16x16_32x32_2x2_8x32x1_8x32x1_1x32x1x8_8_1x1_intrawave_v3,775.88,1629.11,0.0
256,5705,8192,512,ck,0,0,63.2086,a8w8_blockscale_1x128x128_256x128x128x128_16x16_32x32_2x2_8x32x1_8x32x1_1x32x1x8_8_1x1_intrawave_v3,757.13,1591.33,0.0
256,5708,8192,512,ck,0,0,63.2526,a8w8_blockscale_1x128x128_256x128x128x128_16x16_32x32_2x2_8x32x1_8x32x1_1x32x1x8_8_1x1_intrawave_v3,757.0,1591.03,0.0
256,5704,8192,512,ck,0,0,63.291,a8w8_blockscale_1x128x128_256x128x128x128_16x16_32x32_2x2_8x32x1_8x32x1_1x32x1x8_8_1x1_intrawave_v3,756.01,1589.0,0.0
256,5735,8192,512,ck,0,0,63.2958,a8w8_blockscale_1x128x128_256x128x128x128_16x16_32x32_2x2_8x32x1_8x32x1_1x32x1x8_8_1x1_intrawave_v3,760.06,1597.15,0.0
256,1132,7168,4608,ck,0,0,63.3004,a8w8_blockscale_1x128x128_256x128x128x128_16x16_32x32_2x2_8x32x1_8x32x1_1x32x1x8_8_1x1_intrawave_v3,1181.36,860.58,0.0
256,5678,8192,512,ck,0,0,63.3113,a8w8_blockscale_1x128x128_256x128x128x128_16x16_32x32_2x2_8x32x1_8x32x1_1x32x1x8_8_1x1_intrawave_v3,752.32,1581.55,0.0
256,5888,8192,512,ck,0,0,63.3852,a8w8_blockscale_1x128x128_256x128x128x128_16x16_32x32_2x2_8x32x1_8x32x1_1x32x1x8_8_1x1_intrawave_v3,779.24,1635.68,0.0
256,5742,8192,512,ck,0,0,63.3866,a8w8_blockscale_1x128x128_256x128x128x128_16x16_32x32_2x2_8x32x1_8x32x1_1x32x1x8_8_1x1_intrawave_v3,759.9,1596.73,0.0
256,5681,8192,512,ck,0,0,63.4758,a8w8_blockscale_1x128x128_256x128x128x128_16x16_32x32_2x2_8x32x1_8x32x1_1x32x1x8_8_1x1_intrawave_v3,750.77,1578.25,0.0
256,5846,8192,512,ck,0,0,63.5168,a8w8_blockscale_1x128x128_256x128x128x128_16x16_32x32_2x2_8x32x1_8x32x1_1x32x1x8_8_1x1_intrawave_v3,772.08,1621.12,0.0
256,5667,8192,512,ck,0,0,63.5232,a8w8_blockscale_1x128x128_256x128x128x128_16x16_32x32_2x2_8x32x1_8x32x1_1x32x1x8_8_1x1_intrawave_v3,748.36,1573.35,0.0
256,5777,8192,512,ck,0,0,63.525,a8w8_blockscale_1x128x128_256x128x128x128_16x16_32x32_2x2_8x32x1_8x32x1_1x32x1x8_8_1x1_intrawave_v3,762.86,1602.56,0.0
256,3332,6144,1536,ck,0,0,63.5313,a8w8_blockscale_1x128x128_256x128x128x128_16x16_32x32_2x2_8x32x1_8x32x1_1x32x1x8_8_1x1_intrawave_v3,989.9,873.57,0.0
256,5755,8192,512,ck,0,0,63.5362,a8w8_blockscale_1x128x128_256x128x128x128_16x16_32x32_2x2_8x32x1_8x32x1_1x32x1x8_8_1x1_intrawave_v3,759.83,1596.43,0.0
256,5799,8192,512,ck,0,0,63.5497,a8w8_blockscale_1x128x128_256x128x128x128_16x16_32x32_2x2_8x32x1_8x32x1_1x32x1x8_8_1x1_intrawave_v3,765.47,1607.78,0.0
256,5686,8192,512,ck,0,0,63.5699,a8w8_blockscale_1x128x128_256x128x128x128_16x16_32x32_2x2_8x32x1_8x32x1_1x32x1x8_8_1x1_intrawave_v3,750.32,1577.24,0.0
256,5675,8192,512,ck,0,0,63.5823,a8w8_blockscale_1x128x128_256x128x128x128_16x16_32x32_2x2_8x32x1_8x32x1_1x32x1x8_8_1x1_intrawave_v3,748.72,1574.01,0.0
256,5639,8192,512,ck,0,0,63.5987,a8w8_blockscale_1x128x128_256x128x128x128_16x16_32x32_2x2_8x32x1_8x32x1_1x32x1x8_8_1x1_intrawave_v3,743.78,1564.04,0.0
256,5833,8192,512,ck,0,0,63.6457,a8w8_blockscale_1x128x128_256x128x128x128_16x16_32x32_2x2_8x32x1_8x32x1_1x32x1x8_8_1x1_intrawave_v3,768.8,1614.39,0.0
256,5730,8192,512,ck,0,0,63.6762,a8w8_blockscale_1x128x128_256x128x128x128_16x16_32x32_2x2_8x32x1_8x32x1_1x32x1x8_8_1x1_intrawave_v3,754.86,1586.28,0.0
256,5683,8192,512,ck,0,0,63.7763,a8w8_blockscale_1x128x128_256x128x128x128_16x16_32x32_2x2_8x32x1_8x32x1_1x32x1x8_8_1x1_intrawave_v3,747.49,1571.34,0.0
256,5829,8192,512,ck,0,0,63.7961,a8w8_blockscale_1x128x128_256x128x128x128_16x16_32x32_2x2_8x32x1_8x32x1_1x32x1x8_8_1x1_intrawave_v3,766.46,1609.52,0.0
256,5707,8192,512,ck,0,0,63.8462,a8w8_blockscale_1x128x128_256x128x128x128_16x16_32x32_2x2_8x32x1_8x32x1_1x32x1x8_8_1x1_intrawave_v3,749.83,1575.97,0.0
256,5750,8192,512,ck,0,0,63.9182,a8w8_blockscale_1x128x128_256x128x128x128_16x16_32x32_2x2_8x32x1_8x32x1_1x32x1x8_8_1x1_intrawave_v3,754.63,1585.56,0.0
256,5967,8192,512,ck,0,0,63.9285,a8w8_blockscale_1x128x128_256x128x128x128_16x16_32x32_2x2_8x32x1_8x32x1_1x32x1x8_8_1x1_intrawave_v3,782.98,1642.66,0.0
256,5810,8192,512,ck,0,0,63.9373,a8w8_blockscale_1x128x128_256x128x128x128_16x16_32x32_2x2_8x32x1_8x32x1_1x32x1x8_8_1x1_intrawave_v3,762.28,1600.94,0.0
256,5837,8192,512,ck,0,0,64.0607,a8w8_blockscale_1x128x128_256x128x128x128_16x16_32x32_2x2_8x32x1_8x32x1_1x32x1x8_8_1x1_intrawave_v3,764.34,1604.98,0.0
256,5791,8192,512,ck,0,0,64.0669,a8w8_blockscale_1x128x128_256x128x128x128_16x16_32x32_2x2_8x32x1_8x32x1_1x32x1x8_8_1x1_intrawave_v3,758.25,1592.7,0.0
256,1144,7168,4608,ck,0,0,64.1186,a8w8_blockscale_1x128x128_256x128x128x128_16x16_32x32_2x2_8x32x1_8x32x1_1x32x1x8_8_1x1_intrawave_v3,1178.64,853.14,0.0
256,5870,8192,512,ck,0,0,64.1277,a8w8_blockscale_1x128x128_256x128x128x128_16x16_32x32_2x2_8x32x1_8x32x1_1x32x1x8_8_1x1_intrawave_v3,767.86,1612.0,0.0
256,8192,512,7168,ck,0,0,64.1614,a8w8_blockscale_1x128x128_256x128x128x128_16x16_32x32_2x2_8x32x1_8x32x1_1x32x1x8_8_1x1_intrawave_v3,937.16,1103.14,0.0
256,5495,8192,512,ck,0,0,64.1679,a8w8_blockscale_1x128x128_256x128x128x128_16x16_32x32_2x2_8x32x1_8x32x1_1x32x1x8_8_1x1_intrawave_v3,718.36,1512.25,0.0
256,5756,8192,512,ck,0,0,64.1906,a8w8_blockscale_1x128x128_256x128x128x128_16x16_32x32_2x2_8x32x1_8x32x1_1x32x1x8_8_1x1_intrawave_v3,752.21,1580.41,0.0
256,5672,8192,512,ck,0,0,64.2111,a8w8_blockscale_1x128x128_256x128x128x128_16x16_32x32_2x2_8x32x1_8x32x1_1x32x1x8_8_1x1_intrawave_v3,741.0,1557.81,0.0
256,5800,8192,512,ck,0,0,64.2341,a8w8_blockscale_1x128x128_256x128x128x128_16x16_32x32_2x2_8x32x1_8x32x1_1x32x1x8_8_1x1_intrawave_v3,757.45,1590.92,0.0
256,5844,8192,512,ck,0,0,64.2397,a8w8_blockscale_1x128x128_256x128x128x128_16x16_32x32_2x2_8x32x1_8x32x1_1x32x1x8_8_1x1_intrawave_v3,763.13,1602.35,0.0
256,5981,8192,512,ck,0,0,64.2432,a8w8_blockscale_1x128x128_256x128x128x128_16x16_32x32_2x2_8x32x1_8x32x1_1x32x1x8_8_1x1_intrawave_v3,780.97,1638.29,0.0
256,5687,8192,512,ck,0,0,64.2547,a8w8_blockscale_1x128x128_256x128x128x128_16x16_32x32_2x2_8x32x1_8x32x1_1x32x1x8_8_1x1_intrawave_v3,742.45,1560.69,0.0
256,5790,8192,512,ck,0,0,64.257,a8w8_blockscale_1x128x128_256x128x128x128_16x16_32x32_2x2_8x32x1_8x32x1_1x32x1x8_8_1x1_intrawave_v3,755.87,1587.72,0.0
256,5703,8192,512,ck,0,0,64.2647,a8w8_blockscale_1x128x128_256x128x128x128_16x16_32x32_2x2_8x32x1_8x32x1_1x32x1x8_8_1x1_intrawave_v3,744.42,1564.66,0.0
256,5868,8192,512,ck,0,0,64.2801,a8w8_blockscale_1x128x128_256x128x128x128_16x16_32x32_2x2_8x32x1_8x32x1_1x32x1x8_8_1x1_intrawave_v3,765.78,1607.65,0.0
256,5896,8192,512,ck,0,0,64.3075,a8w8_blockscale_1x128x128_256x128x128x128_16x16_32x32_2x2_8x32x1_8x32x1_1x32x1x8_8_1x1_intrawave_v3,769.11,1614.32,0.0
256,5849,8192,512,ck,0,0,64.3087,a8w8_blockscale_1x128x128_256x128x128x128_16x16_32x32_2x2_8x32x1_8x32x1_1x32x1x8_8_1x1_intrawave_v3,762.96,1601.95,0.0
256,2594,8192,1536,ck,0,0,64.3373,a8w8_blockscale_1x128x128_256x128x128x128_16x16_32x32_2x2_8x32x1_8x32x1_1x32x1x8_8_1x1_intrawave_v3,1014.65,918.09,0.0
256,5759,8192,512,ck,0,0,64.3762,a8w8_blockscale_1x128x128_256x128x128x128_16x16_32x32_2x2_8x32x1_8x32x1_1x32x1x8_8_1x1_intrawave_v3,750.43,1576.64,0.0
256,5871,8192,512,ck,0,0,64.4277,a8w8_blockscale_1x128x128_256x128x128x128_16x16_32x32_2x2_8x32x1_8x32x1_1x32x1x8_8_1x1_intrawave_v3,764.42,1604.76,0.0
256,5939,8192,512,ck,0,0,64.4585,a8w8_blockscale_1x128x128_256x128x128x128_16x16_32x32_2x2_8x32x1_8x32x1_1x32x1x8_8_1x1_intrawave_v3,772.9,1621.81,0.0
256,5876,8192,512,ck,0,0,64.4653,a8w8_blockscale_1x128x128_256x128x128x128_16x16_32x32_2x2_8x32x1_8x32x1_1x32x1x8_8_1x1_intrawave_v3,764.62,1605.13,0.0
256,5895,8192,512,ck,0,0,64.4725,a8w8_blockscale_1x128x128_256x128x128x128_16x16_32x32_2x2_8x32x1_8x32x1_1x32x1x8_8_1x1_intrawave_v3,767.01,1609.93,0.0
256,5738,8192,512,ck,0,0,64.4823,a8w8_blockscale_1x128x128_256x128x128x128_16x16_32x32_2x2_8x32x1_8x32x1_1x32x1x8_8_1x1_intrawave_v3,746.47,1568.55,0.0
256,5835,8192,512,ck,0,0,64.4866,a8w8_blockscale_1x128x128_256x128x128x128_16x16_32x32_2x2_8x32x1_8x32x1_1x32x1x8_8_1x1_intrawave_v3,759.03,1593.86,0.0
256,5754,8192,512,ck,0,0,64.5045,a8w8_blockscale_1x128x128_256x128x128x128_16x16_32x32_2x2_8x32x1_8x32x1_1x32x1x8_8_1x1_intrawave_v3,748.29,1572.2,0.0
256,5831,8192,512,ck,0,0,64.5197,a8w8_blockscale_1x128x128_256x128x128x128_16x16_32x32_2x2_8x32x1_8x32x1_1x32x1x8_8_1x1_intrawave_v3,758.12,1591.99,0.0
256,5752,8192,512,ck,0,0,64.5494,a8w8_blockscale_1x128x128_256x128x128x128_16x16_32x32_2x2_8x32x1_8x32x1_1x32x1x8_8_1x1_intrawave_v3,747.51,1570.58,0.0
256,5812,8192,512,ck,0,0,64.5545,a8w8_blockscale_1x128x128_256x128x128x128_16x16_32x32_2x2_8x32x1_8x32x1_1x32x1x8_8_1x1_intrawave_v3,755.25,1586.16,0.0
256,5902,8192,512,ck,0,0,64.5674,a8w8_blockscale_1x128x128_256x128x128x128_16x16_32x32_2x2_8x32x1_8x32x1_1x32x1x8_8_1x1_intrawave_v3,766.79,1609.4,0.0
256,5968,8192,512,ck,0,0,64.5941,a8w8_blockscale_1x128x128_256x128x128x128_16x16_32x32_2x2_8x32x1_8x32x1_1x32x1x8_8_1x1_intrawave_v3,775.04,1625.99,0.0
256,5709,8192,512,ck,0,0,64.5947,a8w8_blockscale_1x128x128_256x128x128x128_16x16_32x32_2x2_8x32x1_8x32x1_1x32x1x8_8_1x1_intrawave_v3,741.4,1558.23,0.0
256,5634,8192,512,ck,0,0,64.5966,a8w8_blockscale_1x128x128_256x128x128x128_16x16_32x32_2x2_8x32x1_8x32x1_1x32x1x8_8_1x1_intrawave_v3,731.64,1538.57,0.0
256,6009,8192,512,ck,0,0,64.6188,a8w8_blockscale_1x128x128_256x128x128x128_16x16_32x32_2x2_8x32x1_8x32x1_1x32x1x8_8_1x1_intrawave_v3,780.07,1636.09,0.0
256,5931,8192,512,ck,0,0,64.6356,a8w8_blockscale_1x128x128_256x128x128x128_16x16_32x32_2x2_8x32x1_8x32x1_1x32x1x8_8_1x1_intrawave_v3,769.74,1615.28,0.0
256,5945,8192,512,ck,0,0,64.6445,a8w8_blockscale_1x128x128_256x128x128x128_16x16_32x32_2x2_8x32x1_8x32x1_1x32x1x8_8_1x1_intrawave_v3,771.45,1618.72,0.0
256,5782,8192,512,ck,0,0,64.6463,a8w8_blockscale_1x128x128_256x128x128x128_16x16_32x32_2x2_8x32x1_8x32x1_1x32x1x8_8_1x1_intrawave_v3,750.28,1576.07,0.0
256,5972,8192,512,ck,0,0,64.6481,a8w8_blockscale_1x128x128_256x128x128x128_16x16_32x32_2x2_8x32x1_8x32x1_1x32x1x8_8_1x1_intrawave_v3,774.91,1625.68,0.0
256,5962,8192,512,ck,0,0,64.652,a8w8_blockscale_1x128x128_256x128x128x128_16x16_32x32_2x2_8x32x1_8x32x1_1x32x1x8_8_1x1_intrawave_v3,773.57,1622.97,0.0
256,5881,8192,512,ck,0,0,64.6642,a8w8_blockscale_1x128x128_256x128x128x128_16x16_32x32_2x2_8x32x1_8x32x1_1x32x1x8_8_1x1_intrawave_v3,762.92,1601.5,0.0
256,5851,8192,512,ck,0,0,64.683,a8w8_blockscale_1x128x128_256x128x128x128_16x16_32x32_2x2_8x32x1_8x32x1_1x32x1x8_8_1x1_intrawave_v3,758.8,1593.2,0.0
256,5797,8192,512,ck,0,0,64.6918,a8w8_blockscale_1x128x128_256x128x128x128_16x16_32x32_2x2_8x32x1_8x32x1_1x32x1x8_8_1x1_intrawave_v3,751.7,1578.88,0.0
256,5808,8192,512,ck,0,0,64.7186,a8w8_blockscale_1x128x128_256x128x128x128_16x16_32x32_2x2_8x32x1_8x32x1_1x32x1x8_8_1x1_intrawave_v3,752.81,1581.1,0.0
256,5924,8192,512,ck,0,0,64.7309,a8w8_blockscale_1x128x128_256x128x128x128_16x16_32x32_2x2_8x32x1_8x32x1_1x32x1x8_8_1x1_intrawave_v3,767.7,1611.07,0.0
256,5978,8192,512,ck,0,0,64.776,a8w8_blockscale_1x128x128_256x128x128x128_16x16_32x32_2x2_8x32x1_8x32x1_1x32x1x8_8_1x1_intrawave_v3,774.16,1624.04,0.0
256,5903,8192,512,ck,0,0,64.7881,a8w8_blockscale_1x128x128_256x128x128x128_16x16_32x32_2x2_8x32x1_8x32x1_1x32x1x8_8_1x1_intrawave_v3,764.31,1604.17,0.0
256,5809,8192,512,ck,0,0,64.8005,a8w8_blockscale_1x128x128_256x128x128x128_16x16_32x32_2x2_8x32x1_8x32x1_1x32x1x8_8_1x1_intrawave_v3,751.99,1579.36,0.0
256,5762,8192,512,ck,0,0,64.8018,a8w8_blockscale_1x128x128_256x128x128x128_16x16_32x32_2x2_8x32x1_8x32x1_1x32x1x8_8_1x1_intrawave_v3,745.89,1567.07,0.0
256,5894,8192,512,ck,0,0,64.8109,a8w8_blockscale_1x128x128_256x128x128x128_16x16_32x32_2x2_8x32x1_8x32x1_1x32x1x8_8_1x1_intrawave_v3,762.87,1601.26,0.0
256,5996,8192,512,ck,0,0,64.8329,a8w8_blockscale_1x128x128_256x128x128x128_16x16_32x32_2x2_8x32x1_8x32x1_1x32x1x8_8_1x1_intrawave_v3,775.81,1627.3,0.0
256,5904,8192,512,ck,0,0,64.8565,a8w8_blockscale_1x128x128_256x128x128x128_16x16_32x32_2x2_8x32x1_8x32x1_1x32x1x8_8_1x1_intrawave_v3,763.63,1602.74,0.0
256,5930,8192,512,ck,0,0,64.8862,a8w8_blockscale_1x128x128_256x128x128x128_16x16_32x32_2x2_8x32x1_8x32x1_1x32x1x8_8_1x1_intrawave_v3,766.64,1608.78,0.0
256,5911,8192,512,ck,0,0,64.8957,a8w8_blockscale_1x128x128_256x128x128x128_16x16_32x32_2x2_8x32x1_8x32x1_1x32x1x8_8_1x1_intrawave_v3,764.07,1603.6,0.0
256,5864,8192,512,ck,0,0,64.8989,a8w8_blockscale_1x128x128_256x128x128x128_16x16_32x32_2x2_8x32x1_8x32x1_1x32x1x8_8_1x1_intrawave_v3,757.96,1591.28,0.0
256,5916,8192,512,ck,0,0,64.9024,a8w8_blockscale_1x128x128_256x128x128x128_16x16_32x32_2x2_8x32x1_8x32x1_1x32x1x8_8_1x1_intrawave_v3,764.64,1604.73,0.0
256,5899,8192,512,ck,0,0,64.9032,a8w8_blockscale_1x128x128_256x128x128x128_16x16_32x32_2x2_8x32x1_8x32x1_1x32x1x8_8_1x1_intrawave_v3,762.43,1600.29,0.0
256,6011,8192,512,ck,0,0,65.0013,a8w8_blockscale_1x128x128_256x128x128x128_16x16_32x32_2x2_8x32x1_8x32x1_1x32x1x8_8_1x1_intrawave_v3,775.74,1626.99,0.0
256,5885,8192,512,ck,0,0,65.0029,a8w8_blockscale_1x128x128_256x128x128x128_16x16_32x32_2x2_8x32x1_8x32x1_1x32x1x8_8_1x1_intrawave_v3,759.46,1594.19,0.0
256,5806,8192,512,ck,0,0,65.0078,a8w8_blockscale_1x128x128_256x128x128x128_16x16_32x32_2x2_8x32x1_8x32x1_1x32x1x8_8_1x1_intrawave_v3,749.21,1573.54,0.0
256,5949,8192,512,ck,0,0,65.0277,a8w8_blockscale_1x128x128_256x128x128x128_16x16_32x32_2x2_8x32x1_8x32x1_1x32x1x8_8_1x1_intrawave_v3,767.42,1610.22,0.0
256,5955,8192,512,ck,0,0,65.0413,a8w8_blockscale_1x128x128_256x128x128x128_16x16_32x32_2x2_8x32x1_8x32x1_1x32x1x8_8_1x1_intrawave_v3,768.04,1611.44,0.0
256,5933,8192,512,ck,0,0,65.0777,a8w8_blockscale_1x128x128_256x128x128x128_16x16_32x32_2x2_8x32x1_8x32x1_1x32x1x8_8_1x1_intrawave_v3,764.77,1604.82,0.0
256,5958,8192,512,ck,0,0,65.0837,a8w8_blockscale_1x128x128_256x128x128x128_16x16_32x32_2x2_8x32x1_8x32x1_1x32x1x8_8_1x1_intrawave_v3,767.92,1611.17,0.0
256,5980,8192,512,ck,0,0,65.0933,a8w8_blockscale_1x128x128_256x128x128x128_16x16_32x32_2x2_8x32x1_8x32x1_1x32x1x8_8_1x1_intrawave_v3,770.65,1616.64,0.0
256,6000,8192,512,ck,0,0,65.1249,a8w8_blockscale_1x128x128_256x128x128x128_16x16_32x32_2x2_8x32x1_8x32x1_1x32x1x8_8_1x1_intrawave_v3,772.85,1621.04,0.0
256,5926,8192,512,ck,0,0,65.1569,a8w8_blockscale_1x128x128_256x128x128x128_16x16_32x32_2x2_8x32x1_8x32x1_1x32x1x8_8_1x1_intrawave_v3,762.94,1601.06,0.0
256,5937,8192,512,ck,0,0,65.1741,a8w8_blockscale_1x128x128_256x128x128x128_16x16_32x32_2x2_8x32x1_8x32x1_1x32x1x8_8_1x1_intrawave_v3,764.16,1603.49,0.0
256,5847,8192,512,ck,0,0,65.1965,a8w8_blockscale_1x128x128_256x128x128x128_16x16_32x32_2x2_8x32x1_8x32x1_1x32x1x8_8_1x1_intrawave_v3,752.31,1579.61,0.0
256,5973,8192,512,ck,0,0,65.2153,a8w8_blockscale_1x128x128_256x128x128x128_16x16_32x32_2x2_8x32x1_8x32x1_1x32x1x8_8_1x1_intrawave_v3,768.3,1611.8,0.0
256,3451,6144,1536,ck,0,0,65.2973,a8w8_blockscale_1x128x128_256x128x128x128_16x16_32x32_2x2_8x32x1_8x32x1_1x32x1x8_8_1x1_intrawave_v3,997.52,875.13,0.0
256,5982,8192,512,ck,0,0,65.3037,a8w8_blockscale_1x128x128_256x128x128x128_16x16_32x32_2x2_8x32x1_8x32x1_1x32x1x8_8_1x1_intrawave_v3,768.42,1611.95,0.0
256,2658,8192,1536,ck,0,0,65.3117,a8w8_blockscale_1x128x128_256x128x128x128_16x16_32x32_2x2_8x32x1_8x32x1_1x32x1x8_8_1x1_intrawave_v3,1024.18,921.95,0.0
256,5988,8192,512,ck,0,0,65.316,a8w8_blockscale_1x128x128_256x128x128x128_16x16_32x32_2x2_8x32x1_8x32x1_1x32x1x8_8_1x1_intrawave_v3,769.05,1613.2,0.0
256,5965,8192,512,ck,0,0,65.3385,a8w8_blockscale_1x128x128_256x128x128x128_16x16_32x32_2x2_8x32x1_8x32x1_1x32x1x8_8_1x1_intrawave_v3,765.83,1606.69,0.0
256,5882,8192,512,ck,0,0,65.3825,a8w8_blockscale_1x128x128_256x128x128x128_16x16_32x32_2x2_8x32x1_8x32x1_1x32x1x8_8_1x1_intrawave_v3,754.66,1584.16,0.0
256,5925,8192,512,ck,0,0,65.4053,a8w8_blockscale_1x128x128_256x128x128x128_16x16_32x32_2x2_8x32x1_8x32x1_1x32x1x8_8_1x1_intrawave_v3,759.92,1594.72,0.0
256,6022,8192,512,ck,0,0,65.4217,a8w8_blockscale_1x128x128_256x128x128x128_16x16_32x32_2x2_8x32x1_8x32x1_1x32x1x8_8_1x1_intrawave_v3,772.16,1619.37,0.0
256,5950,8192,512,ck,0,0,65.4689,a8w8_blockscale_1x128x128_256x128x128x128_16x16_32x32_2x2_8x32x1_8x32x1_1x32x1x8_8_1x1_intrawave_v3,762.38,1599.62,0.0
256,2597,8192,1536,ck,0,0,65.5409,a8w8_blockscale_1x128x128_256x128x128x128_16x16_32x32_2x2_8x32x1_8x32x1_1x32x1x8_8_1x1_intrawave_v3,997.17,902.05,0.0
256,5983,8192,512,ck,0,0,65.6473,a8w8_blockscale_1x128x128_256x128x128x128_16x16_32x32_2x2_8x32x1_8x32x1_1x32x1x8_8_1x1_intrawave_v3,764.53,1603.77,0.0
256,5992,8192,512,ck,0,0,65.6756,a8w8_blockscale_1x128x128_256x128x128x128_16x16_32x32_2x2_8x32x1_8x32x1_1x32x1x8_8_1x1_intrawave_v3,765.35,1605.39,0.0
256,5898,8192,512,ck,0,0,65.7173,a8w8_blockscale_1x128x128_256x128x128x128_16x16_32x32_2x2_8x32x1_8x32x1_1x32x1x8_8_1x1_intrawave_v3,752.86,1580.21,0.0
256,2567,8192,1536,ck,0,0,65.7197,a8w8_blockscale_1x128x128_256x128x128x128_16x16_32x32_2x2_8x32x1_8x32x1_1x32x1x8_8_1x1_intrawave_v3,982.97,891.42,0.0
256,6144,8192,512,ck,0,0,65.7572,a8w8_blockscale_1x128x128_256x128x128x128_16x16_32x32_2x2_8x32x1_8x32x1_1x32x1x8_8_1x1_intrawave_v3,783.79,1642.46,0.0
256,5942,8192,512,ck,0,0,65.7657,a8w8_blockscale_1x128x128_256x128x128x128_16x16_32x32_2x2_8x32x1_8x32x1_1x32x1x8_8_1x1_intrawave_v3,757.92,1590.35,0.0
256,5956,8192,512,ck,0,0,65.8089,a8w8_blockscale_1x128x128_256x128x128x128_16x16_32x32_2x2_8x32x1_8x32x1_1x32x1x8_8_1x1_intrawave_v3,759.21,1592.9,0.0
256,2570,8192,1536,ck,0,0,65.8729,a8w8_blockscale_1x128x128_256x128x128x128_16x16_32x32_2x2_8x32x1_8x32x1_1x32x1x8_8_1x1_intrawave_v3,981.83,890.16,0.0
256,5890,8192,512,ck,0,0,65.9065,a8w8_blockscale_1x128x128_256x128x128x128_16x16_32x32_2x2_8x32x1_8x32x1_1x32x1x8_8_1x1_intrawave_v3,749.68,1573.62,0.0
256,6030,8192,512,ck,0,0,65.9309,a8w8_blockscale_1x128x128_256x128x128x128_16x16_32x32_2x2_8x32x1_8x32x1_1x32x1x8_8_1x1_intrawave_v3,767.22,1608.91,0.0
256,6021,8192,512,ck,0,0,65.9569,a8w8_blockscale_1x128x128_256x128x128x128_16x16_32x32_2x2_8x32x1_8x32x1_1x32x1x8_8_1x1_intrawave_v3,765.77,1605.97,0.0
256,5891,8192,512,ck,0,0,65.9581,a8w8_blockscale_1x128x128_256x128x128x128_16x16_32x32_2x2_8x32x1_8x32x1_1x32x1x8_8_1x1_intrawave_v3,749.22,1572.64,0.0
256,5953,8192,512,ck,0,0,66.0037,a8w8_blockscale_1x128x128_256x128x128x128_16x16_32x32_2x2_8x32x1_8x32x1_1x32x1x8_8_1x1_intrawave_v3,756.58,1587.43,0.0
256,6064,8192,512,ck,0,0,66.0413,a8w8_blockscale_1x128x128_256x128x128x128_16x16_32x32_2x2_8x32x1_8x32x1_1x32x1x8_8_1x1_intrawave_v3,770.25,1614.92,0.0
256,2794,8192,1536,ck,0,0,66.0597,a8w8_blockscale_1x128x128_256x128x128x128_16x16_32x32_2x2_8x32x1_8x32x1_1x32x1x8_8_1x1_intrawave_v3,1064.39,948.41,0.0
256,6025,8192,512,ck,0,0,66.0625,a8w8_blockscale_1x128x128_256x128x128x128_16x16_32x32_2x2_8x32x1_8x32x1_1x32x1x8_8_1x1_intrawave_v3,765.05,1604.43,0.0
256,5938,8192,512,ck,0,0,66.0773,a8w8_blockscale_1x128x128_256x128x128x128_16x16_32x32_2x2_8x32x1_8x32x1_1x32x1x8_8_1x1_intrawave_v3,753.84,1581.83,0.0
256,3503,6144,1536,ck,0,0,66.1301,a8w8_blockscale_1x128x128_256x128x128x128_16x16_32x32_2x2_8x32x1_8x32x1_1x32x1x8_8_1x1_intrawave_v3,999.8,874.98,0.0
256,6141,8192,512,ck,0,0,66.1845,a8w8_blockscale_1x128x128_256x128x128x128_16x16_32x32_2x2_8x32x1_8x32x1_1x32x1x8_8_1x1_intrawave_v3,778.35,1631.09,0.0
256,6084,8192,512,ck,0,0,66.1953,a8w8_blockscale_1x128x128_256x128x128x128_16x16_32x32_2x2_8x32x1_8x32x1_1x32x1x8_8_1x1_intrawave_v3,771.0,1616.27,0.0
256,6092,8192,512,ck,0,0,66.2418,a8w8_blockscale_1x128x128_256x128x128x128_16x16_32x32_2x2_8x32x1_8x32x1_1x32x1x8_8_1x1_intrawave_v3,771.47,1617.18,0.0
256,2729,8192,1536,ck,0,0,66.2449,a8w8_blockscale_1x128x128_256x128x128x128_16x16_32x32_2x2_8x32x1_8x32x1_1x32x1x8_8_1x1_intrawave_v3,1036.72,928.17,0.0
256,5974,8192,512,ck,0,0,66.3097,a8w8_blockscale_1x128x128_256x128x128x128_16x16_32x32_2x2_8x32x1_8x32x1_1x32x1x8_8_1x1_intrawave_v3,755.75,1585.45,0.0
256,6050,8192,512,ck,0,0,66.3132,a8w8_blockscale_1x128x128_256x128x128x128_16x16_32x32_2x2_8x32x1_8x32x1_1x32x1x8_8_1x1_intrawave_v3,765.32,1604.73,0.0
256,6067,8192,512,ck,0,0,66.3811,a8w8_blockscale_1x128x128_256x128x128x128_16x16_32x32_2x2_8x32x1_8x32x1_1x32x1x8_8_1x1_intrawave_v3,766.69,1607.42,0.0
256,6095,8192,512,ck,0,0,66.3921,a8w8_blockscale_1x128x128_256x128x128x128_16x16_32x32_2x2_8x32x1_8x32x1_1x32x1x8_8_1x1_intrawave_v3,770.1,1614.28,0.0
256,6077,8192,512,ck,0,0,66.3993,a8w8_blockscale_1x128x128_256x128x128x128_16x16_32x32_2x2_8x32x1_8x32x1_1x32x1x8_8_1x1_intrawave_v3,767.74,1609.52,0.0
256,6041,8192,512,ck,0,0,66.4017,a8w8_blockscale_1x128x128_256x128x128x128_16x16_32x32_2x2_8x32x1_8x32x1_1x32x1x8_8_1x1_intrawave_v3,763.17,1600.31,0.0
256,6126,8192,512,ck,0,0,66.4097,a8w8_blockscale_1x128x128_256x128x128x128_16x16_32x32_2x2_8x32x1_8x32x1_1x32x1x8_8_1x1_intrawave_v3,773.81,1621.74,0.0
256,2636,8192,1536,ck,0,0,66.4765,a8w8_blockscale_1x128x128_256x128x128x128_16x16_32x32_2x2_8x32x1_8x32x1_1x32x1x8_8_1x1_intrawave_v3,997.9,899.87,0.0
256,6097,8192,512,ck,0,0,66.4837,a8w8_blockscale_1x128x128_256x128x128x128_16x16_32x32_2x2_8x32x1_8x32x1_1x32x1x8_8_1x1_intrawave_v3,769.29,1612.56,0.0
256,6099,8192,512,ck,0,0,66.5092,a8w8_blockscale_1x128x128_256x128x128x128_16x16_32x32_2x2_8x32x1_8x32x1_1x32x1x8_8_1x1_intrawave_v3,769.25,1612.45,0.0
256,6104,8192,512,ck,0,0,66.5109,a8w8_blockscale_1x128x128_256x128x128x128_16x16_32x32_2x2_8x32x1_8x32x1_1x32x1x8_8_1x1_intrawave_v3,769.86,1613.68,0.0
256,6049,8192,512,ck,0,0,66.5141,a8w8_blockscale_1x128x128_256x128x128x128_16x16_32x32_2x2_8x32x1_8x32x1_1x32x1x8_8_1x1_intrawave_v3,762.89,1599.63,0.0
256,2593,8192,1536,ck,0,0,66.5433,a8w8_blockscale_1x128x128_256x128x128x128_16x16_32x32_2x2_8x32x1_8x32x1_1x32x1x8_8_1x1_intrawave_v3,980.64,887.38,0.0
256,5889,8192,512,ck,0,0,66.5761,a8w8_blockscale_1x128x128_256x128x128x128_16x16_32x32_2x2_8x32x1_8x32x1_1x32x1x8_8_1x1_intrawave_v3,742.02,1557.54,0.0
256,6121,8192,512,ck,0,0,66.5937,a8w8_blockscale_1x128x128_256x128x128x128_16x16_32x32_2x2_8x32x1_8x32x1_1x32x1x8_8_1x1_intrawave_v3,771.04,1615.99,0.0
256,6075,8192,512,ck,0,0,66.5941,a8w8_blockscale_1x128x128_256x128x128x128_16x16_32x32_2x2_8x32x1_8x32x1_1x32x1x8_8_1x1_intrawave_v3,765.24,1604.31,0.0
256,3662,6144,1536,ck,0,0,66.6009,a8w8_blockscale_1x128x128_256x128x128x128_16x16_32x32_2x2_8x32x1_8x32x1_1x32x1x8_8_1x1_intrawave_v3,1037.79,901.8,0.0
256,6139,8192,512,ck,0,0,66.6293,a8w8_blockscale_1x128x128_256x128x128x128_16x16_32x32_2x2_8x32x1_8x32x1_1x32x1x8_8_1x1_intrawave_v3,772.9,1619.69,0.0
256,3617,6144,1536,ck,0,0,66.6313,a8w8_blockscale_1x128x128_256x128x128x128_16x16_32x32_2x2_8x32x1_8x32x1_1x32x1x8_8_1x1_intrawave_v3,1024.57,892.05,0.0
256,6105,8192,512,ck,0,0,66.7321,a8w8_blockscale_1x128x128_256x128x128x128_16x16_32x32_2x2_8x32x1_8x32x1_1x32x1x8_8_1x1_intrawave_v3,767.43,1608.59,0.0
256,6029,8192,512,ck,0,0,66.7325,a8w8_blockscale_1x128x128_256x128x128x128_16x16_32x32_2x2_8x32x1_8x32x1_1x32x1x8_8_1x1_intrawave_v3,757.88,1589.33,0.0
256,6133,8192,512,ck,0,0,66.7489,a8w8_blockscale_1x128x128_256x128x128x128_16x16_32x32_2x2_8x32x1_8x32x1_1x32x1x8_8_1x1_intrawave_v3,770.76,1615.27,0.0
256,2740,8192,1536,ck,0,0,66.8121,a8w8_blockscale_1x128x128_256x128x128x128_16x16_32x32_2x2_8x32x1_8x32x1_1x32x1x8_8_1x1_intrawave_v3,1032.06,923.24,0.0
256,6127,8192,512,ck,0,0,66.8285,a8w8_blockscale_1x128x128_256x128x128x128_16x16_32x32_2x2_8x32x1_8x32x1_1x32x1x8_8_1x1_intrawave_v3,769.09,1611.83,0.0
256,6134,8192,512,ck,0,0,66.8465,a8w8_blockscale_1x128x128_256x128x128x128_16x16_32x32_2x2_8x32x1_8x32x1_1x32x1x8_8_1x1_intrawave_v3,769.76,1613.16,0.0
256,3840,6144,1536,ck,0,0,66.8818,a8w8_blockscale_1x128x128_256x128x128x128_16x16_32x32_2x2_8x32x1_8x32x1_1x32x1x8_8_1x1_intrawave_v3,1083.67,934.8,0.0
256,3655,6144,1536,ck,0,0,66.8915,a8w8_blockscale_1x128x128_256x128x128x128_16x16_32x32_2x2_8x32x1_8x32x1_1x32x1x8_8_1x1_intrawave_v3,1031.31,896.44,0.0
256,2748,8192,1536,ck,0,0,66.9061,a8w8_blockscale_1x128x128_256x128x128x128_16x16_32x32_2x2_8x32x1_8x32x1_1x32x1x8_8_1x1_intrawave_v3,1033.62,924.09,0.0
256,6069,8192,512,ck,0,0,66.9437,a8w8_blockscale_1x128x128_256x128x128x128_16x16_32x32_2x2_8x32x1_8x32x1_1x32x1x8_8_1x1_intrawave_v3,760.5,1594.42,0.0
256,2747,8192,1536,ck,0,0,66.9569,a8w8_blockscale_1x128x128_256x128x128x128_16x16_32x32_2x2_8x32x1_8x32x1_1x32x1x8_8_1x1_intrawave_v3,1032.46,923.12,0.0
256,2713,8192,1536,ck,0,0,66.9652,a8w8_blockscale_1x128x128_256x128x128x128_16x16_32x32_2x2_8x32x1_8x32x1_1x32x1x8_8_1x1_intrawave_v3,1019.56,913.91,0.0
256,3587,6144,1536,ck,0,0,67.0057,a8w8_blockscale_1x128x128_256x128x128x128_16x16_32x32_2x2_8x32x1_8x32x1_1x32x1x8_8_1x1_intrawave_v3,1010.4,880.88,0.0
256,6008,8192,512,ck,0,0,67.0701,a8w8_blockscale_1x128x128_256x128x128x128_16x16_32x32_2x2_8x32x1_8x32x1_1x32x1x8_8_1x1_intrawave_v3,751.43,1576.04,0.0
256,2841,8192,1536,ck,0,0,67.0773,a8w8_blockscale_1x128x128_256x128x128x128_16x16_32x32_2x2_8x32x1_8x32x1_1x32x1x8_8_1x1_intrawave_v3,1065.88,946.57,0.0
256,6080,8192,512,ck,0,0,67.1209,a8w8_blockscale_1x128x128_256x128x128x128_16x16_32x32_2x2_8x32x1_8x32x1_1x32x1x8_8_1x1_intrawave_v3,759.86,1592.98,0.0
256,6215,8192,512,ck,0,0,67.1264,a8w8_blockscale_1x128x128_256x128x128x128_16x16_32x32_2x2_8x32x1_8x32x1_1x32x1x8_8_1x1_intrawave_v3,776.67,1626.83,0.0
256,3620,6144,1536,ck,0,0,67.1877,a8w8_blockscale_1x128x128_256x128x128x128_16x16_32x32_2x2_8x32x1_8x32x1_1x32x1x8_8_1x1_intrawave_v3,1016.93,885.28,0.0
256,2734,8192,1536,ck,0,0,67.1978,a8w8_blockscale_1x128x128_256x128x128x128_16x16_32x32_2x2_8x32x1_8x32x1_1x32x1x8_8_1x1_intrawave_v3,1023.89,916.34,0.0
256,6020,8192,512,ck,0,0,67.2259,a8w8_blockscale_1x128x128_256x128x128x128_16x16_32x32_2x2_8x32x1_8x32x1_1x32x1x8_8_1x1_intrawave_v3,751.19,1575.41,0.0
256,2757,8192,1536,ck,0,0,67.2386,a8w8_blockscale_1x128x128_256x128x128x128_16x16_32x32_2x2_8x32x1_8x32x1_1x32x1x8_8_1x1_intrawave_v3,1031.88,921.92,0.0
256,3632,6144,1536,ck,0,0,67.3461,a8w8_blockscale_1x128x128_256x128x128x128_16x16_32x32_2x2_8x32x1_8x32x1_1x32x1x8_8_1x1_intrawave_v3,1017.9,885.66,0.0
256,6062,8192,512,ck,0,0,67.4609,a8w8_blockscale_1x128x128_256x128x128x128_16x16_32x32_2x2_8x32x1_8x32x1_1x32x1x8_8_1x1_intrawave_v3,753.8,1580.44,0.0
256,6035,8192,512,ck,0,0,67.4825,a8w8_blockscale_1x128x128_256x128x128x128_16x16_32x32_2x2_8x32x1_8x32x1_1x32x1x8_8_1x1_intrawave_v3,750.2,1573.17,0.0
256,3824,6144,1536,ck,0,0,67.4936,a8w8_blockscale_1x128x128_256x128x128x128_16x16_32x32_2x2_8x32x1_8x32x1_1x32x1x8_8_1x1_intrawave_v3,1069.37,923.05,0.0
256,6106,8192,512,ck,0,0,67.5097,a8w8_blockscale_1x128x128_256x128x128x128_16x16_32x32_2x2_8x32x1_8x32x1_1x32x1x8_8_1x1_intrawave_v3,758.72,1590.31,0.0
256,6034,8192,512,ck,0,0,67.5381,a8w8_blockscale_1x128x128_256x128x128x128_16x16_32x32_2x2_8x32x1_8x32x1_1x32x1x8_8_1x1_intrawave_v3,749.46,1571.63,0.0
256,6324,8192,512,ck,0,0,67.5544,a8w8_blockscale_1x128x128_256x128x128x128_16x16_32x32_2x2_8x32x1_8x32x1_1x32x1x8_8_1x1_intrawave_v3,785.29,1643.78,0.0
256,6177,8192,512,ck,0,0,67.5629,a8w8_blockscale_1x128x128_256x128x128x128_16x16_32x32_2x2_8x32x1_8x32x1_1x32x1x8_8_1x1_intrawave_v3,766.94,1606.81,0.0
256,6073,8192,512,ck,0,0,67.5953,a8w8_blockscale_1x128x128_256x128x128x128_16x16_32x32_2x2_8x32x1_8x32x1_1x32x1x8_8_1x1_intrawave_v3,753.66,1580.05,0.0
256,6070,8192,512,ck,0,0,67.6681,a8w8_blockscale_1x128x128_256x128x128x128_16x16_32x32_2x2_8x32x1_8x32x1_1x32x1x8_8_1x1_intrawave_v3,752.48,1577.6,0.0
256,6236,8192,512,ck,0,0,67.7049,a8w8_blockscale_1x128x128_256x128x128x128_16x16_32x32_2x2_8x32x1_8x32x1_1x32x1x8_8_1x1_intrawave_v3,772.64,1618.17,0.0
256,6283,8192,512,ck,0,0,67.7617,a8w8_blockscale_1x128x128_256x128x128x128_16x16_32x32_2x2_8x32x1_8x32x1_1x32x1x8_8_1x1_intrawave_v3,777.81,1628.53,0.0
256,6173,8192,512,ck,0,0,67.7797,a8w8_blockscale_1x128x128_256x128x128x128_16x16_32x32_2x2_8x32x1_8x32x1_1x32x1x8_8_1x1_intrawave_v3,763.99,1600.68,0.0
256,2918,8192,1536,ck,0,0,67.8042,a8w8_blockscale_1x128x128_256x128x128x128_16x16_32x32_2x2_8x32x1_8x32x1_1x32x1x8_8_1x1_intrawave_v3,1083.03,956.78,0.0
256,2861,8192,1536,ck,0,0,67.8478,a8w8_blockscale_1x128x128_256x128x128x128_16x16_32x32_2x2_8x32x1_8x32x1_1x32x1x8_8_1x1_intrawave_v3,1061.19,941.11,0.0
256,2843,8192,1536,ck,0,0,67.8509,a8w8_blockscale_1x128x128_256x128x128x128_16x16_32x32_2x2_8x32x1_8x32x1_1x32x1x8_8_1x1_intrawave_v3,1054.47,936.31,0.0
256,6286,8192,512,ck,0,0,67.8617,a8w8_blockscale_1x128x128_256x128x128x128_16x16_32x32_2x2_8x32x1_8x32x1_1x32x1x8_8_1x1_intrawave_v3,777.03,1626.88,0.0
256,6200,8192,512,ck,0,0,67.8633,a8w8_blockscale_1x128x128_256x128x128x128_16x16_32x32_2x2_8x32x1_8x32x1_1x32x1x8_8_1x1_intrawave_v3,766.38,1605.43,0.0
256,6384,8192,512,ck,0,0,67.8753,a8w8_blockscale_1x128x128_256x128x128x128_16x16_32x32_2x2_8x32x1_8x32x1_1x32x1x8_8_1x1_intrawave_v3,788.99,1650.94,0.0
256,6278,8192,512,ck,0,0,67.8869,a8w8_blockscale_1x128x128_256x128x128x128_16x16_32x32_2x2_8x32x1_8x32x1_1x32x1x8_8_1x1_intrawave_v3,775.76,1624.28,0.0
256,6191,8192,512,ck,0,0,67.9155,a8w8_blockscale_1x128x128_256x128x128x128_16x16_32x32_2x2_8x32x1_8x32x1_1x32x1x8_8_1x1_intrawave_v3,764.68,1601.95,0.0
256,6294,8192,512,ck,0,0,67.9365,a8w8_blockscale_1x128x128_256x128x128x128_16x16_32x32_2x2_8x32x1_8x32x1_1x32x1x8_8_1x1_intrawave_v3,777.17,1627.07,0.0
256,6369,8192,512,ck,0,0,67.9413,a8w8_blockscale_1x128x128_256x128x128x128_16x16_32x32_2x2_8x32x1_8x32x1_1x32x1x8_8_1x1_intrawave_v3,786.37,1645.61,0.0
256,6166,8192,512,ck,0,0,67.9753,a8w8_blockscale_1x128x128_256x128x128x128_16x16_32x32_2x2_8x32x1_8x32x1_1x32x1x8_8_1x1_intrawave_v3,760.93,1594.33,0.0
256,6221,8192,512,ck,0,0,67.9962,a8w8_blockscale_1x128x128_256x128x128x128_16x16_32x32_2x2_8x32x1_8x32x1_1x32x1x8_8_1x1_intrawave_v3,767.48,1607.51,0.0
256,6359,8192,512,ck,0,0,68.0053,a8w8_blockscale_1x128x128_256x128x128x128_16x16_32x32_2x2_8x32x1_8x32x1_1x32x1x8_8_1x1_intrawave_v3,784.4,1641.58,0.0
256,6052,8192,512,ck,0,0,68.0313,a8w8_blockscale_1x128x128_256x128x128x128_16x16_32x32_2x2_8x32x1_8x32x1_1x32x1x8_8_1x1_intrawave_v3,746.24,1564.7,0.0
256,6287,8192,512,ck,0,0,68.0554,a8w8_blockscale_1x128x128_256x128x128x128_16x16_32x32_2x2_8x32x1_8x32x1_1x32x1x8_8_1x1_intrawave_v3,774.94,1622.49,0.0
256,6180,8192,512,ck,0,0,68.0733,a8w8_blockscale_1x128x128_256x128x128x128_16x16_32x32_2x2_8x32x1_8x32x1_1x32x1x8_8_1x1_intrawave_v3,761.56,1595.51,0.0
256,6362,8192,512,ck,0,0,68.1129,a8w8_blockscale_1x128x128_256x128x128x128_16x16_32x32_2x2_8x32x1_8x32x1_1x32x1x8_8_1x1_intrawave_v3,783.53,1639.73,0.0
256,6198,8192,512,ck,0,0,68.1247,a8w8_blockscale_1x128x128_256x128x128x128_16x16_32x32_2x2_8x32x1_8x32x1_1x32x1x8_8_1x1_intrawave_v3,763.2,1598.77,0.0
256,6319,8192,512,ck,0,0,68.1461,a8w8_blockscale_1x128x128_256x128x128x128_16x16_32x32_2x2_8x32x1_8x32x1_1x32x1x8_8_1x1_intrawave_v3,777.85,1628.27,0.0
256,6227,8192,512,ck,0,0,68.1781,a8w8_blockscale_1x128x128_256x128x128x128_16x16_32x32_2x2_8x32x1_8x32x1_1x32x1x8_8_1x1_intrawave_v3,766.17,1604.7,0.0
256,6387,8192,512,ck,0,0,68.2113,a8w8_blockscale_1x128x128_256x128x128x128_16x16_32x32_2x2_8x32x1_8x32x1_1x32x1x8_8_1x1_intrawave_v3,785.47,1643.56,0.0
256,6207,8192,512,ck,0,0,68.2378,a8w8_blockscale_1x128x128_256x128x128x128_16x16_32x32_2x2_8x32x1_8x32x1_1x32x1x8_8_1x1_intrawave_v3,763.04,1598.35,0.0
256,3749,6144,1536,ck,0,0,68.2486,a8w8_blockscale_1x128x128_256x128x128x128_16x16_32x32_2x2_8x32x1_8x32x1_1x32x1x8_8_1x1_intrawave_v3,1036.8,897.65,0.0
256,2889,8192,1536,ck,0,0,68.2546,a8w8_blockscale_1x128x128_256x128x128x128_16x16_32x32_2x2_8x32x1_8x32x1_1x32x1x8_8_1x1_intrawave_v3,1065.19,942.85,0.0
256,6201,8192,512,ck,0,0,68.3328,a8w8_blockscale_1x128x128_256x128x128x128_16x16_32x32_2x2_8x32x1_8x32x1_1x32x1x8_8_1x1_intrawave_v3,761.24,1594.64,0.0
256,6172,8192,512,ck,0,0,68.3678,a8w8_blockscale_1x128x128_256x128x128x128_16x16_32x32_2x2_8x32x1_8x32x1_1x32x1x8_8_1x1_intrawave_v3,757.29,1586.66,0.0
256,6371,8192,512,ck,0,0,68.3733,a8w8_blockscale_1x128x128_256x128x128x128_16x16_32x32_2x2_8x32x1_8x32x1_1x32x1x8_8_1x1_intrawave_v3,781.65,1635.71,0.0
256,6244,8192,512,ck,0,0,68.3748,a8w8_blockscale_1x128x128_256x128x128x128_16x16_32x32_2x2_8x32x1_8x32x1_1x32x1x8_8_1x1_intrawave_v3,766.05,1604.29,0.0
256,6368,8192,512,ck,0,0,68.3761,a8w8_blockscale_1x128x128_256x128x128x128_16x16_32x32_2x2_8x32x1_8x32x1_1x32x1x8_8_1x1_intrawave_v3,781.25,1634.9,0.0
256,6346,8192,512,ck,0,0,68.3793,a8w8_blockscale_1x128x128_256x128x128x128_16x16_32x32_2x2_8x32x1_8x32x1_1x32x1x8_8_1x1_intrawave_v3,778.51,1629.39,0.0
256,6259,8192,512,ck,0,0,68.3797,a8w8_blockscale_1x128x128_256x128x128x128_16x16_32x32_2x2_8x32x1_8x32x1_1x32x1x8_8_1x1_intrawave_v3,767.83,1607.88,0.0
256,6424,8192,512,ck,0,0,68.3884,a8w8_blockscale_1x128x128_256x128x128x128_16x16_32x32_2x2_8x32x1_8x32x1_1x32x1x8_8_1x1_intrawave_v3,787.98,1648.44,0.0
256,6148,8192,512,ck,0,0,68.4045,a8w8_blockscale_1x128x128_256x128x128x128_16x16_32x32_2x2_8x32x1_8x32x1_1x32x1x8_8_1x1_intrawave_v3,753.94,1579.88,0.0
256,6204,8192,512,ck,0,0,68.4324,a8w8_blockscale_1x128x128_256x128x128x128_16x16_32x32_2x2_8x32x1_8x32x1_1x32x1x8_8_1x1_intrawave_v3,760.5,1593.06,0.0
256,6364,8192,512,ck,0,0,68.4381,a8w8_blockscale_1x128x128_256x128x128x128_16x16_32x32_2x2_8x32x1_8x32x1_1x32x1x8_8_1x1_intrawave_v3,780.05,1632.43,0.0
256,6161,8192,512,ck,0,0,68.4809,a8w8_blockscale_1x128x128_256x128x128x128_16x16_32x32_2x2_8x32x1_8x32x1_1x32x1x8_8_1x1_intrawave_v3,754.7,1581.33,0.0
256,6195,8192,512,ck,0,0,68.5067,a8w8_blockscale_1x128x128_256x128x128x128_16x16_32x32_2x2_8x32x1_8x32x1_1x32x1x8_8_1x1_intrawave_v3,758.57,1589.11,0.0
256,6162,8192,512,ck,0,0,68.5473,a8w8_blockscale_1x128x128_256x128x128x128_16x16_32x32_2x2_8x32x1_8x32x1_1x32x1x8_8_1x1_intrawave_v3,754.09,1580.04,0.0
256,6376,8192,512,ck,0,0,68.55,a8w8_blockscale_1x128x128_256x128x128x128_16x16_32x32_2x2_8x32x1_8x32x1_1x32x1x8_8_1x1_intrawave_v3,780.24,1632.72,0.0
256,6289,8192,512,ck,0,0,68.5569,a8w8_blockscale_1x128x128_256x128x128x128_16x16_32x32_2x2_8x32x1_8x32x1_1x32x1x8_8_1x1_intrawave_v3,769.52,1611.12,0.0
256,6372,8192,512,ck,0,0,68.5597,a8w8_blockscale_1x128x128_256x128x128x128_16x16_32x32_2x2_8x32x1_8x32x1_1x32x1x8_8_1x1_intrawave_v3,779.64,1631.51,0.0
256,6282,8192,512,ck,0,0,68.5989,a8w8_blockscale_1x128x128_256x128x128x128_16x16_32x32_2x2_8x32x1_8x32x1_1x32x1x8_8_1x1_intrawave_v3,768.19,1608.41,0.0
256,6230,8192,512,ck,0,0,68.6067,a8w8_blockscale_1x128x128_256x128x128x128_16x16_32x32_2x2_8x32x1_8x32x1_1x32x1x8_8_1x1_intrawave_v3,761.75,1595.42,0.0
256,6323,8192,512,ck,0,0,68.6209,a8w8_blockscale_1x128x128_256x128x128x128_16x16_32x32_2x2_8x32x1_8x32x1_1x32x1x8_8_1x1_intrawave_v3,772.96,1617.99,0.0
256,6297,8192,512,ck,0,0,68.6369,a8w8_blockscale_1x128x128_256x128x128x128_16x16_32x32_2x2_8x32x1_8x32x1_1x32x1x8_8_1x1_intrawave_v3,769.6,1611.21,0.0
256,6263,8192,512,ck,0,0,68.6489,a8w8_blockscale_1x128x128_256x128x128x128_16x16_32x32_2x2_8x32x1_8x32x1_1x32x1x8_8_1x1_intrawave_v3,765.31,1602.56,0.0
256,6241,8192,512,ck,0,0,68.6557,a8w8_blockscale_1x128x128_256x128x128x128_16x16_32x32_2x2_8x32x1_8x32x1_1x32x1x8_8_1x1_intrawave_v3,762.55,1596.99,0.0
256,2964,8192,1536,ck,0,0,68.6594,a8w8_blockscale_1x128x128_256x128x128x128_16x16_32x32_2x2_8x32x1_8x32x1_1x32x1x8_8_1x1_intrawave_v3,1086.4,956.87,0.0
256,6390,8192,512,ck,0,0,68.6603,a8w8_blockscale_1x128x128_256x128x128x128_16x16_32x32_2x2_8x32x1_8x32x1_1x32x1x8_8_1x1_intrawave_v3,780.7,1633.55,0.0
256,6332,8192,512,ck,0,0,68.6662,a8w8_blockscale_1x128x128_256x128x128x128_16x16_32x32_2x2_8x32x1_8x32x1_1x32x1x8_8_1x1_intrawave_v3,773.55,1619.13,0.0
256,6284,8192,512,ck,0,0,68.6841,a8w8_blockscale_1x128x128_256x128x128x128_16x16_32x32_2x2_8x32x1_8x32x1_1x32x1x8_8_1x1_intrawave_v3,767.48,1606.9,0.0
256,6458,8192,512,ck,0,0,68.6849,a8w8_blockscale_1x128x128_256x128x128x128_16x16_32x32_2x2_8x32x1_8x32x1_1x32x1x8_8_1x1_intrawave_v3,788.73,1649.69,0.0
256,6491,8192,512,ck,0,0,68.6861,a8w8_blockscale_1x128x128_256x128x128x128_16x16_32x32_2x2_8x32x1_8x32x1_1x32x1x8_8_1x1_intrawave_v3,792.74,1657.78,0.0
256,6455,8192,512,ck,0,0,68.6918,a8w8_blockscale_1x128x128_256x128x128x128_16x16_32x32_2x2_8x32x1_8x32x1_1x32x1x8_8_1x1_intrawave_v3,788.28,1648.78,0.0
256,6467,8192,512,ck,0,0,68.6949,a8w8_blockscale_1x128x128_256x128x128x128_16x16_32x32_2x2_8x32x1_8x32x1_1x32x1x8_8_1x1_intrawave_v3,789.71,1651.66,0.0
256,6281,8192,512,ck,0,0,68.7093,a8w8_blockscale_1x128x128_256x128x128x128_16x16_32x32_2x2_8x32x1_8x32x1_1x32x1x8_8_1x1_intrawave_v3,766.84,1605.58,0.0
256,6026,8192,512,ck,0,0,68.7121,a8w8_blockscale_1x128x128_256x128x128x128_16x16_32x32_2x2_8x32x1_8x32x1_1x32x1x8_8_1x1_intrawave_v3,735.67,1542.81,0.0
256,6473,8192,512,ck,0,0,68.7285,a8w8_blockscale_1x128x128_256x128x128x128_16x16_32x32_2x2_8x32x1_8x32x1_1x32x1x8_8_1x1_intrawave_v3,790.06,1652.33,0.0
256,6168,8192,512,ck,0,0,68.7425,a8w8_blockscale_1x128x128_256x128x128x128_16x16_32x32_2x2_8x32x1_8x32x1_1x32x1x8_8_1x1_intrawave_v3,752.68,1577.03,0.0
256,6393,8192,512,ck,0,0,68.7731,a8w8_blockscale_1x128x128_256x128x128x128_16x16_32x32_2x2_8x32x1_8x32x1_1x32x1x8_8_1x1_intrawave_v3,779.79,1631.6,0.0
256,6192,8192,512,ck,0,0,68.782,a8w8_blockscale_1x128x128_256x128x128x128_16x16_32x32_2x2_8x32x1_8x32x1_1x32x1x8_8_1x1_intrawave_v3,755.17,1582.02,0.0
256,6202,8192,512,ck,0,0,68.7945,a8w8_blockscale_1x128x128_256x128x128x128_16x16_32x32_2x2_8x32x1_8x32x1_1x32x1x8_8_1x1_intrawave_v3,756.25,1584.19,0.0
256,6280,8192,512,ck,0,0,68.8093,a8w8_blockscale_1x128x128_256x128x128x128_16x16_32x32_2x2_8x32x1_8x32x1_1x32x1x8_8_1x1_intrawave_v3,765.6,1603.0,0.0
256,6335,8192,512,ck,0,0,68.8297,a8w8_blockscale_1x128x128_256x128x128x128_16x16_32x32_2x2_8x32x1_8x32x1_1x32x1x8_8_1x1_intrawave_v3,772.08,1616.02,0.0
256,6624,8192,512,ck,0,0,68.8585,a8w8_blockscale_1x128x128_256x128x128x128_16x16_32x32_2x2_8x32x1_8x32x1_1x32x1x8_8_1x1_intrawave_v3,806.96,1686.26,0.0
256,6438,8192,512,ck,0,0,68.8644,a8w8_blockscale_1x128x128_256x128x128x128_16x16_32x32_2x2_8x32x1_8x32x1_1x32x1x8_8_1x1_intrawave_v3,784.23,1640.48,0.0
256,6267,8192,512,ck,0,0,68.8689,a8w8_blockscale_1x128x128_256x128x128x128_16x16_32x32_2x2_8x32x1_8x32x1_1x32x1x8_8_1x1_intrawave_v3,763.35,1598.42,0.0
256,6381,8192,512,ck,0,0,68.8721,a8w8_blockscale_1x128x128_256x128x128x128_16x16_32x32_2x2_8x32x1_8x32x1_1x32x1x8_8_1x1_intrawave_v3,777.2,1626.31,0.0
256,6288,8192,512,ck,0,0,68.8749,a8w8_blockscale_1x128x128_256x128x128x128_16x16_32x32_2x2_8x32x1_8x32x1_1x32x1x8_8_1x1_intrawave_v3,765.85,1603.43,0.0
256,6582,8192,512,ck,0,0,68.8781,a8w8_blockscale_1x128x128_256x128x128x128_16x16_32x32_2x2_8x32x1_8x32x1_1x32x1x8_8_1x1_intrawave_v3,801.62,1675.48,0.0
256,6159,8192,512,ck,0,0,68.8957,a8w8_blockscale_1x128x128_256x128x128x128_16x16_32x32_2x2_8x32x1_8x32x1_1x32x1x8_8_1x1_intrawave_v3,749.91,1571.31,0.0
256,3000,8192,1536,ck,0,0,68.8989,a8w8_blockscale_1x128x128_256x128x128x128_16x16_32x32_2x2_8x32x1_8x32x1_1x32x1x8_8_1x1_intrawave_v3,1095.77,962.9,0.0
256,6270,8192,512,ck,0,0,68.9017,a8w8_blockscale_1x128x128_256x128x128x128_16x16_32x32_2x2_8x32x1_8x32x1_1x32x1x8_8_1x1_intrawave_v3,763.36,1598.4,0.0
256,6318,8192,512,ck,0,0,68.9137,a8w8_blockscale_1x128x128_256x128x128x128_16x16_32x32_2x2_8x32x1_8x32x1_1x32x1x8_8_1x1_intrawave_v3,769.07,1609.89,0.0
256,6186,8192,512,ck,0,0,68.9197,a8w8_blockscale_1x128x128_256x128x128x128_16x16_32x32_2x2_8x32x1_8x32x1_1x32x1x8_8_1x1_intrawave_v3,752.93,1577.39,0.0
256,6365,8192,512,ck,0,0,68.9301,a8w8_blockscale_1x128x128_256x128x128x128_16x16_32x32_2x2_8x32x1_8x32x1_1x32x1x8_8_1x1_intrawave_v3,774.6,1621.02,0.0
256,2876,8192,1536,ck,0,0,68.955,a8w8_blockscale_1x128x128_256x128x128x128_16x16_32x32_2x2_8x32x1_8x32x1_1x32x1x8_8_1x1_intrawave_v3,1049.63,929.89,0.0
256,6550,8192,512,ck,0,0,68.9573,a8w8_blockscale_1x128x128_256x128x128x128_16x16_32x32_2x2_8x32x1_8x32x1_1x32x1x8_8_1x1_intrawave_v3,796.8,1665.71,0.0
256,6337,8192,512,ck,0,0,68.9673,a8w8_blockscale_1x128x128_256x128x128x128_16x16_32x32_2x2_8x32x1_8x32x1_1x32x1x8_8_1x1_intrawave_v3,770.78,1613.29,0.0
256,6527,8192,512,ck,0,0,68.9709,a8w8_blockscale_1x128x128_256x128x128x128_16x16_32x32_2x2_8x32x1_8x32x1_1x32x1x8_8_1x1_intrawave_v3,793.85,1659.75,0.0
256,6380,8192,512,ck,0,0,68.9889,a8w8_blockscale_1x128x128_256x128x128x128_16x16_32x32_2x2_8x32x1_8x32x1_1x32x1x8_8_1x1_intrawave_v3,775.77,1623.32,0.0
256,6239,8192,512,ck,0,0,68.9997,a8w8_blockscale_1x128x128_256x128x128x128_16x16_32x32_2x2_8x32x1_8x32x1_1x32x1x8_8_1x1_intrawave_v3,758.5,1588.54,0.0
256,6345,8192,512,ck,0,0,69.0121,a8w8_blockscale_1x128x128_256x128x128x128_16x16_32x32_2x2_8x32x1_8x32x1_1x32x1x8_8_1x1_intrawave_v3,771.25,1614.2,0.0
256,6374,8192,512,ck,0,0,69.0185,a8w8_blockscale_1x128x128_256x128x128x128_16x16_32x32_2x2_8x32x1_8x32x1_1x32x1x8_8_1x1_intrawave_v3,774.71,1621.15,0.0
256,6525,8192,512,ck,0,0,69.0385,a8w8_blockscale_1x128x128_256x128x128x128_16x16_32x32_2x2_8x32x1_8x32x1_1x32x1x8_8_1x1_intrawave_v3,792.83,1657.64,0.0
256,6433,8192,512,ck,0,0,69.0525,a8w8_blockscale_1x128x128_256x128x128x128_16x16_32x32_2x2_8x32x1_8x32x1_1x32x1x8_8_1x1_intrawave_v3,781.49,1634.79,0.0
256,6518,8192,512,ck,0,0,69.0613,a8w8_blockscale_1x128x128_256x128x128x128_16x16_32x32_2x2_8x32x1_8x32x1_1x32x1x8_8_1x1_intrawave_v3,791.72,1655.38,0.0
256,6451,8192,512,ck,0,0,69.0749,a8w8_blockscale_1x128x128_256x128x128x128_16x16_32x32_2x2_8x32x1_8x32x1_1x32x1x8_8_1x1_intrawave_v3,783.42,1638.66,0.0
256,6265,8192,512,ck,0,0,69.0833,a8w8_blockscale_1x128x128_256x128x128x128_16x16_32x32_2x2_8x32x1_8x32x1_1x32x1x8_8_1x1_intrawave_v3,760.74,1592.97,0.0
256,6296,8192,512,ck,0,0,69.0945,a8w8_blockscale_1x128x128_256x128x128x128_16x16_32x32_2x2_8x32x1_8x32x1_1x32x1x8_8_1x1_intrawave_v3,764.38,1600.29,0.0
256,6349,8192,512,ck,0,0,69.0973,a8w8_blockscale_1x128x128_256x128x128x128_16x16_32x32_2x2_8x32x1_8x32x1_1x32x1x8_8_1x1_intrawave_v3,770.79,1613.19,0.0
256,6444,8192,512,ck,0,0,69.0993,a8w8_blockscale_1x128x128_256x128x128x128_16x16_32x32_2x2_8x32x1_8x32x1_1x32x1x8_8_1x1_intrawave_v3,782.3,1636.37,0.0
256,6366,8192,512,ck,0,0,69.1145,a8w8_blockscale_1x128x128_256x128x128x128_16x16_32x32_2x2_8x32x1_8x32x1_1x32x1x8_8_1x1_intrawave_v3,772.66,1616.94,0.0
256,6395,8192,512,ck,0,0,69.115,a8w8_blockscale_1x128x128_256x128x128x128_16x16_32x32_2x2_8x32x1_8x32x1_1x32x1x8_8_1x1_intrawave_v3,776.17,1624.02,0.0
256,6521,8192,512,ck,0,0,69.1465,a8w8_blockscale_1x128x128_256x128x128x128_16x16_32x32_2x2_8x32x1_8x32x1_1x32x1x8_8_1x1_intrawave_v3,791.1,1654.07,0.0
256,6421,8192,512,ck,0,0,69.1489,a8w8_blockscale_1x128x128_256x128x128x128_16x16_32x32_2x2_8x32x1_8x32x1_1x32x1x8_8_1x1_intrawave_v3,778.95,1629.58,0.0
256,6587,8192,512,ck,0,0,69.1801,a8w8_blockscale_1x128x128_256x128x128x128_16x16_32x32_2x2_8x32x1_8x32x1_1x32x1x8_8_1x1_intrawave_v3,798.72,1669.39,0.0
256,6430,8192,512,ck,0,0,69.1837,a8w8_blockscale_1x128x128_256x128x128x128_16x16_32x32_2x2_8x32x1_8x32x1_1x32x1x8_8_1x1_intrawave_v3,779.65,1630.96,0.0
256,6377,8192,512,ck,0,0,69.2053,a8w8_blockscale_1x128x128_256x128x128x128_16x16_32x32_2x2_8x32x1_8x32x1_1x32x1x8_8_1x1_intrawave_v3,772.98,1617.51,0.0
256,6182,8192,512,ck,0,0,69.2157,a8w8_blockscale_1x128x128_256x128x128x128_16x16_32x32_2x2_8x32x1_8x32x1_1x32x1x8_8_1x1_intrawave_v3,749.23,1569.66,0.0
256,6378,8192,512,ck,0,0,69.2181,a8w8_blockscale_1x128x128_256x128x128x128_16x16_32x32_2x2_8x32x1_8x32x1_1x32x1x8_8_1x1_intrawave_v3,772.96,1617.45,0.0
256,6277,8192,512,ck,0,0,69.2247,a8w8_blockscale_1x128x128_256x128x128x128_16x16_32x32_2x2_8x32x1_8x32x1_1x32x1x8_8_1x1_intrawave_v3,760.64,1592.65,0.0
256,6146,8192,512,ck,0,0,69.2401,a8w8_blockscale_1x128x128_256x128x128x128_16x16_32x32_2x2_8x32x1_8x32x1_1x32x1x8_8_1x1_intrawave_v3,744.6,1560.33,0.0
256,6179,8192,512,ck,0,0,69.2401,a8w8_blockscale_1x128x128_256x128x128x128_16x16_32x32_2x2_8x32x1_8x32x1_1x32x1x8_8_1x1_intrawave_v3,748.6,1568.38,0.0
256,6228,8192,512,ck,0,0,69.2468,a8w8_blockscale_1x128x128_256x128x128x128_16x16_32x32_2x2_8x32x1_8x32x1_1x32x1x8_8_1x1_intrawave_v3,754.46,1580.18,0.0
256,3831,6144,1536,ck,0,0,69.2555,a8w8_blockscale_1x128x128_256x128x128x128_16x16_32x32_2x2_8x32x1_8x32x1_1x32x1x8_8_1x1_intrawave_v3,1044.07,900.97,0.0
256,6169,8192,512,ck,0,0,69.2693,a8w8_blockscale_1x128x128_256x128x128x128_16x16_32x32_2x2_8x32x1_8x32x1_1x32x1x8_8_1x1_intrawave_v3,747.07,1565.28,0.0
256,6247,8192,512,ck,0,0,69.2905,a8w8_blockscale_1x128x128_256x128x128x128_16x16_32x32_2x2_8x32x1_8x32x1_1x32x1x8_8_1x1_intrawave_v3,756.29,1583.82,0.0
256,6417,8192,512,ck,0,0,69.2934,a8w8_blockscale_1x128x128_256x128x128x128_16x16_32x32_2x2_8x32x1_8x32x1_1x32x1x8_8_1x1_intrawave_v3,776.84,1625.2,0.0
256,6382,8192,512,ck,0,0,69.3021,a8w8_blockscale_1x128x128_256x128x128x128_16x16_32x32_2x2_8x32x1_8x32x1_1x32x1x8_8_1x1_intrawave_v3,772.5,1616.47,0.0
256,6495,8192,512,ck,0,0,69.3273,a8w8_blockscale_1x128x128_256x128x128x128_16x16_32x32_2x2_8x32x1_8x32x1_1x32x1x8_8_1x1_intrawave_v3,785.9,1643.42,0.0
256,6456,8192,512,ck,0,0,69.3337,a8w8_blockscale_1x128x128_256x128x128x128_16x16_32x32_2x2_8x32x1_8x32x1_1x32x1x8_8_1x1_intrawave_v3,781.1,1633.76,0.0
256,6407,8192,512,ck,0,0,69.3343,a8w8_blockscale_1x128x128_256x128x128x128_16x16_32x32_2x2_8x32x1_8x32x1_1x32x1x8_8_1x1_intrawave_v3,775.17,1621.81,0.0
256,6157,8192,512,ck,0,0,69.3421,a8w8_blockscale_1x128x128_256x128x128x128_16x16_32x32_2x2_8x32x1_8x32x1_1x32x1x8_8_1x1_intrawave_v3,744.84,1560.71,0.0
256,6627,8192,512,ck,0,0,69.3513,a8w8_blockscale_1x128x128_256x128x128x128_16x16_32x32_2x2_8x32x1_8x32x1_1x32x1x8_8_1x1_intrawave_v3,801.59,1675.01,0.0
256,6275,8192,512,ck,0,0,69.3521,a8w8_blockscale_1x128x128_256x128x128x128_16x16_32x32_2x2_8x32x1_8x32x1_1x32x1x8_8_1x1_intrawave_v3,759.0,1589.23,0.0
256,6322,8192,512,ck,0,0,69.3869,a8w8_blockscale_1x128x128_256x128x128x128_16x16_32x32_2x2_8x32x1_8x32x1_1x32x1x8_8_1x1_intrawave_v3,764.31,1599.88,0.0
256,3894,6144,1536,ck,0,0,69.4186,a8w8_blockscale_1x128x128_256x128x128x128_16x16_32x32_2x2_8x32x1_8x32x1_1x32x1x8_8_1x1_intrawave_v3,1058.75,911.4,0.0
256,6326,8192,512,ck,0,0,69.4413,a8w8_blockscale_1x128x128_256x128x128x128_16x16_32x32_2x2_8x32x1_8x32x1_1x32x1x8_8_1x1_intrawave_v3,764.19,1599.6,0.0
256,6243,8192,512,ck,0,0,69.4437,a8w8_blockscale_1x128x128_256x128x128x128_16x16_32x32_2x2_8x32x1_8x32x1_1x32x1x8_8_1x1_intrawave_v3,754.14,1579.35,0.0
256,4004,6144,1536,ck,0,0,69.4537,a8w8_blockscale_1x128x128_256x128x128x128_16x16_32x32_2x2_8x32x1_8x32x1_1x32x1x8_8_1x1_intrawave_v3,1088.11,932.83,0.0
256,6501,8192,512,ck,0,0,69.4577,a8w8_blockscale_1x128x128_256x128x128x128_16x16_32x32_2x2_8x32x1_8x32x1_1x32x1x8_8_1x1_intrawave_v3,785.14,1641.79,0.0
256,3004,8192,1536,ck,0,0,69.4653,a8w8_blockscale_1x128x128_256x128x128x128_16x16_32x32_2x2_8x32x1_8x32x1_1x32x1x8_8_1x1_intrawave_v3,1088.29,956.08,0.0
256,3019,8192,1536,ck,0,0,69.4671,a8w8_blockscale_1x128x128_256x128x128x128_16x16_32x32_2x2_8x32x1_8x32x1_1x32x1x8_8_1x1_intrawave_v3,1093.69,959.93,0.0
256,6383,8192,512,ck,0,0,69.4834,a8w8_blockscale_1x128x128_256x128x128x128_16x16_32x32_2x2_8x32x1_8x32x1_1x32x1x8_8_1x1_intrawave_v3,770.61,1612.49,0.0
256,6443,8192,512,ck,0,0,69.4849,a8w8_blockscale_1x128x128_256x128x128x128_16x16_32x32_2x2_8x32x1_8x32x1_1x32x1x8_8_1x1_intrawave_v3,777.84,1627.05,0.0
256,4001,6144,1536,ck,0,0,69.4884,a8w8_blockscale_1x128x128_256x128x128x128_16x16_32x32_2x2_8x32x1_8x32x1_1x32x1x8_8_1x1_intrawave_v3,1086.75,931.77,0.0
256,6250,8192,512,ck,0,0,69.4963,a8w8_blockscale_1x128x128_256x128x128x128_16x16_32x32_2x2_8x32x1_8x32x1_1x32x1x8_8_1x1_intrawave_v3,754.41,1579.86,0.0
256,6577,8192,512,ck,0,0,69.5037,a8w8_blockscale_1x128x128_256x128x128x128_16x16_32x32_2x2_8x32x1_8x32x1_1x32x1x8_8_1x1_intrawave_v3,793.8,1659.18,0.0
256,6469,8192,512,ck,0,0,69.5197,a8w8_blockscale_1x128x128_256x128x128x128_16x16_32x32_2x2_8x32x1_8x32x1_1x32x1x8_8_1x1_intrawave_v3,780.58,1632.55,0.0
256,6399,8192,512,ck,0,0,69.5485,a8w8_blockscale_1x128x128_256x128x128x128_16x16_32x32_2x2_8x32x1_8x32x1_1x32x1x8_8_1x1_intrawave_v3,771.82,1614.87,0.0
256,2955,8192,1536,ck,0,0,69.551,a8w8_blockscale_1x128x128_256x128x128x128_16x16_32x32_2x2_8x32x1_8x32x1_1x32x1x8_8_1x1_intrawave_v3,1069.22,942.28,0.0
256,6415,8192,512,ck,0,0,69.5597,a8w8_blockscale_1x128x128_256x128x128x128_16x16_32x32_2x2_8x32x1_8x32x1_1x32x1x8_8_1x1_intrawave_v3,773.62,1618.5,0.0
256,6315,8192,512,ck,0,0,69.5997,a8w8_blockscale_1x128x128_256x128x128x128_16x16_32x32_2x2_8x32x1_8x32x1_1x32x1x8_8_1x1_intrawave_v3,761.12,1593.29,0.0
256,6622,8192,512,ck,0,0,69.6009,a8w8_blockscale_1x128x128_256x128x128x128_16x16_32x32_2x2_8x32x1_8x32x1_1x32x1x8_8_1x1_intrawave_v3,798.11,1667.79,0.0
256,6445,8192,512,ck,0,0,69.6073,a8w8_blockscale_1x128x128_256x128x128x128_16x16_32x32_2x2_8x32x1_8x32x1_1x32x1x8_8_1x1_intrawave_v3,776.71,1624.67,0.0
256,6412,8192,512,ck,0,0,69.6167,a8w8_blockscale_1x128x128_256x128x128x128_16x16_32x32_2x2_8x32x1_8x32x1_1x32x1x8_8_1x1_intrawave_v3,772.63,1616.44,0.0
256,6328,8192,512,ck,0,0,69.6357,a8w8_blockscale_1x128x128_256x128x128x128_16x16_32x32_2x2_8x32x1_8x32x1_1x32x1x8_8_1x1_intrawave_v3,762.3,1595.62,0.0
256,3005,8192,1536,ck,0,0,69.669,a8w8_blockscale_1x128x128_256x128x128x128_16x16_32x32_2x2_8x32x1_8x32x1_1x32x1x8_8_1x1_intrawave_v3,1085.47,953.54,0.0
256,2946,8192,1536,ck,0,0,69.6834,a8w8_blockscale_1x128x128_256x128x128x128_16x16_32x32_2x2_8x32x1_8x32x1_1x32x1x8_8_1x1_intrawave_v3,1063.93,938.18,0.0
256,6329,8192,512,ck,0,0,69.6837,a8w8_blockscale_1x128x128_256x128x128x128_16x16_32x32_2x2_8x32x1_8x32x1_1x32x1x8_8_1x1_intrawave_v3,761.89,1594.76,0.0
256,6225,8192,512,ck,0,0,69.6874,a8w8_blockscale_1x128x128_256x128x128x128_16x16_32x32_2x2_8x32x1_8x32x1_1x32x1x8_8_1x1_intrawave_v3,749.33,1569.46,0.0
256,6590,8192,512,ck,0,0,69.7361,a8w8_blockscale_1x128x128_256x128x128x128_16x16_32x32_2x2_8x32x1_8x32x1_1x32x1x8_8_1x1_intrawave_v3,792.72,1656.8,0.0
256,6460,8192,512,ck,0,0,69.7365,a8w8_blockscale_1x128x128_256x128x128x128_16x16_32x32_2x2_8x32x1_8x32x1_1x32x1x8_8_1x1_intrawave_v3,777.07,1625.3,0.0
256,6226,8192,512,ck,0,0,69.7686,a8w8_blockscale_1x128x128_256x128x128x128_16x16_32x32_2x2_8x32x1_8x32x1_1x32x1x8_8_1x1_intrawave_v3,748.58,1567.88,0.0
256,2947,8192,1536,ck,0,0,69.805,a8w8_blockscale_1x128x128_256x128x128x128_16x16_32x32_2x2_8x32x1_8x32x1_1x32x1x8_8_1x1_intrawave_v3,1062.44,936.8,0.0
256,6238,8192,512,ck,0,0,69.8277,a8w8_blockscale_1x128x128_256x128x128x128_16x16_32x32_2x2_8x32x1_8x32x1_1x32x1x8_8_1x1_intrawave_v3,749.39,1569.46,0.0
256,6482,8192,512,ck,0,0,69.8553,a8w8_blockscale_1x128x128_256x128x128x128_16x16_32x32_2x2_8x32x1_8x32x1_1x32x1x8_8_1x1_intrawave_v3,778.39,1627.85,0.0
256,6615,8192,512,ck,0,0,69.8659,a8w8_blockscale_1x128x128_256x128x128x128_16x16_32x32_2x2_8x32x1_8x32x1_1x32x1x8_8_1x1_intrawave_v3,794.25,1659.77,0.0
256,6560,8192,512,ck,0,0,69.8781,a8w8_blockscale_1x128x128_256x128x128x128_16x16_32x32_2x2_8x32x1_8x32x1_1x32x1x8_8_1x1_intrawave_v3,787.5,1646.18,0.0
256,3925,6144,1536,ck,0,0,69.8938,a8w8_blockscale_1x128x128_256x128x128x128_16x16_32x32_2x2_8x32x1_8x32x1_1x32x1x8_8_1x1_intrawave_v3,1059.92,911.33,0.0
256,6171,8192,512,ck,0,0,69.8989,a8w8_blockscale_1x128x128_256x128x128x128_16x16_32x32_2x2_8x32x1_8x32x1_1x32x1x8_8_1x1_intrawave_v3,740.59,1551.66,0.0
256,6556,8192,512,ck,0,0,69.9213,a8w8_blockscale_1x128x128_256x128x128x128_16x16_32x32_2x2_8x32x1_8x32x1_1x32x1x8_8_1x1_intrawave_v3,786.54,1644.2,0.0
256,6535,8192,512,ck,0,0,69.9553,a8w8_blockscale_1x128x128_256x128x128x128_16x16_32x32_2x2_8x32x1_8x32x1_1x32x1x8_8_1x1_intrawave_v3,783.64,1638.33,0.0
256,6548,8192,512,ck,0,0,69.9629,a8w8_blockscale_1x128x128_256x128x128x128_16x16_32x32_2x2_8x32x1_8x32x1_1x32x1x8_8_1x1_intrawave_v3,785.11,1641.29,0.0
256,6616,8192,512,ck,0,0,70.005,a8w8_blockscale_1x128x128_256x128x128x128_16x16_32x32_2x2_8x32x1_8x32x1_1x32x1x8_8_1x1_intrawave_v3,792.79,1656.71,0.0
256,2952,8192,1536,ck,0,0,70.007,a8w8_blockscale_1x128x128_256x128x128x128_16x16_32x32_2x2_8x32x1_8x32x1_1x32x1x8_8_1x1_intrawave_v3,1061.17,935.37,0.0
256,6472,8192,512,ck,0,0,70.0213,a8w8_blockscale_1x128x128_256x128x128x128_16x16_32x32_2x2_8x32x1_8x32x1_1x32x1x8_8_1x1_intrawave_v3,775.35,1621.58,0.0
256,6483,8192,512,ck,0,0,70.0225,a8w8_blockscale_1x128x128_256x128x128x128_16x16_32x32_2x2_8x32x1_8x32x1_1x32x1x8_8_1x1_intrawave_v3,776.66,1624.21,0.0
256,6558,8192,512,ck,0,0,70.0261,a8w8_blockscale_1x128x128_256x128x128x128_16x16_32x32_2x2_8x32x1_8x32x1_1x32x1x8_8_1x1_intrawave_v3,785.6,1642.22,0.0
256,4012,6144,1536,ck,0,0,70.095,a8w8_blockscale_1x128x128_256x128x128x128_16x16_32x32_2x2_8x32x1_8x32x1_1x32x1x8_8_1x1_intrawave_v3,1080.3,925.87,0.0
256,6559,8192,512,ck,0,0,70.0985,a8w8_blockscale_1x128x128_256x128x128x128_16x16_32x32_2x2_8x32x1_8x32x1_1x32x1x8_8_1x1_intrawave_v3,784.91,1640.77,0.0
256,6427,8192,512,ck,0,0,70.1697,a8w8_blockscale_1x128x128_256x128x128x128_16x16_32x32_2x2_8x32x1_8x32x1_1x32x1x8_8_1x1_intrawave_v3,768.33,1607.32,0.0
256,4046,6144,1536,ck,0,0,70.2046,a8w8_blockscale_1x128x128_256x128x128x128_16x16_32x32_2x2_8x32x1_8x32x1_1x32x1x8_8_1x1_intrawave_v3,1087.76,931.12,0.0
256,6490,8192,512,ck,0,0,70.2201,a8w8_blockscale_1x128x128_256x128x128x128_16x16_32x32_2x2_8x32x1_8x32x1_1x32x1x8_8_1x1_intrawave_v3,775.31,1621.32,0.0
256,6425,8192,512,ck,0,0,70.2378,a8w8_blockscale_1x128x128_256x128x128x128_16x16_32x32_2x2_8x32x1_8x32x1_1x32x1x8_8_1x1_intrawave_v3,767.35,1605.28,0.0
256,6644,8192,512,ck,0,0,70.2431,a8w8_blockscale_1x128x128_256x128x128x128_16x16_32x32_2x2_8x32x1_8x32x1_1x32x1x8_8_1x1_intrawave_v3,793.44,1657.83,0.0
256,6436,8192,512,ck,0,0,70.2705,a8w8_blockscale_1x128x128_256x128x128x128_16x16_32x32_2x2_8x32x1_8x32x1_1x32x1x8_8_1x1_intrawave_v3,768.3,1607.17,0.0
256,6498,8192,512,ck,0,0,70.2721,a8w8_blockscale_1x128x128_256x128x128x128_16x16_32x32_2x2_8x32x1_8x32x1_1x32x1x8_8_1x1_intrawave_v3,775.69,1622.05,0.0
256,6422,8192,512,ck,0,0,70.3133,a8w8_blockscale_1x128x128_256x128x128x128_16x16_32x32_2x2_8x32x1_8x32x1_1x32x1x8_8_1x1_intrawave_v3,766.17,1602.83,0.0
256,6477,8192,512,ck,0,0,70.329,a8w8_blockscale_1x128x128_256x128x128x128_16x16_32x32_2x2_8x32x1_8x32x1_1x32x1x8_8_1x1_intrawave_v3,772.55,1615.69,0.0
256,6414,8192,512,ck,0,0,70.428,a8w8_blockscale_1x128x128_256x128x128x128_16x16_32x32_2x2_8x32x1_8x32x1_1x32x1x8_8_1x1_intrawave_v3,763.97,1598.3,0.0
256,6419,8192,512,ck,0,0,70.4332,a8w8_blockscale_1x128x128_256x128x128x128_16x16_32x32_2x2_8x32x1_8x32x1_1x32x1x8_8_1x1_intrawave_v3,764.5,1599.38,0.0
256,6650,8192,512,ck,0,0,70.4557,a8w8_blockscale_1x128x128_256x128x128x128_16x16_32x32_2x2_8x32x1_8x32x1_1x32x1x8_8_1x1_intrawave_v3,791.76,1654.27,0.0
256,6557,8192,512,ck,0,0,70.4609,a8w8_blockscale_1x128x128_256x128x128x128_16x16_32x32_2x2_8x32x1_8x32x1_1x32x1x8_8_1x1_intrawave_v3,780.63,1631.85,0.0
256,6405,8192,512,ck,0,0,70.4847,a8w8_blockscale_1x128x128_256x128x128x128_16x16_32x32_2x2_8x32x1_8x32x1_1x32x1x8_8_1x1_intrawave_v3,762.28,1594.86,0.0
256,6492,8192,512,ck,0,0,70.5325,a8w8_blockscale_1x128x128_256x128x128x128_16x16_32x32_2x2_8x32x1_8x32x1_1x32x1x8_8_1x1_intrawave_v3,772.11,1614.62,0.0
256,3971,6144,1536,ck,0,0,70.5347,a8w8_blockscale_1x128x128_256x128x128x128_16x16_32x32_2x2_8x32x1_8x32x1_1x32x1x8_8_1x1_intrawave_v3,1062.6,912.07,0.0
256,6593,8192,512,ck,0,0,70.5429,a8w8_blockscale_1x128x128_256x128x128x128_16x16_32x32_2x2_8x32x1_8x32x1_1x32x1x8_8_1x1_intrawave_v3,784.01,1638.57,0.0
256,6418,8192,512,ck,0,0,70.6445,a8w8_blockscale_1x128x128_256x128x128x128_16x16_32x32_2x2_8x32x1_8x32x1_1x32x1x8_8_1x1_intrawave_v3,762.1,1594.36,0.0
256,6583,8192,512,ck,0,0,70.6689,a8w8_blockscale_1x128x128_256x128x128x128_16x16_32x32_2x2_8x32x1_8x32x1_1x32x1x8_8_1x1_intrawave_v3,781.42,1633.26,0.0
256,6637,8192,512,ck,0,0,70.6721,a8w8_blockscale_1x128x128_256x128x128x128_16x16_32x32_2x2_8x32x1_8x32x1_1x32x1x8_8_1x1_intrawave_v3,787.8,1646.1,0.0
256,6539,8192,512,ck,0,0,70.7053,a8w8_blockscale_1x128x128_256x128x128x128_16x16_32x32_2x2_8x32x1_8x32x1_1x32x1x8_8_1x1_intrawave_v3,775.8,1621.9,0.0
256,6537,8192,512,ck,0,0,70.7057,a8w8_blockscale_1x128x128_256x128x128x128_16x16_32x32_2x2_8x32x1_8x32x1_1x32x1x8_8_1x1_intrawave_v3,775.56,1621.42,0.0
256,6581,8192,512,ck,0,0,70.7185,a8w8_blockscale_1x128x128_256x128x128x128_16x16_32x32_2x2_8x32x1_8x32x1_1x32x1x8_8_1x1_intrawave_v3,780.64,1631.64,0.0
256,6564,8192,512,ck,0,0,70.7381,a8w8_blockscale_1x128x128_256x128x128x128_16x16_32x32_2x2_8x32x1_8x32x1_1x32x1x8_8_1x1_intrawave_v3,778.4,1627.12,0.0
256,4051,6144,1536,ck,0,0,70.8413,a8w8_blockscale_1x128x128_256x128x128x128_16x16_32x32_2x2_8x32x1_8x32x1_1x32x1x8_8_1x1_intrawave_v3,1079.31,923.73,0.0
256,6585,8192,512,ck,0,0,70.8909,a8w8_blockscale_1x128x128_256x128x128x128_16x16_32x32_2x2_8x32x1_8x32x1_1x32x1x8_8_1x1_intrawave_v3,779.21,1628.62,0.0
256,6566,8192,512,ck,0,0,70.9445,a8w8_blockscale_1x128x128_256x128x128x128_16x16_32x32_2x2_8x32x1_8x32x1_1x32x1x8_8_1x1_intrawave_v3,776.38,1622.87,0.0
256,6524,8192,512,ck,0,0,71.0405,a8w8_blockscale_1x128x128_256x128x128x128_16x16_32x32_2x2_8x32x1_8x32x1_1x32x1x8_8_1x1_intrawave_v3,770.37,1610.68,0.0
256,6513,8192,512,ck,0,0,71.0421,a8w8_blockscale_1x128x128_256x128x128x128_16x16_32x32_2x2_8x32x1_8x32x1_1x32x1x8_8_1x1_intrawave_v3,769.05,1608.03,0.0
256,6636,8192,512,ck,0,0,71.0566,a8w8_blockscale_1x128x128_256x128x128x128_16x16_32x32_2x2_8x32x1_8x32x1_1x32x1x8_8_1x1_intrawave_v3,783.41,1636.95,0.0
256,4002,6144,1536,ck,0,0,71.0674,a8w8_blockscale_1x128x128_256x128x128x128_16x16_32x32_2x2_8x32x1_8x32x1_1x32x1x8_8_1x1_intrawave_v3,1062.87,911.26,0.0
256,6635,8192,512,ck,0,0,71.1106,a8w8_blockscale_1x128x128_256x128x128x128_16x16_32x32_2x2_8x32x1_8x32x1_1x32x1x8_8_1x1_intrawave_v3,782.7,1635.47,0.0
256,6631,8192,512,ck,0,0,71.1818,a8w8_blockscale_1x128x128_256x128x128x128_16x16_32x32_2x2_8x32x1_8x32x1_1x32x1x8_8_1x1_intrawave_v3,781.45,1632.88,0.0
256,6553,8192,512,ck,0,0,71.2309,a8w8_blockscale_1x128x128_256x128x128x128_16x16_32x32_2x2_8x32x1_8x32x1_1x32x1x8_8_1x1_intrawave_v3,771.72,1613.26,0.0
256,6628,8192,512,ck,0,0,71.277,a8w8_blockscale_1x128x128_256x128x128x128_16x16_32x32_2x2_8x32x1_8x32x1_1x32x1x8_8_1x1_intrawave_v3,780.05,1629.99,0.0
256,4050,6144,1536,ck,0,0,71.3025,a8w8_blockscale_1x128x128_256x128x128x128_16x16_32x32_2x2_8x32x1_8x32x1_1x32x1x8_8_1x1_intrawave_v3,1072.07,917.56,0.0
256,6573,8192,512,ck,0,0,71.3385,a8w8_blockscale_1x128x128_256x128x128x128_16x16_32x32_2x2_8x32x1_8x32x1_1x32x1x8_8_1x1_intrawave_v3,772.91,1615.56,0.0
256,6638,8192,512,ck,0,0,71.3982,a8w8_blockscale_1x128x128_256x128x128x128_16x16_32x32_2x2_8x32x1_8x32x1_1x32x1x8_8_1x1_intrawave_v3,779.9,1629.59,0.0
256,6633,8192,512,ck,0,0,71.4774,a8w8_blockscale_1x128x128_256x128x128x128_16x16_32x32_2x2_8x32x1_8x32x1_1x32x1x8_8_1x1_intrawave_v3,778.45,1626.6,0.0
256,6621,8192,512,ck,0,0,71.5282,a8w8_blockscale_1x128x128_256x128x128x128_16x16_32x32_2x2_8x32x1_8x32x1_1x32x1x8_8_1x1_intrawave_v3,776.49,1622.61,0.0
256,6629,8192,512,ck,0,0,71.637,a8w8_blockscale_1x128x128_256x128x128x128_16x16_32x32_2x2_8x32x1_8x32x1_1x32x1x8_8_1x1_intrawave_v3,776.25,1622.04,0.0
256,6549,8192,512,ck,0,0,71.7157,a8w8_blockscale_1x128x128_256x128x128x128_16x16_32x32_2x2_8x32x1_8x32x1_1x32x1x8_8_1x1_intrawave_v3,766.04,1601.41,0.0
256,6757,8192,512,ck,0,0,71.7326,a8w8_blockscale_1x128x128_256x128x128x128_16x16_32x32_2x2_8x32x1_8x32x1_1x32x1x8_8_1x1_intrawave_v3,790.18,1650.02,0.0
256,6685,8192,512,ck,0,0,71.7629,a8w8_blockscale_1x128x128_256x128x128x128_16x16_32x32_2x2_8x32x1_8x32x1_1x32x1x8_8_1x1_intrawave_v3,781.43,1632.38,0.0
256,6720,8192,512,ck,0,0,71.7709,a8w8_blockscale_1x128x128_256x128x128x128_16x16_32x32_2x2_8x32x1_8x32x1_1x32x1x8_8_1x1_intrawave_v3,785.44,1640.43,0.0
256,6756,8192,512,ck,0,0,71.8214,a8w8_blockscale_1x128x128_256x128x128x128_16x16_32x32_2x2_8x32x1_8x32x1_1x32x1x8_8_1x1_intrawave_v3,789.09,1647.75,0.0
256,6562,8192,512,ck,0,0,71.8489,a8w8_blockscale_1x128x128_256x128x128x128_16x16_32x32_2x2_8x32x1_8x32x1_1x32x1x8_8_1x1_intrawave_v3,766.14,1601.5,0.0
256,6670,8192,512,ck,0,0,71.9166,a8w8_blockscale_1x128x128_256x128x128x128_16x16_32x32_2x2_8x32x1_8x32x1_1x32x1x8_8_1x1_intrawave_v3,778.01,1625.36,0.0
256,4000,6144,1536,ck,0,0,71.9329,a8w8_blockscale_1x128x128_256x128x128x128_16x16_32x32_2x2_8x32x1_8x32x1_1x32x1x8_8_1x1_intrawave_v3,1049.55,899.91,0.0
256,6190,8192,512,ck,18,0,71.9979,a8w8_blockscale_1x128x128_256x64x64x256_16x16_32x32_1x1_16x16x1_16x16x1_1x32x1x8_8_1x1_intrawave_v1,721.21,1510.88,0.0
256,6673,8192,512,ck,0,0,72.0602,a8w8_blockscale_1x128x128_256x128x128x128_16x16_32x32_2x2_8x32x1_8x32x1_1x32x1x8_8_1x1_intrawave_v3,776.81,1622.83,0.0
256,6530,8192,512,ck,0,0,72.1669,a8w8_blockscale_1x128x128_256x128x128x128_16x16_32x32_2x2_8x32x1_8x32x1_1x32x1x8_8_1x1_intrawave_v3,759.04,1586.95,0.0
256,6888,8192,512,ck,0,0,72.2325,a8w8_blockscale_1x128x128_256x128x128x128_16x16_32x32_2x2_8x32x1_8x32x1_1x32x1x8_8_1x1_intrawave_v3,799.93,1669.25,0.0
256,6717,8192,512,ck,0,0,72.2981,a8w8_blockscale_1x128x128_256x128x128x128_16x16_32x32_2x2_8x32x1_8x32x1_1x32x1x8_8_1x1_intrawave_v3,779.36,1627.77,0.0
256,6740,8192,512,ck,0,0,72.3749,a8w8_blockscale_1x128x128_256x128x128x128_16x16_32x32_2x2_8x32x1_8x32x1_1x32x1x8_8_1x1_intrawave_v3,781.2,1631.41,0.0
256,6869,8192,512,ck,0,0,72.4073,a8w8_blockscale_1x128x128_256x128x128x128_16x16_32x32_2x2_8x32x1_8x32x1_1x32x1x8_8_1x1_intrawave_v3,795.79,1660.78,0.0
256,6912,8192,512,ck,0,0,72.4201,a8w8_blockscale_1x128x128_256x128x128x128_16x16_32x32_2x2_8x32x1_8x32x1_1x32x1x8_8_1x1_intrawave_v3,800.63,1670.52,0.0
256,6722,8192,512,ck,0,0,72.4521,a8w8_blockscale_1x128x128_256x128x128x128_16x16_32x32_2x2_8x32x1_8x32x1_1x32x1x8_8_1x1_intrawave_v3,778.28,1625.48,0.0
256,6694,8192,512,ck,0,0,72.4661,a8w8_blockscale_1x128x128_256x128x128x128_16x16_32x32_2x2_8x32x1_8x32x1_1x32x1x8_8_1x1_intrawave_v3,774.89,1618.63,0.0
256,6751,8192,512,ck,0,0,72.5022,a8w8_blockscale_1x128x128_256x128x128x128_16x16_32x32_2x2_8x32x1_8x32x1_1x32x1x8_8_1x1_intrawave_v3,781.1,1631.11,0.0
256,6767,8192,512,ck,0,0,72.5221,a8w8_blockscale_1x128x128_256x128x128x128_16x16_32x32_2x2_8x32x1_8x32x1_1x32x1x8_8_1x1_intrawave_v3,782.74,1634.39,0.0
256,6769,8192,512,ck,0,0,72.5598,a8w8_blockscale_1x128x128_256x128x128x128_16x16_32x32_2x2_8x32x1_8x32x1_1x32x1x8_8_1x1_intrawave_v3,782.56,1634.01,0.0
256,6668,8192,512,ck,0,0,72.5687,a8w8_blockscale_1x128x128_256x128x128x128_16x16_32x32_2x2_8x32x1_8x32x1_1x32x1x8_8_1x1_intrawave_v3,770.79,1610.29,0.0
256,6672,8192,512,ck,0,0,72.574,a8w8_blockscale_1x128x128_256x128x128x128_16x16_32x32_2x2_8x32x1_8x32x1_1x32x1x8_8_1x1_intrawave_v3,771.2,1611.11,0.0
256,6706,8192,512,ck,0,0,72.5814,a8w8_blockscale_1x128x128_256x128x128x128_16x16_32x32_2x2_8x32x1_8x32x1_1x32x1x8_8_1x1_intrawave_v3,775.05,1618.86,0.0
256,6762,8192,512,ck,0,0,72.5969,a8w8_blockscale_1x128x128_256x128x128x128_16x16_32x32_2x2_8x32x1_8x32x1_1x32x1x8_8_1x1_intrawave_v3,781.35,1631.54,0.0
256,6765,8192,512,ck,0,0,72.6146,a8w8_blockscale_1x128x128_256x128x128x128_16x16_32x32_2x2_8x32x1_8x32x1_1x32x1x8_8_1x1_intrawave_v3,781.51,1631.84,0.0
256,6725,8192,512,ck,0,0,72.6593,a8w8_blockscale_1x128x128_256x128x128x128_16x16_32x32_2x2_8x32x1_8x32x1_1x32x1x8_8_1x1_intrawave_v3,776.41,1621.54,0.0
256,6897,8192,512,ck,0,0,72.6643,a8w8_blockscale_1x128x128_256x128x128x128_16x16_32x32_2x2_8x32x1_8x32x1_1x32x1x8_8_1x1_intrawave_v3,796.21,1661.42,0.0
256,6800,8192,512,ck,0,0,72.7259,a8w8_blockscale_1x128x128_256x128x128x128_16x16_32x32_2x2_8x32x1_8x32x1_1x32x1x8_8_1x1_intrawave_v3,784.35,1637.48,0.0
256,6691,8192,512,ck,0,0,72.7718,a8w8_blockscale_1x128x128_256x128x128x128_16x16_32x32_2x2_8x32x1_8x32x1_1x32x1x8_8_1x1_intrawave_v3,771.29,1611.14,0.0
256,6669,8192,512,ck,0,0,72.7858,a8w8_blockscale_1x128x128_256x128x128x128_16x16_32x32_2x2_8x32x1_8x32x1_1x32x1x8_8_1x1_intrawave_v3,768.61,1605.72,0.0
256,6848,8192,512,ck,0,0,72.906,a8w8_blockscale_1x128x128_256x128x128x128_16x16_32x32_2x2_8x32x1_8x32x1_1x32x1x8_8_1x1_intrawave_v3,787.93,1644.56,0.0
256,6728,8192,512,ck,0,0,72.911,a8w8_blockscale_1x128x128_256x128x128x128_16x16_32x32_2x2_8x32x1_8x32x1_1x32x1x8_8_1x1_intrawave_v3,774.07,1616.64,0.0
256,6943,8192,512,ck,0,0,72.9713,a8w8_blockscale_1x128x128_256x128x128x128_16x16_32x32_2x2_8x32x1_8x32x1_1x32x1x8_8_1x1_intrawave_v3,798.15,1665.08,0.0
256,6781,8192,512,ck,0,0,72.9733,a8w8_blockscale_1x128x128_256x128x128x128_16x16_32x32_2x2_8x32x1_8x32x1_1x32x1x8_8_1x1_intrawave_v3,779.51,1627.53,0.0
256,6820,8192,512,ck,0,0,73.0142,a8w8_blockscale_1x128x128_256x128x128x128_16x16_32x32_2x2_8x32x1_8x32x1_1x32x1x8_8_1x1_intrawave_v3,783.55,1635.64,0.0
256,6707,8192,512,ck,0,0,73.0324,a8w8_blockscale_1x128x128_256x128x128x128_16x16_32x32_2x2_8x32x1_8x32x1_1x32x1x8_8_1x1_intrawave_v3,770.38,1609.09,0.0
256,6839,8192,512,ck,0,0,73.0681,a8w8_blockscale_1x128x128_256x128x128x128_16x16_32x32_2x2_8x32x1_8x32x1_1x32x1x8_8_1x1_intrawave_v3,785.15,1638.83,0.0
256,6826,8192,512,ck,0,0,73.0835,a8w8_blockscale_1x128x128_256x128x128x128_16x16_32x32_2x2_8x32x1_8x32x1_1x32x1x8_8_1x1_intrawave_v3,783.5,1635.48,0.0
256,6714,8192,512,ck,0,0,73.0848,a8w8_blockscale_1x128x128_256x128x128x128_16x16_32x32_2x2_8x32x1_8x32x1_1x32x1x8_8_1x1_intrawave_v3,770.63,1609.56,0.0
256,6710,8192,512,ck,0,0,73.0966,a8w8_blockscale_1x128x128_256x128x128x128_16x16_32x32_2x2_8x32x1_8x32x1_1x32x1x8_8_1x1_intrawave_v3,770.04,1608.37,0.0
256,6838,8192,512,ck,0,0,73.1907,a8w8_blockscale_1x128x128_256x128x128x128_16x16_32x32_2x2_8x32x1_8x32x1_1x32x1x8_8_1x1_intrawave_v3,783.72,1635.85,0.0
256,6846,8192,512,ck,0,0,73.2039,a8w8_blockscale_1x128x128_256x128x128x128_16x16_32x32_2x2_8x32x1_8x32x1_1x32x1x8_8_1x1_intrawave_v3,784.5,1637.4,0.0
256,7031,8192,512,ck,0,0,73.2353,a8w8_blockscale_1x128x128_256x128x128x128_16x16_32x32_2x2_8x32x1_8x32x1_1x32x1x8_8_1x1_intrawave_v3,805.35,1679.38,0.0
256,6681,8192,512,ck,0,0,73.2396,a8w8_blockscale_1x128x128_256x128x128x128_16x16_32x32_2x2_8x32x1_8x32x1_1x32x1x8_8_1x1_intrawave_v3,765.22,1598.54,0.0
256,7022,8192,512,ck,0,0,73.2582,a8w8_blockscale_1x128x128_256x128x128x128_16x16_32x32_2x2_8x32x1_8x32x1_1x32x1x8_8_1x1_intrawave_v3,804.07,1676.78,0.0
256,6715,8192,512,ck,0,0,73.268,a8w8_blockscale_1x128x128_256x128x128x128_16x16_32x32_2x2_8x32x1_8x32x1_1x32x1x8_8_1x1_intrawave_v3,768.81,1605.76,0.0
256,6679,8192,512,ck,0,0,73.2718,a8w8_blockscale_1x128x128_256x128x128x128_16x16_32x32_2x2_8x32x1_8x32x1_1x32x1x8_8_1x1_intrawave_v3,764.65,1597.38,0.0
256,6922,8192,512,ck,0,0,73.302,a8w8_blockscale_1x128x128_256x128x128x128_16x16_32x32_2x2_8x32x1_8x32x1_1x32x1x8_8_1x1_intrawave_v3,792.15,1652.73,0.0
256,6851,8192,512,ck,0,0,73.3159,a8w8_blockscale_1x128x128_256x128x128x128_16x16_32x32_2x2_8x32x1_8x32x1_1x32x1x8_8_1x1_intrawave_v3,783.87,1636.05,0.0
256,6956,8192,512,ck,0,0,73.3368,a8w8_blockscale_1x128x128_256x128x128x128_16x16_32x32_2x2_8x32x1_8x32x1_1x32x1x8_8_1x1_intrawave_v3,795.66,1659.78,0.0
256,6713,8192,512,ck,0,0,73.353,a8w8_blockscale_1x128x128_256x128x128x128_16x16_32x32_2x2_8x32x1_8x32x1_1x32x1x8_8_1x1_intrawave_v3,767.69,1603.44,0.0
256,6898,8192,512,ck,0,0,73.4272,a8w8_blockscale_1x128x128_256x128x128x128_16x16_32x32_2x2_8x32x1_8x32x1_1x32x1x8_8_1x1_intrawave_v3,788.05,1644.39,0.0
256,6693,8192,512,ck,0,0,73.4474,a8w8_blockscale_1x128x128_256x128x128x128_16x16_32x32_2x2_8x32x1_8x32x1_1x32x1x8_8_1x1_intrawave_v3,764.42,1596.78,0.0
256,7029,8192,512,ck,0,0,73.4486,a8w8_blockscale_1x128x128_256x128x128x128_16x16_32x32_2x2_8x32x1_8x32x1_1x32x1x8_8_1x1_intrawave_v3,802.79,1674.05,0.0
256,6854,8192,512,ck,0,0,73.4529,a8w8_blockscale_1x128x128_256x128x128x128_16x16_32x32_2x2_8x32x1_8x32x1_1x32x1x8_8_1x1_intrawave_v3,782.75,1633.69,0.0
256,6774,8192,512,ck,0,0,73.4846,a8w8_blockscale_1x128x128_256x128x128x128_16x16_32x32_2x2_8x32x1_8x32x1_1x32x1x8_8_1x1_intrawave_v3,773.28,1614.59,0.0
256,7024,8192,512,ck,0,0,73.5318,a8w8_blockscale_1x128x128_256x128x128x128_16x16_32x32_2x2_8x32x1_8x32x1_1x32x1x8_8_1x1_intrawave_v3,801.31,1671.0,0.0
256,6764,8192,512,ck,0,0,73.585,a8w8_blockscale_1x128x128_256x128x128x128_16x16_32x32_2x2_8x32x1_8x32x1_1x32x1x8_8_1x1_intrawave_v3,771.09,1610.1,0.0
256,6905,8192,512,ck,0,0,73.5933,a8w8_blockscale_1x128x128_256x128x128x128_16x16_32x32_2x2_8x32x1_8x32x1_1x32x1x8_8_1x1_intrawave_v3,787.07,1642.29,0.0
256,6388,8192,512,ck,0,0,73.6152,a8w8_blockscale_1x128x128_256x128x128x128_16x16_32x32_2x2_8x32x1_8x32x1_1x32x1x8_8_1x1_intrawave_v3,727.93,1523.14,0.0
256,7037,8192,512,ck,0,0,73.6166,a8w8_blockscale_1x128x128_256x128x128x128_16x16_32x32_2x2_8x32x1_8x32x1_1x32x1x8_8_1x1_intrawave_v3,801.87,1672.06,0.0
256,6768,8192,512,ck,0,0,73.621,a8w8_blockscale_1x128x128_256x128x128x128_16x16_32x32_2x2_8x32x1_8x32x1_1x32x1x8_8_1x1_intrawave_v3,771.17,1610.23,0.0
256,6761,8192,512,ck,0,0,73.6258,a8w8_blockscale_1x128x128_256x128x128x128_16x16_32x32_2x2_8x32x1_8x32x1_1x32x1x8_8_1x1_intrawave_v3,770.32,1608.51,0.0
256,7030,8192,512,ck,0,0,73.6358,a8w8_blockscale_1x128x128_256x128x128x128_16x16_32x32_2x2_8x32x1_8x32x1_1x32x1x8_8_1x1_intrawave_v3,800.86,1670.02,0.0
256,6825,8192,512,ck,0,0,73.7217,a8w8_blockscale_1x128x128_256x128x128x128_16x16_32x32_2x2_8x32x1_8x32x1_1x32x1x8_8_1x1_intrawave_v3,776.6,1621.09,0.0
256,7153,8192,512,ck,0,0,73.809,a8w8_blockscale_1x128x128_256x128x128x128_16x16_32x32_2x2_8x32x1_8x32x1_1x32x1x8_8_1x1_intrawave_v3,812.96,1694.26,0.0
256,7039,8192,512,ck,0,0,73.8194,a8w8_blockscale_1x128x128_256x128x128x128_16x16_32x32_2x2_8x32x1_8x32x1_1x32x1x8_8_1x1_intrawave_v3,799.89,1667.93,0.0
256,6916,8192,512,ck,0,0,73.8745,a8w8_blockscale_1x128x128_256x128x128x128_16x16_32x32_2x2_8x32x1_8x32x1_1x32x1x8_8_1x1_intrawave_v3,785.33,1638.55,0.0
256,6886,8192,512,ck,0,0,73.8828,a8w8_blockscale_1x128x128_256x128x128x128_16x16_32x32_2x2_8x32x1_8x32x1_1x32x1x8_8_1x1_intrawave_v3,781.83,1631.51,0.0
256,7023,8192,512,ck,0,0,73.9274,a8w8_blockscale_1x128x128_256x128x128x128_16x16_32x32_2x2_8x32x1_8x32x1_1x32x1x8_8_1x1_intrawave_v3,796.91,1661.83,0.0
256,6960,8192,512,ck,0,0,73.9737,a8w8_blockscale_1x128x128_256x128x128x128_16x16_32x32_2x2_8x32x1_8x32x1_1x32x1x8_8_1x1_intrawave_v3,789.26,1646.4,0.0
256,6808,8192,512,ck,0,0,74.001,a8w8_blockscale_1x128x128_256x128x128x128_16x16_32x32_2x2_8x32x1_8x32x1_1x32x1x8_8_1x1_intrawave_v3,771.74,1611.09,0.0
256,6973,8192,512,ck,0,0,74.0167,a8w8_blockscale_1x128x128_256x128x128x128_16x16_32x32_2x2_8x32x1_8x32x1_1x32x1x8_8_1x1_intrawave_v3,790.28,1648.41,0.0
256,6723,8192,512,ck,0,0,74.1113,a8w8_blockscale_1x128x128_256x128x128x128_16x16_32x32_2x2_8x32x1_8x32x1_1x32x1x8_8_1x1_intrawave_v3,760.97,1589.31,0.0
256,6861,8192,512,ck,0,0,74.1129,a8w8_blockscale_1x128x128_256x128x128x128_16x16_32x32_2x2_8x32x1_8x32x1_1x32x1x8_8_1x1_intrawave_v3,776.58,1620.74,0.0
256,6806,8192,512,ck,0,0,74.1134,a8w8_blockscale_1x128x128_256x128x128x128_16x16_32x32_2x2_8x32x1_8x32x1_1x32x1x8_8_1x1_intrawave_v3,770.34,1608.19,0.0
256,7118,8192,512,ck,0,0,74.1234,a8w8_blockscale_1x128x128_256x128x128x128_16x16_32x32_2x2_8x32x1_8x32x1_1x32x1x8_8_1x1_intrawave_v3,805.55,1679.09,0.0
256,6920,8192,512,ck,0,0,74.1432,a8w8_blockscale_1x128x128_256x128x128x128_16x16_32x32_2x2_8x32x1_8x32x1_1x32x1x8_8_1x1_intrawave_v3,782.93,1633.52,0.0
256,7034,8192,512,ck,0,0,74.1634,a8w8_blockscale_1x128x128_256x128x128x128_16x16_32x32_2x2_8x32x1_8x32x1_1x32x1x8_8_1x1_intrawave_v3,795.61,1659.05,0.0
256,6836,8192,512,ck,0,0,74.1649,a8w8_blockscale_1x128x128_256x128x128x128_16x16_32x32_2x2_8x32x1_8x32x1_1x32x1x8_8_1x1_intrawave_v3,773.2,1613.91,0.0
256,6778,8192,512,ck,0,0,74.1685,a8w8_blockscale_1x128x128_256x128x128x128_16x16_32x32_2x2_8x32x1_8x32x1_1x32x1x8_8_1x1_intrawave_v3,766.61,1600.62,0.0
256,6930,8192,512,ck,0,0,74.1904,a8w8_blockscale_1x128x128_256x128x128x128_16x16_32x32_2x2_8x32x1_8x32x1_1x32x1x8_8_1x1_intrawave_v3,783.57,1634.76,0.0
256,7065,8192,512,ck,0,0,74.1934,a8w8_blockscale_1x128x128_256x128x128x128_16x16_32x32_2x2_8x32x1_8x32x1_1x32x1x8_8_1x1_intrawave_v3,798.8,1665.44,0.0
256,6807,8192,512,ck,0,0,74.2354,a8w8_blockscale_1x128x128_256x128x128x128_16x16_32x32_2x2_8x32x1_8x32x1_1x32x1x8_8_1x1_intrawave_v3,769.19,1605.78,0.0
256,6932,8192,512,ck,0,0,74.2652,a8w8_blockscale_1x128x128_256x128x128x128_16x16_32x32_2x2_8x32x1_8x32x1_1x32x1x8_8_1x1_intrawave_v3,783.0,1633.57,0.0
256,6953,8192,512,ck,0,0,74.2937,a8w8_blockscale_1x128x128_256x128x128x128_16x16_32x32_2x2_8x32x1_8x32x1_1x32x1x8_8_1x1_intrawave_v3,785.07,1637.72,0.0
256,6941,8192,512,ck,0,0,74.2976,a8w8_blockscale_1x128x128_256x128x128x128_16x16_32x32_2x2_8x32x1_8x32x1_1x32x1x8_8_1x1_intrawave_v3,783.68,1634.9,0.0
256,7089,8192,512,ck,0,0,74.303,a8w8_blockscale_1x128x128_256x128x128x128_16x16_32x32_2x2_8x32x1_8x32x1_1x32x1x8_8_1x1_intrawave_v3,800.33,1668.44,0.0
256,6959,8192,512,ck,0,0,74.3044,a8w8_blockscale_1x128x128_256x128x128x128_16x16_32x32_2x2_8x32x1_8x32x1_1x32x1x8_8_1x1_intrawave_v3,785.64,1638.85,0.0
256,6939,8192,512,ck,0,0,74.3052,a8w8_blockscale_1x128x128_256x128x128x128_16x16_32x32_2x2_8x32x1_8x32x1_1x32x1x8_8_1x1_intrawave_v3,783.37,1634.28,0.0
256,7149,8192,512,ck,0,0,74.3266,a8w8_blockscale_1x128x128_256x128x128x128_16x16_32x32_2x2_8x32x1_8x32x1_1x32x1x8_8_1x1_intrawave_v3,806.85,1681.55,0.0
256,7110,8192,512,ck,0,0,74.333,a8w8_blockscale_1x128x128_256x128x128x128_16x16_32x32_2x2_8x32x1_8x32x1_1x32x1x8_8_1x1_intrawave_v3,802.38,1672.54,0.0
256,7016,8192,512,ck,0,0,74.4141,a8w8_blockscale_1x128x128_256x128x128x128_16x16_32x32_2x2_8x32x1_8x32x1_1x32x1x8_8_1x1_intrawave_v3,790.9,1649.37,0.0
256,6664,8192,512,ck,0,0,74.419,a8w8_blockscale_1x128x128_256x128x128x128_16x16_32x32_2x2_8x32x1_8x32x1_1x32x1x8_8_1x1_intrawave_v3,751.17,1569.35,0.0
256,7151,8192,512,ck,0,0,74.4406,a8w8_blockscale_1x128x128_256x128x128x128_16x16_32x32_2x2_8x32x1_8x32x1_1x32x1x8_8_1x1_intrawave_v3,805.84,1679.43,0.0
256,7036,8192,512,ck,0,0,74.4582,a8w8_blockscale_1x128x128_256x128x128x128_16x16_32x32_2x2_8x32x1_8x32x1_1x32x1x8_8_1x1_intrawave_v3,792.69,1652.93,0.0
256,6682,8192,512,ck,0,0,74.4616,a8w8_blockscale_1x128x128_256x128x128x128_16x16_32x32_2x2_8x32x1_8x32x1_1x32x1x8_8_1x1_intrawave_v3,752.77,1572.53,0.0
256,6871,8192,512,ck,0,0,74.4891,a8w8_blockscale_1x128x128_256x128x128x128_16x16_32x32_2x2_8x32x1_8x32x1_1x32x1x8_8_1x1_intrawave_v3,773.78,1614.82,0.0
256,6661,8192,512,ck,0,0,74.5194,a8w8_blockscale_1x128x128_256x128x128x128_16x16_32x32_2x2_8x32x1_8x32x1_1x32x1x8_8_1x1_intrawave_v3,749.83,1566.55,0.0
256,7074,8192,512,ck,0,0,74.5202,a8w8_blockscale_1x128x128_256x128x128x128_16x16_32x32_2x2_8x32x1_8x32x1_1x32x1x8_8_1x1_intrawave_v3,796.31,1660.18,0.0
256,6885,8192,512,ck,0,0,74.5241,a8w8_blockscale_1x128x128_256x128x128x128_16x16_32x32_2x2_8x32x1_8x32x1_1x32x1x8_8_1x1_intrawave_v3,774.99,1617.24,0.0
256,6986,8192,512,ck,0,0,74.5476,a8w8_blockscale_1x128x128_256x128x128x128_16x16_32x32_2x2_8x32x1_8x32x1_1x32x1x8_8_1x1_intrawave_v3,786.11,1639.62,0.0
256,6874,8192,512,ck,0,0,74.5884,a8w8_blockscale_1x128x128_256x128x128x128_16x16_32x32_2x2_8x32x1_8x32x1_1x32x1x8_8_1x1_intrawave_v3,773.09,1613.35,0.0
256,6985,8192,512,ck,0,0,74.5949,a8w8_blockscale_1x128x128_256x128x128x128_16x16_32x32_2x2_8x32x1_8x32x1_1x32x1x8_8_1x1_intrawave_v3,785.5,1638.35,0.0
256,7020,8192,512,ck,0,0,74.5986,a8w8_blockscale_1x128x128_256x128x128x128_16x16_32x32_2x2_8x32x1_8x32x1_1x32x1x8_8_1x1_intrawave_v3,789.4,1646.2,0.0
256,7155,8192,512,ck,0,0,74.5994,a8w8_blockscale_1x128x128_256x128x128x128_16x16_32x32_2x2_8x32x1_8x32x1_1x32x1x8_8_1x1_intrawave_v3,804.57,1676.76,0.0
256,6816,8192,512,ck,0,0,74.6082,a8w8_blockscale_1x128x128_256x128x128x128_16x16_32x32_2x2_8x32x1_8x32x1_1x32x1x8_8_1x1_intrawave_v3,766.36,1599.79,0.0
256,6786,8192,512,ck,0,0,74.6099,a8w8_blockscale_1x128x128_256x128x128x128_16x16_32x32_2x2_8x32x1_8x32x1_1x32x1x8_8_1x1_intrawave_v3,762.97,1592.96,0.0
256,6883,8192,512,ck,0,0,74.6337,a8w8_blockscale_1x128x128_256x128x128x128_16x16_32x32_2x2_8x32x1_8x32x1_1x32x1x8_8_1x1_intrawave_v3,773.63,1614.41,0.0
256,6981,8192,512,ck,0,0,74.6393,a8w8_blockscale_1x128x128_256x128x128x128_16x16_32x32_2x2_8x32x1_8x32x1_1x32x1x8_8_1x1_intrawave_v3,784.58,1636.47,0.0
256,7156,8192,512,ck,0,0,74.657,a8w8_blockscale_1x128x128_256x128x128x128_16x16_32x32_2x2_8x32x1_8x32x1_1x32x1x8_8_1x1_intrawave_v3,804.06,1675.69,0.0
256,6982,8192,512,ck,0,0,74.6685,a8w8_blockscale_1x128x128_256x128x128x128_16x16_32x32_2x2_8x32x1_8x32x1_1x32x1x8_8_1x1_intrawave_v3,784.39,1636.06,0.0
256,7021,8192,512,ck,0,0,74.6798,a8w8_blockscale_1x128x128_256x128x128x128_16x16_32x32_2x2_8x32x1_8x32x1_1x32x1x8_8_1x1_intrawave_v3,788.65,1644.64,0.0
256,7162,8192,512,ck,0,0,74.6954,a8w8_blockscale_1x128x128_256x128x128x128_16x16_32x32_2x2_8x32x1_8x32x1_1x32x1x8_8_1x1_intrawave_v3,804.32,1676.19,0.0
256,6864,8192,512,ck,0,0,74.7019,a8w8_blockscale_1x128x128_256x128x128x128_16x16_32x32_2x2_8x32x1_8x32x1_1x32x1x8_8_1x1_intrawave_v3,770.79,1608.64,0.0
256,7015,8192,512,ck,0,0,74.7359,a8w8_blockscale_1x128x128_256x128x128x128_16x16_32x32_2x2_8x32x1_8x32x1_1x32x1x8_8_1x1_intrawave_v3,787.39,1642.05,0.0
256,6949,8192,512,ck,0,0,74.7411,a8w8_blockscale_1x128x128_256x128x128x128_16x16_32x32_2x2_8x32x1_8x32x1_1x32x1x8_8_1x1_intrawave_v3,779.92,1627.01,0.0
256,6678,8192,512,ck,0,0,74.7574,a8w8_blockscale_1x128x128_256x128x128x128_16x16_32x32_2x2_8x32x1_8x32x1_1x32x1x8_8_1x1_intrawave_v3,749.35,1565.41,0.0
256,7069,8192,512,ck,0,0,74.7622,a8w8_blockscale_1x128x128_256x128x128x128_16x16_32x32_2x2_8x32x1_8x32x1_1x32x1x8_8_1x1_intrawave_v3,793.17,1653.67,0.0
256,7025,8192,512,ck,0,0,74.7792,a8w8_blockscale_1x128x128_256x128x128x128_16x16_32x32_2x2_8x32x1_8x32x1_1x32x1x8_8_1x1_intrawave_v3,788.05,1643.35,0.0
256,7126,8192,512,ck,0,0,74.7806,a8w8_blockscale_1x128x128_256x128x128x128_16x16_32x32_2x2_8x32x1_8x32x1_1x32x1x8_8_1x1_intrawave_v3,799.37,1666.14,0.0
256,7075,8192,512,ck,0,0,74.864,a8w8_blockscale_1x128x128_256x128x128x128_16x16_32x32_2x2_8x32x1_8x32x1_1x32x1x8_8_1x1_intrawave_v3,792.76,1652.78,0.0
256,6921,8192,512,ck,0,0,74.8814,a8w8_blockscale_1x128x128_256x128x128x128_16x16_32x32_2x2_8x32x1_8x32x1_1x32x1x8_8_1x1_intrawave_v3,775.33,1617.64,0.0
256,6976,8192,512,ck,0,0,74.8945,a8w8_blockscale_1x128x128_256x128x128x128_16x16_32x32_2x2_8x32x1_8x32x1_1x32x1x8_8_1x1_intrawave_v3,781.35,1629.77,0.0
256,6599,8192,512,ck,0,0,74.9022,a8w8_blockscale_1x128x128_256x128x128x128_16x16_32x32_2x2_8x32x1_8x32x1_1x32x1x8_8_1x1_intrawave_v3,739.05,1544.56,0.0
256,6942,8192,512,ck,0,0,74.9101,a8w8_blockscale_1x128x128_256x128x128x128_16x16_32x32_2x2_8x32x1_8x32x1_1x32x1x8_8_1x1_intrawave_v3,777.38,1621.76,0.0
256,6811,8192,512,ck,0,0,74.916,a8w8_blockscale_1x128x128_256x128x128x128_16x16_32x32_2x2_8x32x1_8x32x1_1x32x1x8_8_1x1_intrawave_v3,762.65,1592.09,0.0
256,7095,8192,512,ck,0,0,74.9278,a8w8_blockscale_1x128x128_256x128x128x128_16x16_32x32_2x2_8x32x1_8x32x1_1x32x1x8_8_1x1_intrawave_v3,794.33,1655.88,0.0
256,6979,8192,512,ck,0,0,74.9661,a8w8_blockscale_1x128x128_256x128x128x128_16x16_32x32_2x2_8x32x1_8x32x1_1x32x1x8_8_1x1_intrawave_v3,780.94,1628.89,0.0
256,7092,8192,512,ck,0,0,74.971,a8w8_blockscale_1x128x128_256x128x128x128_16x16_32x32_2x2_8x32x1_8x32x1_1x32x1x8_8_1x1_intrawave_v3,793.53,1654.25,0.0
256,7007,8192,512,ck,0,0,74.9999,a8w8_blockscale_1x128x128_256x128x128x128_16x16_32x32_2x2_8x32x1_8x32x1_1x32x1x8_8_1x1_intrawave_v3,783.72,1634.46,0.0
256,7066,8192,512,ck,0,0,75.0134,a8w8_blockscale_1x128x128_256x128x128x128_16x16_32x32_2x2_8x32x1_8x32x1_1x32x1x8_8_1x1_intrawave_v3,790.18,1647.46,0.0
256,6890,8192,512,ck,0,0,75.0165,a8w8_blockscale_1x128x128_256x128x128x128_16x16_32x32_2x2_8x32x1_8x32x1_1x32x1x8_8_1x1_intrawave_v3,770.46,1607.75,0.0
256,6881,8192,512,ck,0,0,75.0341,a8w8_blockscale_1x128x128_256x128x128x128_16x16_32x32_2x2_8x32x1_8x32x1_1x32x1x8_8_1x1_intrawave_v3,769.28,1605.35,0.0
256,4108,6144,1536,ck,0,0,75.1006,a8w8_blockscale_1x128x128_256x128x128x128_16x16_32x32_2x2_8x32x1_8x32x1_1x32x1x8_8_1x1_intrawave_v3,1032.43,881.83,0.0
256,6915,8192,512,ck,0,0,75.1089,a8w8_blockscale_1x128x128_256x128x128x128_16x16_32x32_2x2_8x32x1_8x32x1_1x32x1x8_8_1x1_intrawave_v3,772.31,1611.4,0.0
256,7144,8192,512,ck,0,0,75.1134,a8w8_blockscale_1x128x128_256x128x128x128_16x16_32x32_2x2_8x32x1_8x32x1_1x32x1x8_8_1x1_intrawave_v3,797.84,1662.81,0.0
256,7049,8192,512,ck,0,0,75.149,a8w8_blockscale_1x128x128_256x128x128x128_16x16_32x32_2x2_8x32x1_8x32x1_1x32x1x8_8_1x1_intrawave_v3,786.85,1640.66,0.0
256,7090,8192,512,ck,0,0,75.1658,a8w8_blockscale_1x128x128_256x128x128x128_16x16_32x32_2x2_8x32x1_8x32x1_1x32x1x8_8_1x1_intrawave_v3,791.25,1649.51,0.0
256,7018,8192,512,ck,0,0,75.1773,a8w8_blockscale_1x128x128_256x128x128x128_16x16_32x32_2x2_8x32x1_8x32x1_1x32x1x8_8_1x1_intrawave_v3,783.1,1633.08,0.0
256,6809,8192,512,ck,0,0,75.1803,a8w8_blockscale_1x128x128_256x128x128x128_16x16_32x32_2x2_8x32x1_8x32x1_1x32x1x8_8_1x1_intrawave_v3,759.75,1586.04,0.0
256,6945,8192,512,ck,0,0,75.1972,a8w8_blockscale_1x128x128_256x128x128x128_16x16_32x32_2x2_8x32x1_8x32x1_1x32x1x8_8_1x1_intrawave_v3,774.75,1616.24,0.0
256,7072,8192,512,ck,0,0,75.2158,a8w8_blockscale_1x128x128_256x128x128x128_16x16_32x32_2x2_8x32x1_8x32x1_1x32x1x8_8_1x1_intrawave_v3,788.72,1644.37,0.0
256,7115,8192,512,ck,0,0,75.2202,a8w8_blockscale_1x128x128_256x128x128x128_16x16_32x32_2x2_8x32x1_8x32x1_1x32x1x8_8_1x1_intrawave_v3,793.47,1653.94,0.0
256,7108,8192,512,ck,0,0,75.2374,a8w8_blockscale_1x128x128_256x128x128x128_16x16_32x32_2x2_8x32x1_8x32x1_1x32x1x8_8_1x1_intrawave_v3,792.51,1651.99,0.0
256,6978,8192,512,ck,0,0,75.2492,a8w8_blockscale_1x128x128_256x128x128x128_16x16_32x32_2x2_8x32x1_8x32x1_1x32x1x8_8_1x1_intrawave_v3,777.89,1622.54,0.0
256,7076,8192,512,ck,0,0,75.3094,a8w8_blockscale_1x128x128_256x128x128x128_16x16_32x32_2x2_8x32x1_8x32x1_1x32x1x8_8_1x1_intrawave_v3,788.19,1643.23,0.0
256,7113,8192,512,ck,0,0,75.3122,a8w8_blockscale_1x128x128_256x128x128x128_16x16_32x32_2x2_8x32x1_8x32x1_1x32x1x8_8_1x1_intrawave_v3,792.28,1651.47,0.0
256,6929,8192,512,ck,0,0,75.3501,a8w8_blockscale_1x128x128_256x128x128x128_16x16_32x32_2x2_8x32x1_8x32x1_1x32x1x8_8_1x1_intrawave_v3,771.39,1609.38,0.0
256,6810,8192,512,ck,0,0,75.3615,a8w8_blockscale_1x128x128_256x128x128x128_16x16_32x32_2x2_8x32x1_8x32x1_1x32x1x8_8_1x1_intrawave_v3,758.03,1582.45,0.0
256,7157,8192,512,ck,0,0,75.3678,a8w8_blockscale_1x128x128_256x128x128x128_16x16_32x32_2x2_8x32x1_8x32x1_1x32x1x8_8_1x1_intrawave_v3,796.59,1660.11,0.0
256,7102,8192,512,ck,0,0,75.411,a8w8_blockscale_1x128x128_256x128x128x128_16x16_32x32_2x2_8x32x1_8x32x1_1x32x1x8_8_1x1_intrawave_v3,790.02,1646.84,0.0
256,7114,8192,512,ck,0,0,75.4206,a8w8_blockscale_1x128x128_256x128x128x128_16x16_32x32_2x2_8x32x1_8x32x1_1x32x1x8_8_1x1_intrawave_v3,791.25,1649.32,0.0
256,7107,8192,512,ck,0,0,75.4349,a8w8_blockscale_1x128x128_256x128x128x128_16x16_32x32_2x2_8x32x1_8x32x1_1x32x1x8_8_1x1_intrawave_v3,790.32,1647.44,0.0
256,4112,6144,1536,ck,0,0,75.4754,a8w8_blockscale_1x128x128_256x128x128x128_16x16_32x32_2x2_8x32x1_8x32x1_1x32x1x8_8_1x1_intrawave_v3,1028.3,878.19,0.0
256,7148,8192,512,ck,0,0,75.5066,a8w8_blockscale_1x128x128_256x128x128x128_16x16_32x32_2x2_8x32x1_8x32x1_1x32x1x8_8_1x1_intrawave_v3,794.13,1655.05,0.0
256,7063,8192,512,ck,0,0,75.6754,a8w8_blockscale_1x128x128_256x128x128x128_16x16_32x32_2x2_8x32x1_8x32x1_1x32x1x8_8_1x1_intrawave_v3,782.93,1632.38,0.0
256,6812,8192,512,ck,0,0,75.6764,a8w8_blockscale_1x128x128_256x128x128x128_16x16_32x32_2x2_8x32x1_8x32x1_1x32x1x8_8_1x1_intrawave_v3,755.1,1576.32,0.0
256,7232,8192,512,ck,0,0,75.6889,a8w8_blockscale_1x128x128_256x128x128x128_16x16_32x32_2x2_8x32x1_8x32x1_1x32x1x8_8_1x1_intrawave_v3,801.52,1669.81,0.0
256,7131,8192,512,ck,0,0,75.7098,a8w8_blockscale_1x128x128_256x128x128x128_16x16_32x32_2x2_8x32x1_8x32x1_1x32x1x8_8_1x1_intrawave_v3,790.11,1646.81,0.0
256,7058,8192,512,ck,0,0,75.7166,a8w8_blockscale_1x128x128_256x128x128x128_16x16_32x32_2x2_8x32x1_8x32x1_1x32x1x8_8_1x1_intrawave_v3,781.95,1630.37,0.0
256,7164,8192,512,ck,0,0,75.7514,a8w8_blockscale_1x128x128_256x128x128x128_16x16_32x32_2x2_8x32x1_8x32x1_1x32x1x8_8_1x1_intrawave_v3,793.33,1653.27,0.0
256,7097,8192,512,ck,0,0,75.7566,a8w8_blockscale_1x128x128_256x128x128x128_16x16_32x32_2x2_8x32x1_8x32x1_1x32x1x8_8_1x1_intrawave_v3,785.86,1638.21,0.0
256,1185,7168,4096,ck,0,0,75.8547,a8w8_blockscale_1x128x128_256x128x128x128_16x16_32x32_2x2_8x32x1_8x32x1_1x32x1x8_8_1x1_intrawave_v3,917.33,675.0,0.0
256,7167,8192,512,ck,0,0,75.8658,a8w8_blockscale_1x128x128_256x128x128x128_16x16_32x32_2x2_8x32x1_8x32x1_1x32x1x8_8_1x1_intrawave_v3,792.47,1651.44,0.0
256,4107,6144,1536,ck,0,0,75.8786,a8w8_blockscale_1x128x128_256x128x128x128_16x16_32x32_2x2_8x32x1_8x32x1_1x32x1x8_8_1x1_intrawave_v3,1021.59,872.61,0.0
256,6813,8192,512,ck,0,0,75.8831,a8w8_blockscale_1x128x128_256x128x128x128_16x16_32x32_2x2_8x32x1_8x32x1_1x32x1x8_8_1x1_intrawave_v3,753.15,1572.24,0.0
256,7061,8192,512,ck,0,0,75.9138,a8w8_blockscale_1x128x128_256x128x128x128_16x16_32x32_2x2_8x32x1_8x32x1_1x32x1x8_8_1x1_intrawave_v3,780.25,1626.81,0.0
256,7111,8192,512,ck,0,0,75.9802,a8w8_blockscale_1x128x128_256x128x128x128_16x16_32x32_2x2_8x32x1_8x32x1_1x32x1x8_8_1x1_intrawave_v3,785.09,1636.5,0.0
256,7121,8192,512,ck,0,0,76.0022,a8w8_blockscale_1x128x128_256x128x128x128_16x16_32x32_2x2_8x32x1_8x32x1_1x32x1x8_8_1x1_intrawave_v3,785.97,1638.25,0.0
256,7163,8192,512,ck,0,0,76.0242,a8w8_blockscale_1x128x128_256x128x128x128_16x16_32x32_2x2_8x32x1_8x32x1_1x32x1x8_8_1x1_intrawave_v3,790.37,1647.11,0.0
256,4252,6144,1536,ck,0,0,76.025,a8w8_blockscale_1x128x128_256x128x128x128_16x16_32x32_2x2_8x32x1_8x32x1_1x32x1x8_8_1x1_intrawave_v3,1055.62,897.29,0.0
256,6996,8192,512,ck,0,0,76.1309,a8w8_blockscale_1x128x128_256x128x128x128_16x16_32x32_2x2_8x32x1_8x32x1_1x32x1x8_8_1x1_intrawave_v3,770.87,1607.74,0.0
256,7159,8192,512,ck,0,0,76.1978,a8w8_blockscale_1x128x128_256x128x128x128_16x16_32x32_2x2_8x32x1_8x32x1_1x32x1x8_8_1x1_intrawave_v3,788.13,1642.47,0.0
256,7009,8192,512,ck,0,0,76.2669,a8w8_blockscale_1x128x128_256x128x128x128_16x16_32x32_2x2_8x32x1_8x32x1_1x32x1x8_8_1x1_intrawave_v3,770.92,1607.75,0.0
256,7000,8192,512,ck,0,0,76.2773,a8w8_blockscale_1x128x128_256x128x128x128_16x16_32x32_2x2_8x32x1_8x32x1_1x32x1x8_8_1x1_intrawave_v3,769.83,1605.54,0.0
256,7165,8192,512,ck,0,0,76.3662,a8w8_blockscale_1x128x128_256x128x128x128_16x16_32x32_2x2_8x32x1_8x32x1_1x32x1x8_8_1x1_intrawave_v3,787.05,1640.18,0.0
256,4244,6144,1536,ck,0,0,76.401,a8w8_blockscale_1x128x128_256x128x128x128_16x16_32x32_2x2_8x32x1_8x32x1_1x32x1x8_8_1x1_intrawave_v3,1048.45,891.43,0.0
256,4245,6144,1536,ck,0,0,76.4018,a8w8_blockscale_1x128x128_256x128x128x128_16x16_32x32_2x2_8x32x1_8x32x1_1x32x1x8_8_1x1_intrawave_v3,1048.69,891.6,0.0
256,7285,8192,512,ck,0,0,76.4798,a8w8_blockscale_1x128x128_256x128x128x128_16x16_32x32_2x2_8x32x1_8x32x1_1x32x1x8_8_1x1_intrawave_v3,799.05,1664.25,0.0
256,4123,6144,1536,ck,0,0,76.5018,a8w8_blockscale_1x128x128_256x128x128x128_16x16_32x32_2x2_8x32x1_8x32x1_1x32x1x8_8_1x1_intrawave_v3,1017.22,868.39,0.0
256,7222,8192,512,ck,0,0,76.5029,a8w8_blockscale_1x128x128_256x128x128x128_16x16_32x32_2x2_8x32x1_8x32x1_1x32x1x8_8_1x1_intrawave_v3,791.9,1649.84,0.0
256,7184,8192,512,ck,0,0,76.5405,a8w8_blockscale_1x128x128_256x128x128x128_16x16_32x32_2x2_8x32x1_8x32x1_1x32x1x8_8_1x1_intrawave_v3,787.34,1640.64,0.0
256,7206,8192,512,ck,0,0,76.6045,a8w8_blockscale_1x128x128_256x128x128x128_16x16_32x32_2x2_8x32x1_8x32x1_1x32x1x8_8_1x1_intrawave_v3,789.1,1644.12,0.0
256,7215,8192,512,ck,0,0,76.6365,a8w8_blockscale_1x128x128_256x128x128x128_16x16_32x32_2x2_8x32x1_8x32x1_1x32x1x8_8_1x1_intrawave_v3,789.75,1645.42,0.0
256,7256,8192,512,ck,0,0,76.6431,a8w8_blockscale_1x128x128_256x128x128x128_16x16_32x32_2x2_8x32x1_8x32x1_1x32x1x8_8_1x1_intrawave_v3,794.17,1654.31,0.0
256,1265,7168,4096,ck,0,0,76.6454,a8w8_blockscale_1x128x128_256x128x128x128_16x16_32x32_2x2_8x32x1_8x32x1_1x32x1x8_8_1x1_intrawave_v3,969.15,687.28,0.0
256,7220,8192,512,ck,0,0,76.7274,a8w8_blockscale_1x128x128_256x128x128x128_16x16_32x32_2x2_8x32x1_8x32x1_1x32x1x8_8_1x1_intrawave_v3,789.36,1644.57,0.0
256,7393,8192,512,ck,0,0,76.7591,a8w8_blockscale_1x128x128_256x128x128x128_16x16_32x32_2x2_8x32x1_8x32x1_1x32x1x8_8_1x1_intrawave_v3,807.94,1681.97,0.0
256,4176,6144,1536,ck,0,0,76.7635,a8w8_blockscale_1x128x128_256x128x128x128_16x16_32x32_2x2_8x32x1_8x32x1_1x32x1x8_8_1x1_intrawave_v3,1026.78,874.98,0.0
256,464,9216,7168,ck,18,0,76.789,a8w8_blockscale_1x128x128_256x64x64x256_16x16_32x32_1x1_16x16x1_16x16x1_1x32x1x8_8_1x1_intrawave_v1,798.34,1014.97,0.0
256,7041,8192,512,ck,0,0,76.7942,a8w8_blockscale_1x128x128_256x128x128x128_16x16_32x32_2x2_8x32x1_8x32x1_1x32x1x8_8_1x1_intrawave_v3,769.12,1603.75,0.0
256,7356,8192,512,ck,0,0,76.8211,a8w8_blockscale_1x128x128_256x128x128x128_16x16_32x32_2x2_8x32x1_8x32x1_1x32x1x8_8_1x1_intrawave_v3,803.25,1672.47,0.0
256,7293,8192,512,ck,0,0,76.873,a8w8_blockscale_1x128x128_256x128x128x128_16x16_32x32_2x2_8x32x1_8x32x1_1x32x1x8_8_1x1_intrawave_v3,795.83,1657.5,0.0
256,7237,8192,512,ck,0,0,76.8801,a8w8_blockscale_1x128x128_256x128x128x128_16x16_32x32_2x2_8x32x1_8x32x1_1x32x1x8_8_1x1_intrawave_v3,789.65,1645.04,0.0
256,3258,8192,1536,ck,0,0,76.881,a8w8_blockscale_1x128x128_256x128x128x128_16x16_32x32_2x2_8x32x1_8x32x1_1x32x1x8_8_1x1_intrawave_v3,1066.46,923.07,0.0
256,7329,8192,512,ck,0,0,76.8822,a8w8_blockscale_1x128x128_256x128x128x128_16x16_32x32_2x2_8x32x1_8x32x1_1x32x1x8_8_1x1_intrawave_v3,799.67,1665.21,0.0
256,7279,8192,512,ck,0,0,76.8906,a8w8_blockscale_1x128x128_256x128x128x128_16x16_32x32_2x2_8x32x1_8x32x1_1x32x1x8_8_1x1_intrawave_v3,794.12,1654.04,0.0
256,7265,8192,512,ck,0,0,76.9039,a8w8_blockscale_1x128x128_256x128x128x128_16x16_32x32_2x2_8x32x1_8x32x1_1x32x1x8_8_1x1_intrawave_v3,792.46,1650.68,0.0
256,7218,8192,512,ck,0,0,76.9071,a8w8_blockscale_1x128x128_256x128x128x128_16x16_32x32_2x2_8x32x1_8x32x1_1x32x1x8_8_1x1_intrawave_v3,787.3,1640.29,0.0
256,7231,8192,512,ck,0,0,76.9569,a8w8_blockscale_1x128x128_256x128x128x128_16x16_32x32_2x2_8x32x1_8x32x1_1x32x1x8_8_1x1_intrawave_v3,788.21,1642.08,0.0
256,4484,6144,1536,ck,0,0,76.9798,a8w8_blockscale_1x128x128_256x128x128x128_16x16_32x32_2x2_8x32x1_8x32x1_1x32x1x8_8_1x1_intrawave_v3,1099.41,927.83,0.0
256,4294,6144,1536,ck,0,0,76.9962,a8w8_blockscale_1x128x128_256x128x128x128_16x16_32x32_2x2_8x32x1_8x32x1_1x32x1x8_8_1x1_intrawave_v3,1052.6,893.52,0.0
256,7199,8192,512,ck,0,0,77.0258,a8w8_blockscale_1x128x128_256x128x128x128_16x16_32x32_2x2_8x32x1_8x32x1_1x32x1x8_8_1x1_intrawave_v3,784.02,1633.59,0.0
256,7364,8192,512,ck,0,0,77.0846,a8w8_blockscale_1x128x128_256x128x128x128_16x16_32x32_2x2_8x32x1_8x32x1_1x32x1x8_8_1x1_intrawave_v3,801.38,1668.51,0.0
256,7420,8192,512,ck,0,0,77.0859,a8w8_blockscale_1x128x128_256x128x128x128_16x16_32x32_2x2_8x32x1_8x32x1_1x32x1x8_8_1x1_intrawave_v3,807.46,1680.76,0.0
256,7372,8192,512,ck,0,0,77.0934,a8w8_blockscale_1x128x128_256x128x128x128_16x16_32x32_2x2_8x32x1_8x32x1_1x32x1x8_8_1x1_intrawave_v3,802.15,1670.07,0.0
256,4180,6144,1536,ck,0,0,77.1347,a8w8_blockscale_1x128x128_256x128x128x128_16x16_32x32_2x2_8x32x1_8x32x1_1x32x1x8_8_1x1_intrawave_v3,1022.82,871.48,0.0
256,1255,7168,4096,ck,0,0,77.1382,a8w8_blockscale_1x128x128_256x128x128x128_16x16_32x32_2x2_8x32x1_8x32x1_1x32x1x8_8_1x1_intrawave_v3,955.35,680.5,0.0
256,7354,8192,512,ck,0,0,77.1383,a8w8_blockscale_1x128x128_256x128x128x128_16x16_32x32_2x2_8x32x1_8x32x1_1x32x1x8_8_1x1_intrawave_v3,799.73,1665.16,0.0
256,7303,8192,512,ck,0,0,77.2331,a8w8_blockscale_1x128x128_256x128x128x128_16x16_32x32_2x2_8x32x1_8x32x1_1x32x1x8_8_1x1_intrawave_v3,793.21,1651.96,0.0
256,7337,8192,512,ck,0,0,77.2502,a8w8_blockscale_1x128x128_256x128x128x128_16x16_32x32_2x2_8x32x1_8x32x1_1x32x1x8_8_1x1_intrawave_v3,796.73,1659.03,0.0
256,7417,8192,512,ck,0,0,77.2593,a8w8_blockscale_1x128x128_256x128x128x128_16x16_32x32_2x2_8x32x1_8x32x1_1x32x1x8_8_1x1_intrawave_v3,805.32,1676.33,0.0
256,7403,8192,512,ck,0,0,77.2646,a8w8_blockscale_1x128x128_256x128x128x128_16x16_32x32_2x2_8x32x1_8x32x1_1x32x1x8_8_1x1_intrawave_v3,803.74,1673.15,0.0
256,7235,8192,512,ck,0,0,77.2853,a8w8_blockscale_1x128x128_256x128x128x128_16x16_32x32_2x2_8x32x1_8x32x1_1x32x1x8_8_1x1_intrawave_v3,785.29,1635.98,0.0
256,7385,8192,512,ck,0,0,77.2862,a8w8_blockscale_1x128x128_256x128x128x128_16x16_32x32_2x2_8x32x1_8x32x1_1x32x1x8_8_1x1_intrawave_v3,801.56,1668.75,0.0
256,7680,8192,512,ck,0,0,77.3079,a8w8_blockscale_1x128x128_256x128x128x128_16x16_32x32_2x2_8x32x1_8x32x1_1x32x1x8_8_1x1_intrawave_v3,833.35,1732.75,0.0
256,7314,8192,512,ck,0,0,77.3111,a8w8_blockscale_1x128x128_256x128x128x128_16x16_32x32_2x2_8x32x1_8x32x1_1x32x1x8_8_1x1_intrawave_v3,793.6,1652.69,0.0
256,7306,8192,512,ck,0,0,77.3994,a8w8_blockscale_1x128x128_256x128x128x128_16x16_32x32_2x2_8x32x1_8x32x1_1x32x1x8_8_1x1_intrawave_v3,791.83,1649.06,0.0
256,7408,8192,512,ck,0,0,77.435,a8w8_blockscale_1x128x128_256x128x128x128_16x16_32x32_2x2_8x32x1_8x32x1_1x32x1x8_8_1x1_intrawave_v3,802.52,1670.56,0.0
256,480,9216,7168,ck,18,0,77.4762,a8w8_blockscale_1x128x128_256x64x64x256_16x16_32x32_1x1_16x16x1_16x16x1_1x32x1x8_8_1x1_intrawave_v1,818.55,1011.26,0.0
256,7423,8192,512,ck,0,0,77.4866,a8w8_blockscale_1x128x128_256x128x128x128_16x16_32x32_2x2_8x32x1_8x32x1_1x32x1x8_8_1x1_intrawave_v3,803.61,1672.72,0.0
256,7330,8192,512,ck,0,0,77.4963,a8w8_blockscale_1x128x128_256x128x128x128_16x16_32x32_2x2_8x32x1_8x32x1_1x32x1x8_8_1x1_intrawave_v3,793.44,1652.23,0.0
256,7249,8192,512,ck,0,0,77.5098,a8w8_blockscale_1x128x128_256x128x128x128_16x16_32x32_2x2_8x32x1_8x32x1_1x32x1x8_8_1x1_intrawave_v3,784.53,1634.29,0.0
256,7371,8192,512,ck,0,0,77.529,a8w8_blockscale_1x128x128_256x128x128x128_16x16_32x32_2x2_8x32x1_8x32x1_1x32x1x8_8_1x1_intrawave_v3,797.54,1660.47,0.0
256,7369,8192,512,ck,0,0,77.5752,a8w8_blockscale_1x128x128_256x128x128x128_16x16_32x32_2x2_8x32x1_8x32x1_1x32x1x8_8_1x1_intrawave_v3,796.85,1659.05,0.0
256,7203,8192,512,ck,0,0,77.6014,a8w8_blockscale_1x128x128_256x128x128x128_16x16_32x32_2x2_8x32x1_8x32x1_1x32x1x8_8_1x1_intrawave_v3,778.63,1622.34,0.0
256,7375,8192,512,ck,0,0,77.6599,a8w8_blockscale_1x128x128_256x128x128x128_16x16_32x32_2x2_8x32x1_8x32x1_1x32x1x8_8_1x1_intrawave_v3,796.63,1658.54,0.0
256,7230,8192,512,ck,0,0,77.6709,a8w8_blockscale_1x128x128_256x128x128x128_16x16_32x32_2x2_8x32x1_8x32x1_1x32x1x8_8_1x1_intrawave_v3,780.85,1626.77,0.0
256,7196,8192,512,ck,0,0,77.6941,a8w8_blockscale_1x128x128_256x128x128x128_16x16_32x32_2x2_8x32x1_8x32x1_1x32x1x8_8_1x1_intrawave_v3,776.95,1618.89,0.0
256,7241,8192,512,ck,0,0,77.7,a8w8_blockscale_1x128x128_256x128x128x128_16x16_32x32_2x2_8x32x1_8x32x1_1x32x1x8_8_1x1_intrawave_v3,781.75,1628.55,0.0
256,7483,8192,512,ck,0,0,77.7017,a8w8_blockscale_1x128x128_256x128x128x128_16x16_32x32_2x2_8x32x1_8x32x1_1x32x1x8_8_1x1_intrawave_v3,807.86,1681.14,0.0
256,7379,8192,512,ck,0,0,77.7023,a8w8_blockscale_1x128x128_256x128x128x128_16x16_32x32_2x2_8x32x1_8x32x1_1x32x1x8_8_1x1_intrawave_v3,796.62,1658.51,0.0
256,7321,8192,512,ck,0,0,77.7043,a8w8_blockscale_1x128x128_256x128x128x128_16x16_32x32_2x2_8x32x1_8x32x1_1x32x1x8_8_1x1_intrawave_v3,790.34,1645.85,0.0
256,4504,6144,1536,ck,0,0,77.7066,a8w8_blockscale_1x128x128_256x128x128x128_16x16_32x32_2x2_8x32x1_8x32x1_1x32x1x8_8_1x1_intrawave_v3,1093.99,922.71,0.0
256,7432,8192,512,ck,0,0,77.7111,a8w8_blockscale_1x128x128_256x128x128x128_16x16_32x32_2x2_8x32x1_8x32x1_1x32x1x8_8_1x1_intrawave_v3,802.26,1669.84,0.0
256,7242,8192,512,ck,0,0,77.7218,a8w8_blockscale_1x128x128_256x128x128x128_16x16_32x32_2x2_8x32x1_8x32x1_1x32x1x8_8_1x1_intrawave_v3,781.64,1628.31,0.0
256,7405,8192,512,ck,0,0,77.7459,a8w8_blockscale_1x128x128_256x128x128x128_16x16_32x32_2x2_8x32x1_8x32x1_1x32x1x8_8_1x1_intrawave_v3,798.98,1663.23,0.0
256,7207,8192,512,ck,0,0,77.7909,a8w8_blockscale_1x128x128_256x128x128x128_16x16_32x32_2x2_8x32x1_8x32x1_1x32x1x8_8_1x1_intrawave_v3,777.17,1619.26,0.0
256,7283,8192,512,ck,0,0,77.8815,a8w8_blockscale_1x128x128_256x128x128x128_16x16_32x32_2x2_8x32x1_8x32x1_1x32x1x8_8_1x1_intrawave_v3,784.45,1633.87,0.0
256,7339,8192,512,ck,0,0,77.8843,a8w8_blockscale_1x128x128_256x128x128x128_16x16_32x32_2x2_8x32x1_8x32x1_1x32x1x8_8_1x1_intrawave_v3,790.45,1645.95,0.0
256,7546,8192,512,ck,0,0,77.9079,a8w8_blockscale_1x128x128_256x128x128x128_16x16_32x32_2x2_8x32x1_8x32x1_1x32x1x8_8_1x1_intrawave_v3,812.5,1690.35,0.0
256,7335,8192,512,ck,0,0,77.9234,a8w8_blockscale_1x128x128_256x128x128x128_16x16_32x32_2x2_8x32x1_8x32x1_1x32x1x8_8_1x1_intrawave_v3,789.63,1644.26,0.0
256,7172,8192,512,ck,0,0,77.9382,a8w8_blockscale_1x128x128_256x128x128x128_16x16_32x32_2x2_8x32x1_8x32x1_1x32x1x8_8_1x1_intrawave_v3,771.93,1608.61,0.0
256,7213,8192,512,ck,0,0,77.9425,a8w8_blockscale_1x128x128_256x128x128x128_16x16_32x32_2x2_8x32x1_8x32x1_1x32x1x8_8_1x1_intrawave_v3,776.3,1617.41,0.0
256,7323,8192,512,ck,0,0,77.9651,a8w8_blockscale_1x128x128_256x128x128x128_16x16_32x32_2x2_8x32x1_8x32x1_1x32x1x8_8_1x1_intrawave_v3,787.91,1640.78,0.0
256,7467,8192,512,ck,0,0,77.9946,a8w8_blockscale_1x128x128_256x128x128x128_16x16_32x32_2x2_8x32x1_8x32x1_1x32x1x8_8_1x1_intrawave_v3,803.1,1671.36,0.0
256,7422,8192,512,ck,0,0,77.9954,a8w8_blockscale_1x128x128_256x128x128x128_16x16_32x32_2x2_8x32x1_8x32x1_1x32x1x8_8_1x1_intrawave_v3,798.26,1661.59,0.0
256,4597,6144,1536,ck,0,0,78.0162,a8w8_blockscale_1x128x128_256x128x128x128_16x16_32x32_2x2_8x32x1_8x32x1_1x32x1x8_8_1x1_intrawave_v3,1112.15,935.53,0.0
256,7277,8192,512,ck,0,0,78.0295,a8w8_blockscale_1x128x128_256x128x128x128_16x16_32x32_2x2_8x32x1_8x32x1_1x32x1x8_8_1x1_intrawave_v3,782.32,1629.47,0.0
256,1334,7168,4096,ck,0,0,78.0403,a8w8_blockscale_1x128x128_256x128x128x128_16x16_32x32_2x2_8x32x1_8x32x1_1x32x1x8_8_1x1_intrawave_v3,1003.75,691.29,0.0
256,7418,8192,512,ck,0,0,78.0455,a8w8_blockscale_1x128x128_256x128x128x128_16x16_32x32_2x2_8x32x1_8x32x1_1x32x1x8_8_1x1_intrawave_v3,797.31,1659.66,0.0
256,1333,7168,4096,ck,0,0,78.0782,a8w8_blockscale_1x128x128_256x128x128x128_16x16_32x32_2x2_8x32x1_8x32x1_1x32x1x8_8_1x1_intrawave_v3,1002.51,690.72,0.0
256,7325,8192,512,ck,0,0,78.0799,a8w8_blockscale_1x128x128_256x128x128x128_16x16_32x32_2x2_8x32x1_8x32x1_1x32x1x8_8_1x1_intrawave_v3,786.97,1638.8,0.0
256,7475,8192,512,ck,0,0,78.0915,a8w8_blockscale_1x128x128_256x128x128x128_16x16_32x32_2x2_8x32x1_8x32x1_1x32x1x8_8_1x1_intrawave_v3,802.97,1671.01,0.0
256,7614,8192,512,ck,0,0,78.1063,a8w8_blockscale_1x128x128_256x128x128x128_16x16_32x32_2x2_8x32x1_8x32x1_1x32x1x8_8_1x1_intrawave_v3,817.74,1700.76,0.0
256,7460,8192,512,ck,0,0,78.1143,a8w8_blockscale_1x128x128_256x128x128x128_16x16_32x32_2x2_8x32x1_8x32x1_1x32x1x8_8_1x1_intrawave_v3,801.12,1667.28,0.0
256,4524,6144,1536,ck,0,0,78.155,a8w8_blockscale_1x128x128_256x128x128x128_16x16_32x32_2x2_8x32x1_8x32x1_1x32x1x8_8_1x1_intrawave_v3,1092.54,920.95,0.0
256,7309,8192,512,ck,0,0,78.1635,a8w8_blockscale_1x128x128_256x128x128x128_16x16_32x32_2x2_8x32x1_8x32x1_1x32x1x8_8_1x1_intrawave_v3,784.41,1633.59,0.0
256,7191,8192,512,ck,0,0,78.1686,a8w8_blockscale_1x128x128_256x128x128x128_16x16_32x32_2x2_8x32x1_8x32x1_1x32x1x8_8_1x1_intrawave_v3,771.7,1607.98,0.0
256,4538,6144,1536,ck,0,0,78.2022,a8w8_blockscale_1x128x128_256x128x128x128_16x16_32x32_2x2_8x32x1_8x32x1_1x32x1x8_8_1x1_intrawave_v3,1095.26,922.87,0.0
256,7370,8192,512,ck,0,0,78.2487,a8w8_blockscale_1x128x128_256x128x128x128_16x16_32x32_2x2_8x32x1_8x32x1_1x32x1x8_8_1x1_intrawave_v3,790.1,1644.98,0.0
256,7439,8192,512,ck,0,0,78.2859,a8w8_blockscale_1x128x128_256x128x128x128_16x16_32x32_2x2_8x32x1_8x32x1_1x32x1x8_8_1x1_intrawave_v3,797.11,1659.09,0.0
256,7416,8192,512,ck,0,0,78.3067,a8w8_blockscale_1x128x128_256x128x128x128_16x16_32x32_2x2_8x32x1_8x32x1_1x32x1x8_8_1x1_intrawave_v3,794.44,1653.69,0.0
256,4359,6144,1536,ck,0,0,78.3222,a8w8_blockscale_1x128x128_256x128x128x128_16x16_32x32_2x2_8x32x1_8x32x1_1x32x1x8_8_1x1_intrawave_v3,1050.45,889.86,0.0
256,7272,8192,512,ck,0,0,78.4014,a8w8_blockscale_1x128x128_256x128x128x128_16x16_32x32_2x2_8x32x1_8x32x1_1x32x1x8_8_1x1_intrawave_v3,778.07,1620.66,0.0
256,7520,8192,512,ck,0,0,78.4355,a8w8_blockscale_1x128x128_256x128x128x128_16x16_32x32_2x2_8x32x1_8x32x1_1x32x1x8_8_1x1_intrawave_v3,804.26,1673.38,0.0
256,7505,8192,512,ck,0,0,78.4371,a8w8_blockscale_1x128x128_256x128x128x128_16x16_32x32_2x2_8x32x1_8x32x1_1x32x1x8_8_1x1_intrawave_v3,802.64,1670.11,0.0
256,7508,8192,512,ck,0,0,78.4435,a8w8_blockscale_1x128x128_256x128x128x128_16x16_32x32_2x2_8x32x1_8x32x1_1x32x1x8_8_1x1_intrawave_v3,802.89,1670.62,0.0
256,7486,8192,512,ck,0,0,78.4555,a8w8_blockscale_1x128x128_256x128x128x128_16x16_32x32_2x2_8x32x1_8x32x1_1x32x1x8_8_1x1_intrawave_v3,800.42,1665.63,0.0
256,4498,6144,1536,ck,0,0,78.4774,a8w8_blockscale_1x128x128_256x128x128x128_16x16_32x32_2x2_8x32x1_8x32x1_1x32x1x8_8_1x1_intrawave_v3,1081.8,912.59,0.0
256,7511,8192,512,ck,0,0,78.4775,a8w8_blockscale_1x128x128_256x128x128x128_16x16_32x32_2x2_8x32x1_8x32x1_1x32x1x8_8_1x1_intrawave_v3,802.86,1670.54,0.0
256,7377,8192,512,ck,0,0,78.4931,a8w8_blockscale_1x128x128_256x128x128x128_16x16_32x32_2x2_8x32x1_8x32x1_1x32x1x8_8_1x1_intrawave_v3,788.38,1641.37,0.0
256,7312,8192,512,ck,0,0,78.505,a8w8_blockscale_1x128x128_256x128x128x128_16x16_32x32_2x2_8x32x1_8x32x1_1x32x1x8_8_1x1_intrawave_v3,781.32,1627.13,0.0
256,7480,8192,512,ck,0,0,78.5131,a8w8_blockscale_1x128x128_256x128x128x128_16x16_32x32_2x2_8x32x1_8x32x1_1x32x1x8_8_1x1_intrawave_v3,799.19,1663.12,0.0
256,7324,8192,512,ck,0,0,78.5203,a8w8_blockscale_1x128x128_256x128x128x128_16x16_32x32_2x2_8x32x1_8x32x1_1x32x1x8_8_1x1_intrawave_v3,782.45,1629.4,0.0
256,7353,8192,512,ck,0,0,78.5327,a8w8_blockscale_1x128x128_256x128x128x128_16x16_32x32_2x2_8x32x1_8x32x1_1x32x1x8_8_1x1_intrawave_v3,785.42,1635.38,0.0
256,7205,8192,512,ck,0,0,78.5404,a8w8_blockscale_1x128x128_256x128x128x128_16x16_32x32_2x2_8x32x1_8x32x1_1x32x1x8_8_1x1_intrawave_v3,769.54,1603.38,0.0
256,7234,8192,512,ck,0,0,78.5406,a8w8_blockscale_1x128x128_256x128x128x128_16x16_32x32_2x2_8x32x1_8x32x1_1x32x1x8_8_1x1_intrawave_v3,772.63,1609.61,0.0
256,7334,8192,512,ck,0,0,78.5599,a8w8_blockscale_1x128x128_256x128x128x128_16x16_32x32_2x2_8x32x1_8x32x1_1x32x1x8_8_1x1_intrawave_v3,783.12,1630.72,0.0
256,7366,8192,512,ck,0,0,78.5911,a8w8_blockscale_1x128x128_256x128x128x128_16x16_32x32_2x2_8x32x1_8x32x1_1x32x1x8_8_1x1_intrawave_v3,786.23,1636.96,0.0
256,7473,8192,512,ck,0,0,78.6007,a8w8_blockscale_1x128x128_256x128x128x128_16x16_32x32_2x2_8x32x1_8x32x1_1x32x1x8_8_1x1_intrawave_v3,797.55,1659.76,0.0
256,7183,8192,512,ck,0,0,78.6235,a8w8_blockscale_1x128x128_256x128x128x128_16x16_32x32_2x2_8x32x1_8x32x1_1x32x1x8_8_1x1_intrawave_v3,766.38,1596.96,0.0
256,7626,8192,512,ck,0,0,78.6367,a8w8_blockscale_1x128x128_256x128x128x128_16x16_32x32_2x2_8x32x1_8x32x1_1x32x1x8_8_1x1_intrawave_v3,813.51,1691.87,0.0
256,7477,8192,512,ck,0,0,78.6911,a8w8_blockscale_1x128x128_256x128x128x128_16x16_32x32_2x2_8x32x1_8x32x1_1x32x1x8_8_1x1_intrawave_v3,797.06,1658.71,0.0
256,7515,8192,512,ck,0,0,78.7127,a8w8_blockscale_1x128x128_256x128x128x128_16x16_32x32_2x2_8x32x1_8x32x1_1x32x1x8_8_1x1_intrawave_v3,800.89,1666.41,0.0
256,7628,8192,512,ck,0,0,78.7256,a8w8_blockscale_1x128x128_256x128x128x128_16x16_32x32_2x2_8x32x1_8x32x1_1x32x1x8_8_1x1_intrawave_v3,812.8,1690.39,0.0
256,7316,8192,512,ck,0,0,78.7259,a8w8_blockscale_1x128x128_256x128x128x128_16x16_32x32_2x2_8x32x1_8x32x1_1x32x1x8_8_1x1_intrawave_v3,779.55,1623.42,0.0
256,7469,8192,512,ck,0,0,78.7483,a8w8_blockscale_1x128x128_256x128x128x128_16x16_32x32_2x2_8x32x1_8x32x1_1x32x1x8_8_1x1_intrawave_v3,795.63,1655.79,0.0
256,7637,8192,512,ck,0,0,78.7552,a8w8_blockscale_1x128x128_256x128x128x128_16x16_32x32_2x2_8x32x1_8x32x1_1x32x1x8_8_1x1_intrawave_v3,813.45,1691.69,0.0
256,7326,8192,512,ck,0,0,78.7587,a8w8_blockscale_1x128x128_256x128x128x128_16x16_32x32_2x2_8x32x1_8x32x1_1x32x1x8_8_1x1_intrawave_v3,780.29,1624.89,0.0
256,7676,8192,512,ck,0,0,78.787,a8w8_blockscale_1x128x128_256x128x128x128_16x16_32x32_2x2_8x32x1_8x32x1_1x32x1x8_8_1x1_intrawave_v3,817.28,1699.37,0.0
256,7552,8192,512,ck,0,0,78.904,a8w8_blockscale_1x128x128_256x128x128x128_16x16_32x32_2x2_8x32x1_8x32x1_1x32x1x8_8_1x1_intrawave_v3,802.88,1670.29,0.0
256,7525,8192,512,ck,0,0,78.9086,a8w8_blockscale_1x128x128_256x128x128x128_16x16_32x32_2x2_8x32x1_8x32x1_1x32x1x8_8_1x1_intrawave_v3,799.97,1664.42,0.0
256,7530,8192,512,ck,0,0,78.9267,a8w8_blockscale_1x128x128_256x128x128x128_16x16_32x32_2x2_8x32x1_8x32x1_1x32x1x8_8_1x1_intrawave_v3,800.31,1665.1,0.0
256,7594,8192,512,ck,0,0,78.9428,a8w8_blockscale_1x128x128_256x128x128x128_16x16_32x32_2x2_8x32x1_8x32x1_1x32x1x8_8_1x1_intrawave_v3,806.95,1678.46,0.0
256,7542,8192,512,ck,0,0,78.9604,a8w8_blockscale_1x128x128_256x128x128x128_16x16_32x32_2x2_8x32x1_8x32x1_1x32x1x8_8_1x1_intrawave_v3,801.25,1666.96,0.0
256,7501,8192,512,ck,0,0,78.9615,a8w8_blockscale_1x128x128_256x128x128x128_16x16_32x32_2x2_8x32x1_8x32x1_1x32x1x8_8_1x1_intrawave_v3,796.88,1658.17,0.0
256,7409,8192,512,ck,0,0,78.9619,a8w8_blockscale_1x128x128_256x128x128x128_16x16_32x32_2x2_8x32x1_8x32x1_1x32x1x8_8_1x1_intrawave_v3,787.1,1638.47,0.0
256,7651,8192,512,ck,0,0,78.9624,a8w8_blockscale_1x128x128_256x128x128x128_16x16_32x32_2x2_8x32x1_8x32x1_1x32x1x8_8_1x1_intrawave_v3,812.81,1690.24,0.0
256,7671,8192,512,ck,0,0,78.9761,a8w8_blockscale_1x128x128_256x128x128x128_16x16_32x32_2x2_8x32x1_8x32x1_1x32x1x8_8_1x1_intrawave_v3,814.79,1694.23,0.0
256,7459,8192,512,ck,0,0,79.0139,a8w8_blockscale_1x128x128_256x128x128x128_16x16_32x32_2x2_8x32x1_8x32x1_1x32x1x8_8_1x1_intrawave_v3,791.89,1648.08,0.0
256,7490,8192,512,ck,0,0,79.0167,a8w8_blockscale_1x128x128_256x128x128x128_16x16_32x32_2x2_8x32x1_8x32x1_1x32x1x8_8_1x1_intrawave_v3,795.16,1654.65,0.0
256,7535,8192,512,ck,0,0,79.0167,a8w8_blockscale_1x128x128_256x128x128x128_16x16_32x32_2x2_8x32x1_8x32x1_1x32x1x8_8_1x1_intrawave_v3,799.93,1664.28,0.0
256,4598,6144,1536,ck,0,0,79.0362,a8w8_blockscale_1x128x128_256x128x128x128_16x16_32x32_2x2_8x32x1_8x32x1_1x32x1x8_8_1x1_intrawave_v3,1098.03,923.63,0.0
256,7602,8192,512,ck,0,0,79.0396,a8w8_blockscale_1x128x128_256x128x128x128_16x16_32x32_2x2_8x32x1_8x32x1_1x32x1x8_8_1x1_intrawave_v3,806.81,1678.12,0.0
256,7601,8192,512,ck,0,0,79.0452,a8w8_blockscale_1x128x128_256x128x128x128_16x16_32x32_2x2_8x32x1_8x32x1_1x32x1x8_8_1x1_intrawave_v3,806.65,1677.78,0.0
256,7668,8192,512,ck,0,0,79.1096,a8w8_blockscale_1x128x128_256x128x128x128_16x16_32x32_2x2_8x32x1_8x32x1_1x32x1x8_8_1x1_intrawave_v3,813.1,1690.73,0.0
256,7317,8192,512,ck,0,0,79.1511,a8w8_blockscale_1x128x128_256x128x128x128_16x16_32x32_2x2_8x32x1_8x32x1_1x32x1x8_8_1x1_intrawave_v3,775.47,1614.92,0.0
256,7457,8192,512,ck,0,0,79.1572,a8w8_blockscale_1x128x128_256x128x128x128_16x16_32x32_2x2_8x32x1_8x32x1_1x32x1x8_8_1x1_intrawave_v3,790.25,1644.67,0.0
256,7421,8192,512,ck,0,0,79.1731,a8w8_blockscale_1x128x128_256x128x128x128_16x16_32x32_2x2_8x32x1_8x32x1_1x32x1x8_8_1x1_intrawave_v3,786.28,1636.66,0.0
256,496,9216,7168,ck,18,0,79.179,a8w8_blockscale_1x128x128_256x64x64x256_16x16_32x32_1x1_16x16x1_16x16x1_1x32x1x8_8_1x1_intrawave_v1,827.64,994.68,0.0
256,3451,8192,1536,ck,0,0,79.1891,a8w8_blockscale_1x128x128_256x128x128x128_16x16_32x32_2x2_8x32x1_8x32x1_1x32x1x8_8_1x1_intrawave_v3,1096.71,939.84,0.0
256,7599,8192,512,ck,0,0,79.1932,a8w8_blockscale_1x128x128_256x128x128x128_16x16_32x32_2x2_8x32x1_8x32x1_1x32x1x8_8_1x1_intrawave_v3,804.93,1674.22,0.0
256,7464,8192,512,ck,0,0,79.2147,a8w8_blockscale_1x128x128_256x128x128x128_16x16_32x32_2x2_8x32x1_8x32x1_1x32x1x8_8_1x1_intrawave_v3,790.42,1644.97,0.0
256,7427,8192,512,ck,0,0,79.2303,a8w8_blockscale_1x128x128_256x128x128x128_16x16_32x32_2x2_8x32x1_8x32x1_1x32x1x8_8_1x1_intrawave_v3,786.34,1636.76,0.0
256,7662,8192,512,ck,0,0,79.2453,a8w8_blockscale_1x128x128_256x128x128x128_16x16_32x32_2x2_8x32x1_8x32x1_1x32x1x8_8_1x1_intrawave_v3,811.07,1686.55,0.0
256,7563,8192,512,ck,0,0,79.2648,a8w8_blockscale_1x128x128_256x128x128x128_16x16_32x32_2x2_8x32x1_8x32x1_1x32x1x8_8_1x1_intrawave_v3,800.39,1665.04,0.0
256,7412,8192,512,ck,0,0,79.2887,a8w8_blockscale_1x128x128_256x128x128x128_16x16_32x32_2x2_8x32x1_8x32x1_1x32x1x8_8_1x1_intrawave_v3,784.18,1632.36,0.0
256,4663,6144,1536,ck,0,0,79.2906,a8w8_blockscale_1x128x128_256x128x128x128_16x16_32x32_2x2_8x32x1_8x32x1_1x32x1x8_8_1x1_intrawave_v3,1109.98,932.0,0.0
256,7560,8192,512,ck,0,0,79.292,a8w8_blockscale_1x128x128_256x128x128x128_16x16_32x32_2x2_8x32x1_8x32x1_1x32x1x8_8_1x1_intrawave_v3,799.8,1663.83,0.0
256,7611,8192,512,ck,0,0,79.302,a8w8_blockscale_1x128x128_256x128x128x128_16x16_32x32_2x2_8x32x1_8x32x1_1x32x1x8_8_1x1_intrawave_v3,805.1,1674.48,0.0
256,7307,8192,512,ck,0,0,79.3319,a8w8_blockscale_1x128x128_256x128x128x128_16x16_32x32_2x2_8x32x1_8x32x1_1x32x1x8_8_1x1_intrawave_v3,772.65,1609.11,0.0
256,7210,8192,512,ck,0,0,79.3502,a8w8_blockscale_1x128x128_256x128x128x128_16x16_32x32_2x2_8x32x1_8x32x1_1x32x1x8_8_1x1_intrawave_v3,762.21,1588.08,0.0
256,7351,8192,512,ck,0,0,79.3583,a8w8_blockscale_1x128x128_256x128x128x128_16x16_32x32_2x2_8x32x1_8x32x1_1x32x1x8_8_1x1_intrawave_v3,777.04,1617.94,0.0
256,7524,8192,512,ck,0,0,79.3835,a8w8_blockscale_1x128x128_256x128x128x128_16x16_32x32_2x2_8x32x1_8x32x1_1x32x1x8_8_1x1_intrawave_v3,795.08,1654.25,0.0
256,4522,6144,1536,ck,0,0,79.4014,a8w8_blockscale_1x128x128_256x128x128x128_16x16_32x32_2x2_8x32x1_8x32x1_1x32x1x8_8_1x1_intrawave_v3,1074.92,906.15,0.0
256,7476,8192,512,ck,0,0,79.4123,a8w8_blockscale_1x128x128_256x128x128x128_16x16_32x32_2x2_8x32x1_8x32x1_1x32x1x8_8_1x1_intrawave_v3,789.72,1643.43,0.0
256,7607,8192,512,ck,0,0,79.4428,a8w8_blockscale_1x128x128_256x128x128x128_16x16_32x32_2x2_8x32x1_8x32x1_1x32x1x8_8_1x1_intrawave_v3,803.25,1670.66,0.0
256,7522,8192,512,ck,0,0,79.4523,a8w8_blockscale_1x128x128_256x128x128x128_16x16_32x32_2x2_8x32x1_8x32x1_1x32x1x8_8_1x1_intrawave_v3,794.18,1652.39,0.0
256,7633,8192,512,ck,0,0,79.4604,a8w8_blockscale_1x128x128_256x128x128x128_16x16_32x32_2x2_8x32x1_8x32x1_1x32x1x8_8_1x1_intrawave_v3,805.81,1675.82,0.0
256,7634,8192,512,ck,0,0,79.4996,a8w8_blockscale_1x128x128_256x128x128x128_16x16_32x32_2x2_8x32x1_8x32x1_1x32x1x8_8_1x1_intrawave_v3,805.52,1675.21,0.0
256,7336,8192,512,ck,0,0,79.5186,a8w8_blockscale_1x128x128_256x128x128x128_16x16_32x32_2x2_8x32x1_8x32x1_1x32x1x8_8_1x1_intrawave_v3,773.89,1611.49,0.0
256,7556,8192,512,ck,0,0,79.5248,a8w8_blockscale_1x128x128_256x128x128x128_16x16_32x32_2x2_8x32x1_8x32x1_1x32x1x8_8_1x1_intrawave_v3,797.04,1658.11,0.0
256,7169,8192,512,ck,0,0,79.6654,a8w8_blockscale_1x128x128_256x128x128x128_16x16_32x32_2x2_8x32x1_8x32x1_1x32x1x8_8_1x1_intrawave_v3,754.88,1573.1,0.0
256,7618,8192,512,ck,0,0,79.7008,a8w8_blockscale_1x128x128_256x128x128x128_16x16_32x32_2x2_8x32x1_8x32x1_1x32x1x8_8_1x1_intrawave_v3,801.8,1667.59,0.0
256,7398,8192,512,ck,0,0,79.7155,a8w8_blockscale_1x128x128_256x128x128x128_16x16_32x32_2x2_8x32x1_8x32x1_1x32x1x8_8_1x1_intrawave_v3,778.51,1620.65,0.0
256,7663,8192,512,ck,0,0,79.7294,a8w8_blockscale_1x128x128_256x128x128x128_16x16_32x32_2x2_8x32x1_8x32x1_1x32x1x8_8_1x1_intrawave_v3,806.25,1676.53,0.0
256,4507,6144,1536,ck,0,0,79.7862,a8w8_blockscale_1x128x128_256x128x128x128_16x16_32x32_2x2_8x32x1_8x32x1_1x32x1x8_8_1x1_intrawave_v3,1066.18,899.18,0.0
256,7550,8192,512,ck,0,0,79.7924,a8w8_blockscale_1x128x128_256x128x128x128_16x16_32x32_2x2_8x32x1_8x32x1_1x32x1x8_8_1x1_intrawave_v3,793.73,1651.27,0.0
256,7297,8192,512,ck,0,0,79.8898,a8w8_blockscale_1x128x128_256x128x128x128_16x16_32x32_2x2_8x32x1_8x32x1_1x32x1x8_8_1x1_intrawave_v3,766.2,1595.75,0.0
256,7561,8192,512,ck,0,0,80.0224,a8w8_blockscale_1x128x128_256x128x128x128_16x16_32x32_2x2_8x32x1_8x32x1_1x32x1x8_8_1x1_intrawave_v3,792.61,1648.85,0.0
256,7537,8192,512,ck,0,0,80.0363,a8w8_blockscale_1x128x128_256x128x128x128_16x16_32x32_2x2_8x32x1_8x32x1_1x32x1x8_8_1x1_intrawave_v3,789.95,1643.5,0.0
256,7627,8192,512,ck,0,0,80.0664,a8w8_blockscale_1x128x128_256x128x128x128_16x16_32x32_2x2_8x32x1_8x32x1_1x32x1x8_8_1x1_intrawave_v3,799.09,1661.87,0.0
256,7488,8192,512,ck,0,0,80.0856,a8w8_blockscale_1x128x128_256x128x128x128_16x16_32x32_2x2_8x32x1_8x32x1_1x32x1x8_8_1x1_intrawave_v3,784.33,1632.15,0.0
256,7465,8192,512,ck,0,0,80.1423,a8w8_blockscale_1x128x128_256x128x128x128_16x16_32x32_2x2_8x32x1_8x32x1_1x32x1x8_8_1x1_intrawave_v3,781.37,1626.14,0.0
256,7495,8192,512,ck,0,0,80.162,a8w8_blockscale_1x128x128_256x128x128x128_16x16_32x32_2x2_8x32x1_8x32x1_1x32x1x8_8_1x1_intrawave_v3,784.32,1632.07,0.0
256,7598,8192,512,ck,0,0,80.1648,a8w8_blockscale_1x128x128_256x128x128x128_16x16_32x32_2x2_8x32x1_8x32x1_1x32x1x8_8_1x1_intrawave_v3,795.07,1653.72,0.0
256,7604,8192,512,ck,0,0,80.178,a8w8_blockscale_1x128x128_256x128x128x128_16x16_32x32_2x2_8x32x1_8x32x1_1x32x1x8_8_1x1_intrawave_v3,795.57,1654.71,0.0
256,7413,8192,512,ck,0,0,80.1875,a8w8_blockscale_1x128x128_256x128x128x128_16x16_32x32_2x2_8x32x1_8x32x1_1x32x1x8_8_1x1_intrawave_v3,775.49,1614.27,0.0
256,7577,8192,512,ck,0,0,80.2477,a8w8_blockscale_1x128x128_256x128x128x128_16x16_32x32_2x2_8x32x1_8x32x1_1x32x1x8_8_1x1_intrawave_v3,792.05,1647.59,0.0
256,7526,8192,512,ck,0,0,80.2601,a8w8_blockscale_1x128x128_256x128x128x128_16x16_32x32_2x2_8x32x1_8x32x1_1x32x1x8_8_1x1_intrawave_v3,786.6,1636.6,0.0
256,7673,8192,512,ck,0,0,80.2881,a8w8_blockscale_1x128x128_256x128x128x128_16x16_32x32_2x2_8x32x1_8x32x1_1x32x1x8_8_1x1_intrawave_v3,801.69,1666.96,0.0
256,512,9216,7168,ck,18,0,80.3614,a8w8_blockscale_1x128x128_256x64x64x256_16x16_32x32_1x1_16x16x1_16x16x1_1x32x1x8_8_1x1_intrawave_v1,841.77,985.14,0.0
256,7646,8192,512,ck,0,0,80.392,a8w8_blockscale_1x128x128_256x128x128x128_16x16_32x32_2x2_8x32x1_8x32x1_1x32x1x8_8_1x1_intrawave_v3,797.83,1659.13,0.0
256,7458,8192,512,ck,0,0,80.4934,a8w8_blockscale_1x128x128_256x128x128x128_16x16_32x32_2x2_8x32x1_8x32x1_1x32x1x8_8_1x1_intrawave_v3,777.23,1617.58,0.0
256,7592,8192,512,ck,0,0,80.4988,a8w8_blockscale_1x128x128_256x128x128x128_16x16_32x32_2x2_8x32x1_8x32x1_1x32x1x8_8_1x1_intrawave_v3,791.15,1645.6,0.0
256,7806,8192,512,ck,0,0,80.5543,a8w8_blockscale_1x128x128_256x128x128x128_16x16_32x32_2x2_8x32x1_8x32x1_1x32x1x8_8_1x1_intrawave_v3,812.89,1689.35,0.0
256,7624,8192,512,ck,0,0,80.5988,a8w8_blockscale_1x128x128_256x128x128x128_16x16_32x32_2x2_8x32x1_8x32x1_1x32x1x8_8_1x1_intrawave_v3,793.5,1650.27,0.0
256,7478,8192,512,ck,0,0,80.6703,a8w8_blockscale_1x128x128_256x128x128x128_16x16_32x32_2x2_8x32x1_8x32x1_1x32x1x8_8_1x1_intrawave_v3,777.61,1618.22,0.0
256,7452,8192,512,ck,0,0,80.7031,a8w8_blockscale_1x128x128_256x128x128x128_16x16_32x32_2x2_8x32x1_8x32x1_1x32x1x8_8_1x1_intrawave_v3,774.59,1612.12,0.0
256,7649,8192,512,ck,0,0,80.7116,a8w8_blockscale_1x128x128_256x128x128x128_16x16_32x32_2x2_8x32x1_8x32x1_1x32x1x8_8_1x1_intrawave_v3,794.98,1653.19,0.0
256,7659,8192,512,ck,0,0,80.718,a8w8_blockscale_1x128x128_256x128x128x128_16x16_32x32_2x2_8x32x1_8x32x1_1x32x1x8_8_1x1_intrawave_v3,795.96,1655.15,0.0
256,7656,8192,512,ck,0,0,80.7588,a8w8_blockscale_1x128x128_256x128x128x128_16x16_32x32_2x2_8x32x1_8x32x1_1x32x1x8_8_1x1_intrawave_v3,795.25,1653.69,0.0
256,7539,8192,512,ck,0,0,80.7652,a8w8_blockscale_1x128x128_256x128x128x128_16x16_32x32_2x2_8x32x1_8x32x1_1x32x1x8_8_1x1_intrawave_v3,783.03,1629.08,0.0
256,7500,8192,512,ck,0,0,80.8347,a8w8_blockscale_1x128x128_256x128x128x128_16x16_32x32_2x2_8x32x1_8x32x1_1x32x1x8_8_1x1_intrawave_v3,778.31,1619.53,0.0
256,7630,8192,512,ck,0,0,80.8711,a8w8_blockscale_1x128x128_256x128x128x128_16x16_32x32_2x2_8x32x1_8x32x1_1x32x1x8_8_1x1_intrawave_v3,791.45,1645.96,0.0
256,7772,8192,512,ck,0,0,80.9927,a8w8_blockscale_1x128x128_256x128x128x128_16x16_32x32_2x2_8x32x1_8x32x1_1x32x1x8_8_1x1_intrawave_v3,804.96,1673.11,0.0
256,7764,8192,512,ck,0,0,81.0664,a8w8_blockscale_1x128x128_256x128x128x128_16x16_32x32_2x2_8x32x1_8x32x1_1x32x1x8_8_1x1_intrawave_v3,803.41,1669.93,0.0
256,7768,8192,512,ck,0,0,81.0964,a8w8_blockscale_1x128x128_256x128x128x128_16x16_32x32_2x2_8x32x1_8x32x1_1x32x1x8_8_1x1_intrawave_v3,803.52,1670.14,0.0
256,1185,7168,4608,ck,0,0,81.1467,a8w8_blockscale_1x128x128_256x128x128x128_16x16_32x32_2x2_8x32x1_8x32x1_1x32x1x8_8_1x1_intrawave_v3,964.69,683.69,0.0
256,7758,8192,512,ck,0,0,81.2416,a8w8_blockscale_1x128x128_256x128x128x128_16x16_32x32_2x2_8x32x1_8x32x1_1x32x1x8_8_1x1_intrawave_v3,801.05,1665.08,0.0
256,7696,8192,512,ck,0,0,81.2577,a8w8_blockscale_1x128x128_256x128x128x128_16x16_32x32_2x2_8x32x1_8x32x1_1x32x1x8_8_1x1_intrawave_v3,794.49,1651.85,0.0
256,1490,7168,4096,ck,0,0,81.2908,a8w8_blockscale_1x128x128_256x128x128x128_16x16_32x32_2x2_8x32x1_8x32x1_1x32x1x8_8_1x1_intrawave_v3,1076.3,699.02,0.0
256,1255,7168,4608,ck,0,0,81.3074,a8w8_blockscale_1x128x128_256x128x128x128_16x16_32x32_2x2_8x32x1_8x32x1_1x32x1x8_8_1x1_intrawave_v3,1019.66,698.64,0.0
256,7553,8192,512,ck,0,0,81.3944,a8w8_blockscale_1x128x128_256x128x128x128_16x16_32x32_2x2_8x32x1_8x32x1_1x32x1x8_8_1x1_intrawave_v3,778.42,1619.4,0.0
256,7729,8192,512,ck,0,0,81.522,a8w8_blockscale_1x128x128_256x128x128x128_16x16_32x32_2x2_8x32x1_8x32x1_1x32x1x8_8_1x1_intrawave_v3,795.31,1653.34,0.0
256,7737,8192,512,ck,0,0,81.5748,a8w8_blockscale_1x128x128_256x128x128x128_16x16_32x32_2x2_8x32x1_8x32x1_1x32x1x8_8_1x1_intrawave_v3,795.62,1653.93,0.0
256,7698,8192,512,ck,0,0,81.6413,a8w8_blockscale_1x128x128_256x128x128x128_16x16_32x32_2x2_8x32x1_8x32x1_1x32x1x8_8_1x1_intrawave_v3,790.97,1644.51,0.0
256,7730,8192,512,ck,0,0,81.6984,a8w8_blockscale_1x128x128_256x128x128x128_16x16_32x32_2x2_8x32x1_8x32x1_1x32x1x8_8_1x1_intrawave_v3,793.7,1649.98,0.0
256,7803,8192,512,ck,0,0,81.802,a8w8_blockscale_1x128x128_256x128x128x128_16x16_32x32_2x2_8x32x1_8x32x1_1x32x1x8_8_1x1_intrawave_v3,800.18,1662.96,0.0
256,7756,8192,512,ck,0,0,81.8228,a8w8_blockscale_1x128x128_256x128x128x128_16x16_32x32_2x2_8x32x1_8x32x1_1x32x1x8_8_1x1_intrawave_v3,795.16,1652.84,0.0
256,1485,7168,4096,ck,0,0,81.8248,a8w8_blockscale_1x128x128_256x128x128x128_16x16_32x32_2x2_8x32x1_8x32x1_1x32x1x8_8_1x1_intrawave_v3,1065.69,693.33,0.0
256,7712,8192,512,ck,0,0,81.8596,a8w8_blockscale_1x128x128_256x128x128x128_16x16_32x32_2x2_8x32x1_8x32x1_1x32x1x8_8_1x1_intrawave_v3,790.29,1643.01,0.0
256,7726,8192,512,ck,0,0,81.8972,a8w8_blockscale_1x128x128_256x128x128x128_16x16_32x32_2x2_8x32x1_8x32x1_1x32x1x8_8_1x1_intrawave_v3,791.36,1645.15,0.0
256,7688,8192,512,ck,0,0,81.9632,a8w8_blockscale_1x128x128_256x128x128x128_16x16_32x32_2x2_8x32x1_8x32x1_1x32x1x8_8_1x1_intrawave_v3,786.84,1635.99,0.0
256,7807,8192,512,ck,0,0,82.0117,a8w8_blockscale_1x128x128_256x128x128x128_16x16_32x32_2x2_8x32x1_8x32x1_1x32x1x8_8_1x1_intrawave_v3,798.54,1659.54,0.0
256,7708,8192,512,ck,0,0,82.1479,a8w8_blockscale_1x128x128_256x128x128x128_16x16_32x32_2x2_8x32x1_8x32x1_1x32x1x8_8_1x1_intrawave_v3,787.11,1636.42,0.0
256,7695,8192,512,ck,0,0,82.1585,a8w8_blockscale_1x128x128_256x128x128x128_16x16_32x32_2x2_8x32x1_8x32x1_1x32x1x8_8_1x1_intrawave_v3,785.68,1633.54,0.0
256,7797,8192,512,ck,0,0,82.1944,a8w8_blockscale_1x128x128_256x128x128x128_16x16_32x32_2x2_8x32x1_8x32x1_1x32x1x8_8_1x1_intrawave_v3,795.75,1653.79,0.0
256,1265,7168,4608,ck,0,0,82.2314,a8w8_blockscale_1x128x128_256x128x128x128_16x16_32x32_2x2_8x32x1_8x32x1_1x32x1x8_8_1x1_intrawave_v3,1016.23,693.1,0.0
256,1517,7168,4096,ck,0,0,82.3083,a8w8_blockscale_1x128x128_256x128x128x128_16x16_32x32_2x2_8x32x1_8x32x1_1x32x1x8_8_1x1_intrawave_v3,1082.26,696.42,0.0
256,7847,8192,512,ck,0,0,82.3356,a8w8_blockscale_1x128x128_256x128x128x128_16x16_32x32_2x2_8x32x1_8x32x1_1x32x1x8_8_1x1_intrawave_v3,799.48,1661.22,0.0
256,7766,8192,512,ck,0,0,82.4192,a8w8_blockscale_1x128x128_256x128x128x128_16x16_32x32_2x2_8x32x1_8x32x1_1x32x1x8_8_1x1_intrawave_v3,790.42,1642.93,0.0
256,7738,8192,512,ck,0,0,82.4692,a8w8_blockscale_1x128x128_256x128x128x128_16x16_32x32_2x2_8x32x1_8x32x1_1x32x1x8_8_1x1_intrawave_v3,787.09,1636.19,0.0
256,7748,8192,512,ck,0,0,82.4744,a8w8_blockscale_1x128x128_256x128x128x128_16x16_32x32_2x2_8x32x1_8x32x1_1x32x1x8_8_1x1_intrawave_v3,788.06,1638.14,0.0
256,7904,8192,512,ck,0,0,82.5012,a8w8_blockscale_1x128x128_256x128x128x128_16x16_32x32_2x2_8x32x1_8x32x1_1x32x1x8_8_1x1_intrawave_v3,803.67,1669.55,0.0
256,7888,8192,512,ck,0,0,82.5444,a8w8_blockscale_1x128x128_256x128x128x128_16x16_32x32_2x2_8x32x1_8x32x1_1x32x1x8_8_1x1_intrawave_v3,801.62,1665.41,0.0
256,7727,8192,512,ck,0,0,82.5976,a8w8_blockscale_1x128x128_256x128x128x128_16x16_32x32_2x2_8x32x1_8x32x1_1x32x1x8_8_1x1_intrawave_v3,784.75,1631.4,0.0
256,7879,8192,512,ck,0,0,82.6232,a8w8_blockscale_1x128x128_256x128x128x128_16x16_32x32_2x2_8x32x1_8x32x1_1x32x1x8_8_1x1_intrawave_v3,799.94,1661.98,0.0
256,7749,8192,512,ck,0,0,82.6388,a8w8_blockscale_1x128x128_256x128x128x128_16x16_32x32_2x2_8x32x1_8x32x1_1x32x1x8_8_1x1_intrawave_v3,786.6,1635.08,0.0
256,7863,8192,512,ck,0,0,82.6468,a8w8_blockscale_1x128x128_256x128x128x128_16x16_32x32_2x2_8x32x1_8x32x1_1x32x1x8_8_1x1_intrawave_v3,798.09,1658.23,0.0
256,7909,8192,512,ck,0,0,82.7184,a8w8_blockscale_1x128x128_256x128x128x128_16x16_32x32_2x2_8x32x1_8x32x1_1x32x1x8_8_1x1_intrawave_v3,802.06,1666.19,0.0
256,7902,8192,512,ck,0,0,82.752,a8w8_blockscale_1x128x128_256x128x128x128_16x16_32x32_2x2_8x32x1_8x32x1_1x32x1x8_8_1x1_intrawave_v3,801.03,1664.09,0.0
256,7854,8192,512,ck,0,0,82.8032,a8w8_blockscale_1x128x128_256x128x128x128_16x16_32x32_2x2_8x32x1_8x32x1_1x32x1x8_8_1x1_intrawave_v3,795.67,1653.26,0.0
256,7810,8192,512,ck,0,0,82.8144,a8w8_blockscale_1x128x128_256x128x128x128_16x16_32x32_2x2_8x32x1_8x32x1_1x32x1x8_8_1x1_intrawave_v3,791.11,1644.06,0.0
256,7811,8192,512,ck,0,0,82.8156,a8w8_blockscale_1x128x128_256x128x128x128_16x16_32x32_2x2_8x32x1_8x32x1_1x32x1x8_8_1x1_intrawave_v3,791.2,1644.24,0.0
256,7721,8192,512,ck,0,0,82.852,a8w8_blockscale_1x128x128_256x128x128x128_16x16_32x32_2x2_8x32x1_8x32x1_1x32x1x8_8_1x1_intrawave_v3,781.74,1625.17,0.0
256,7755,8192,512,ck,0,0,82.8576,a8w8_blockscale_1x128x128_256x128x128x128_16x16_32x32_2x2_8x32x1_8x32x1_1x32x1x8_8_1x1_intrawave_v3,785.13,1631.99,0.0
256,7765,8192,512,ck,0,0,82.8613,a8w8_blockscale_1x128x128_256x128x128x128_16x16_32x32_2x2_8x32x1_8x32x1_1x32x1x8_8_1x1_intrawave_v3,786.1,1633.96,0.0
256,7790,8192,512,ck,0,0,82.9154,a8w8_blockscale_1x128x128_256x128x128x128_16x16_32x32_2x2_8x32x1_8x32x1_1x32x1x8_8_1x1_intrawave_v3,788.12,1637.98,0.0
256,7898,8192,512,ck,0,0,82.9168,a8w8_blockscale_1x128x128_256x128x128x128_16x16_32x32_2x2_8x32x1_8x32x1_1x32x1x8_8_1x1_intrawave_v3,799.03,1659.96,0.0
256,7881,8192,512,ck,0,0,82.9236,a8w8_blockscale_1x128x128_256x128x128x128_16x16_32x32_2x2_8x32x1_8x32x1_1x32x1x8_8_1x1_intrawave_v3,797.25,1656.36,0.0
256,7454,8192,512,ck,0,0,82.9438,a8w8_blockscale_1x128x128_256x128x128x128_16x16_32x32_2x2_8x32x1_8x32x1_1x32x1x8_8_1x1_intrawave_v3,753.87,1568.98,0.0
256,7753,8192,512,ck,0,0,82.9612,a8w8_blockscale_1x128x128_256x128x128x128_16x16_32x32_2x2_8x32x1_8x32x1_1x32x1x8_8_1x1_intrawave_v3,783.94,1629.54,0.0
256,7681,8192,512,ck,0,0,83.012,a8w8_blockscale_1x128x128_256x128x128x128_16x16_32x32_2x2_8x32x1_8x32x1_1x32x1x8_8_1x1_intrawave_v3,776.19,1613.89,0.0
256,7703,8192,512,ck,0,0,83.0212,a8w8_blockscale_1x128x128_256x128x128x128_16x16_32x32_2x2_8x32x1_8x32x1_1x32x1x8_8_1x1_intrawave_v3,778.32,1618.19,0.0
256,7930,8192,512,ck,0,0,83.0308,a8w8_blockscale_1x128x128_256x128x128x128_16x16_32x32_2x2_8x32x1_8x32x1_1x32x1x8_8_1x1_intrawave_v3,801.17,1664.2,0.0
256,7846,8192,512,ck,0,0,83.1236,a8w8_blockscale_1x128x128_256x128x128x128_16x16_32x32_2x2_8x32x1_8x32x1_1x32x1x8_8_1x1_intrawave_v3,791.8,1645.26,0.0
256,7720,8192,512,ck,0,0,83.1256,a8w8_blockscale_1x128x128_256x128x128x128_16x16_32x32_2x2_8x32x1_8x32x1_1x32x1x8_8_1x1_intrawave_v3,779.06,1619.61,0.0
256,1334,7168,4608,ck,0,0,83.1308,a8w8_blockscale_1x128x128_256x128x128x128_16x16_32x32_2x2_8x32x1_8x32x1_1x32x1x8_8_1x1_intrawave_v3,1060.07,701.32,0.0
256,7880,8192,512,ck,0,0,83.1768,a8w8_blockscale_1x128x128_256x128x128x128_16x16_32x32_2x2_8x32x1_8x32x1_1x32x1x8_8_1x1_intrawave_v3,794.72,1651.12,0.0
256,7815,8192,512,ck,0,0,83.1792,a8w8_blockscale_1x128x128_256x128x128x128_16x16_32x32_2x2_8x32x1_8x32x1_1x32x1x8_8_1x1_intrawave_v3,788.14,1637.87,0.0
256,7852,8192,512,ck,0,0,83.203,a8w8_blockscale_1x128x128_256x128x128x128_16x16_32x32_2x2_8x32x1_8x32x1_1x32x1x8_8_1x1_intrawave_v3,791.65,1644.91,0.0
256,7812,8192,512,ck,0,0,83.2033,a8w8_blockscale_1x128x128_256x128x128x128_16x16_32x32_2x2_8x32x1_8x32x1_1x32x1x8_8_1x1_intrawave_v3,787.61,1636.78,0.0
256,7718,8192,512,ck,0,0,83.2182,a8w8_blockscale_1x128x128_256x128x128x128_16x16_32x32_2x2_8x32x1_8x32x1_1x32x1x8_8_1x1_intrawave_v3,777.99,1617.41,0.0
256,7761,8192,512,ck,0,0,83.2412,a8w8_blockscale_1x128x128_256x128x128x128_16x16_32x32_2x2_8x32x1_8x32x1_1x32x1x8_8_1x1_intrawave_v3,782.11,1625.69,0.0
256,7724,8192,512,ck,0,0,83.2503,a8w8_blockscale_1x128x128_256x128x128x128_16x16_32x32_2x2_8x32x1_8x32x1_1x32x1x8_8_1x1_intrawave_v3,778.3,1618.0,0.0
256,7886,8192,512,ck,0,0,83.2732,a8w8_blockscale_1x128x128_256x128x128x128_16x16_32x32_2x2_8x32x1_8x32x1_1x32x1x8_8_1x1_intrawave_v3,794.4,1650.42,0.0
256,7818,8192,512,ck,0,0,83.2988,a8w8_blockscale_1x128x128_256x128x128x128_16x16_32x32_2x2_8x32x1_8x32x1_1x32x1x8_8_1x1_intrawave_v3,787.31,1636.12,0.0
256,1333,7168,4608,ck,0,0,83.3127,a8w8_blockscale_1x128x128_256x128x128x128_16x16_32x32_2x2_8x32x1_8x32x1_1x32x1x8_8_1x1_intrawave_v3,1056.96,699.56,0.0
256,7859,8192,512,ck,0,0,83.4024,a8w8_blockscale_1x128x128_256x128x128x128_16x16_32x32_2x2_8x32x1_8x32x1_1x32x1x8_8_1x1_intrawave_v3,790.46,1642.4,0.0
256,7682,8192,512,ck,0,0,83.419,a8w8_blockscale_1x128x128_256x128x128x128_16x16_32x32_2x2_8x32x1_8x32x1_1x32x1x8_8_1x1_intrawave_v3,772.5,1606.22,0.0
256,7824,8192,512,ck,0,0,83.4224,a8w8_blockscale_1x128x128_256x128x128x128_16x16_32x32_2x2_8x32x1_8x32x1_1x32x1x8_8_1x1_intrawave_v3,786.75,1634.92,0.0
256,7817,8192,512,ck,0,0,83.5272,a8w8_blockscale_1x128x128_256x128x128x128_16x16_32x32_2x2_8x32x1_8x32x1_1x32x1x8_8_1x1_intrawave_v3,785.06,1631.45,0.0
256,7834,8192,512,ck,0,0,83.554,a8w8_blockscale_1x128x128_256x128x128x128_16x16_32x32_2x2_8x32x1_8x32x1_1x32x1x8_8_1x1_intrawave_v3,786.51,1634.36,0.0
256,7700,8192,512,ck,0,0,83.5641,a8w8_blockscale_1x128x128_256x128x128x128_16x16_32x32_2x2_8x32x1_8x32x1_1x32x1x8_8_1x1_intrawave_v3,772.97,1607.07,0.0
256,7858,8192,512,ck,0,0,83.5648,a8w8_blockscale_1x128x128_256x128x128x128_16x16_32x32_2x2_8x32x1_8x32x1_1x32x1x8_8_1x1_intrawave_v3,788.82,1639.0,0.0
256,7792,8192,512,ck,0,0,83.6283,a8w8_blockscale_1x128x128_256x128x128x128_16x16_32x32_2x2_8x32x1_8x32x1_1x32x1x8_8_1x1_intrawave_v3,781.6,1624.43,0.0
256,7823,8192,512,ck,0,0,83.6344,a8w8_blockscale_1x128x128_256x128x128x128_16x16_32x32_2x2_8x32x1_8x32x1_1x32x1x8_8_1x1_intrawave_v3,784.65,1630.57,0.0
256,7767,8192,512,ck,0,0,83.6735,a8w8_blockscale_1x128x128_256x128x128x128_16x16_32x32_2x2_8x32x1_8x32x1_1x32x1x8_8_1x1_intrawave_v3,778.67,1618.5,0.0
256,7860,8192,512,ck,0,0,83.6784,a8w8_blockscale_1x128x128_256x128x128x128_16x16_32x32_2x2_8x32x1_8x32x1_1x32x1x8_8_1x1_intrawave_v3,787.95,1637.18,0.0
256,7784,8192,512,ck,0,0,83.6888,a8w8_blockscale_1x128x128_256x128x128x128_16x16_32x32_2x2_8x32x1_8x32x1_1x32x1x8_8_1x1_intrawave_v3,780.23,1621.64,0.0
256,7842,8192,512,ck,0,0,83.7052,a8w8_blockscale_1x128x128_256x128x128x128_16x16_32x32_2x2_8x32x1_8x32x1_1x32x1x8_8_1x1_intrawave_v3,785.89,1633.03,0.0
256,7789,8192,512,ck,0,0,83.72,a8w8_blockscale_1x128x128_256x128x128x128_16x16_32x32_2x2_8x32x1_8x32x1_1x32x1x8_8_1x1_intrawave_v3,780.45,1622.04,0.0
256,7895,8192,512,ck,0,0,83.7364,a8w8_blockscale_1x128x128_256x128x128x128_16x16_32x32_2x2_8x32x1_8x32x1_1x32x1x8_8_1x1_intrawave_v3,790.91,1643.11,0.0
256,7762,8192,512,ck,0,0,83.7439,a8w8_blockscale_1x128x128_256x128x128x128_16x16_32x32_2x2_8x32x1_8x32x1_1x32x1x8_8_1x1_intrawave_v3,777.52,1616.13,0.0
256,7894,8192,512,ck,0,0,83.7456,a8w8_blockscale_1x128x128_256x128x128x128_16x16_32x32_2x2_8x32x1_8x32x1_1x32x1x8_8_1x1_intrawave_v3,790.72,1642.73,0.0
256,7770,8192,512,ck,0,0,83.872,a8w8_blockscale_1x128x128_256x128x128x128_16x16_32x32_2x2_8x32x1_8x32x1_1x32x1x8_8_1x1_intrawave_v3,777.13,1615.27,0.0
256,7893,8192,512,ck,0,0,83.9452,a8w8_blockscale_1x128x128_256x128x128x128_16x16_32x32_2x2_8x32x1_8x32x1_1x32x1x8_8_1x1_intrawave_v3,788.74,1638.62,0.0
256,7877,8192,512,ck,0,0,83.9604,a8w8_blockscale_1x128x128_256x128x128x128_16x16_32x32_2x2_8x32x1_8x32x1_1x32x1x8_8_1x1_intrawave_v3,787.0,1635.11,0.0
256,7913,8192,512,ck,0,0,84.034,a8w8_blockscale_1x128x128_256x128x128x128_16x16_32x32_2x2_8x32x1_8x32x1_1x32x1x8_8_1x1_intrawave_v3,789.91,1640.91,0.0
256,7809,8192,512,ck,0,0,84.0548,a8w8_blockscale_1x128x128_256x128x128x128_16x16_32x32_2x2_8x32x1_8x32x1_1x32x1x8_8_1x1_intrawave_v3,779.33,1619.6,0.0
256,7851,8192,512,ck,0,0,84.07,a8w8_blockscale_1x128x128_256x128x128x128_16x16_32x32_2x2_8x32x1_8x32x1_1x32x1x8_8_1x1_intrawave_v3,783.38,1627.75,0.0
256,3617,8192,1536,ck,0,0,84.0917,a8w8_blockscale_1x128x128_256x128x128x128_16x16_32x32_2x2_8x32x1_8x32x1_1x32x1x8_8_1x1_intrawave_v3,1082.45,920.42,0.0
256,7840,8192,512,ck,0,0,84.1824,a8w8_blockscale_1x128x128_256x128x128x128_16x16_32x32_2x2_8x32x1_8x32x1_1x32x1x8_8_1x1_intrawave_v3,781.24,1623.37,0.0
256,7685,8192,512,ck,0,0,84.363,a8w8_blockscale_1x128x128_256x128x128x128_16x16_32x32_2x2_8x32x1_8x32x1_1x32x1x8_8_1x1_intrawave_v3,764.16,1588.85,0.0
256,7845,8192,512,ck,0,0,84.5272,a8w8_blockscale_1x128x128_256x128x128x128_16x16_32x32_2x2_8x32x1_8x32x1_1x32x1x8_8_1x1_intrawave_v3,778.55,1617.74,0.0
256,7816,8192,512,ck,0,0,84.5384,a8w8_blockscale_1x128x128_256x128x128x128_16x16_32x32_2x2_8x32x1_8x32x1_1x32x1x8_8_1x1_intrawave_v3,775.57,1611.73,0.0
256,7819,8192,512,ck,0,0,84.6896,a8w8_blockscale_1x128x128_256x128x128x128_16x16_32x32_2x2_8x32x1_8x32x1_1x32x1x8_8_1x1_intrawave_v3,774.48,1609.46,0.0
256,7889,8192,512,ck,0,0,84.7579,a8w8_blockscale_1x128x128_256x128x128x128_16x16_32x32_2x2_8x32x1_8x32x1_1x32x1x8_8_1x1_intrawave_v3,780.79,1622.11,0.0
256,7899,8192,512,ck,0,0,84.8056,a8w8_blockscale_1x128x128_256x128x128x128_16x16_32x32_2x2_8x32x1_8x32x1_1x32x1x8_8_1x1_intrawave_v3,781.34,1623.19,0.0
256,8005,8192,512,ck,0,0,85.282,a8w8_blockscale_1x128x128_256x128x128x128_16x16_32x32_2x2_8x32x1_8x32x1_1x32x1x8_8_1x1_intrawave_v3,787.4,1635.13,0.0
256,8064,8192,512,ck,0,0,85.2832,a8w8_blockscale_1x128x128_256x128x128x128_16x16_32x32_2x2_8x32x1_8x32x1_1x32x1x8_8_1x1_intrawave_v3,793.19,1646.79,0.0
256,7901,8192,512,ck,0,0,85.3684,a8w8_blockscale_1x128x128_256x128x128x128_16x16_32x32_2x2_8x32x1_8x32x1_1x32x1x8_8_1x1_intrawave_v3,776.38,1612.89,0.0
256,8041,8192,512,ck,0,0,85.3796,a8w8_blockscale_1x128x128_256x128x128x128_16x16_32x32_2x2_8x32x1_8x32x1_1x32x1x8_8_1x1_intrawave_v3,790.03,1640.38,0.0
256,7989,8192,512,ck,0,0,85.4448,a8w8_blockscale_1x128x128_256x128x128x128_16x16_32x32_2x2_8x32x1_8x32x1_1x32x1x8_8_1x1_intrawave_v3,784.33,1628.85,0.0
256,4854,6144,1536,ck,0,0,85.5887,a8w8_blockscale_1x128x128_256x128x128x128_16x16_32x32_2x2_8x32x1_8x32x1_1x32x1x8_8_1x1_intrawave_v3,1070.42,894.26,0.0
256,7950,8192,512,ck,0,0,85.6062,a8w8_blockscale_1x128x128_256x128x128x128_16x16_32x32_2x2_8x32x1_8x32x1_1x32x1x8_8_1x1_intrawave_v3,779.03,1618.08,0.0
256,1485,7168,4608,ck,0,0,85.6611,a8w8_blockscale_1x128x128_256x128x128x128_16x16_32x32_2x2_8x32x1_8x32x1_1x32x1x8_8_1x1_intrawave_v3,1145.21,714.0,0.0
256,7972,8192,512,ck,0,0,85.722,a8w8_blockscale_1x128x128_256x128x128x128_16x16_32x32_2x2_8x32x1_8x32x1_1x32x1x8_8_1x1_intrawave_v3,780.13,1620.23,0.0
256,8058,8192,512,ck,0,0,85.742,a8w8_blockscale_1x128x128_256x128x128x128_16x16_32x32_2x2_8x32x1_8x32x1_1x32x1x8_8_1x1_intrawave_v3,788.36,1636.8,0.0
256,8013,8192,512,ck,0,0,85.782,a8w8_blockscale_1x128x128_256x128x128x128_16x16_32x32_2x2_8x32x1_8x32x1_1x32x1x8_8_1x1_intrawave_v3,783.59,1627.17,0.0
256,7984,8192,512,ck,0,0,85.8744,a8w8_blockscale_1x128x128_256x128x128x128_16x16_32x32_2x2_8x32x1_8x32x1_1x32x1x8_8_1x1_intrawave_v3,779.91,1619.71,0.0
256,8042,8192,512,ck,0,0,85.89,a8w8_blockscale_1x128x128_256x128x128x128_16x16_32x32_2x2_8x32x1_8x32x1_1x32x1x8_8_1x1_intrawave_v3,785.44,1630.83,0.0
256,7981,8192,512,ck,0,0,85.9244,a8w8_blockscale_1x128x128_256x128x128x128_16x16_32x32_2x2_8x32x1_8x32x1_1x32x1x8_8_1x1_intrawave_v3,779.17,1618.18,0.0
256,7956,8192,512,ck,0,0,85.968,a8w8_blockscale_1x128x128_256x128x128x128_16x16_32x32_2x2_8x32x1_8x32x1_1x32x1x8_8_1x1_intrawave_v3,776.33,1612.45,0.0
256,7983,8192,512,ck,0,0,85.9716,a8w8_blockscale_1x128x128_256x128x128x128_16x16_32x32_2x2_8x32x1_8x32x1_1x32x1x8_8_1x1_intrawave_v3,778.93,1617.69,0.0
256,7946,8192,512,ck,0,0,85.9993,a8w8_blockscale_1x128x128_256x128x128x128_16x16_32x32_2x2_8x32x1_8x32x1_1x32x1x8_8_1x1_intrawave_v3,775.07,1609.9,0.0
256,8063,8192,512,ck,0,0,86.0132,a8w8_blockscale_1x128x128_256x128x128x128_16x16_32x32_2x2_8x32x1_8x32x1_1x32x1x8_8_1x1_intrawave_v3,786.36,1632.62,0.0
256,7947,8192,512,ck,0,0,86.0177,a8w8_blockscale_1x128x128_256x128x128x128_16x16_32x32_2x2_8x32x1_8x32x1_1x32x1x8_8_1x1_intrawave_v3,775.01,1609.75,0.0
256,5061,6144,1536,ck,0,0,86.0622,a8w8_blockscale_1x128x128_256x128x128x128_16x16_32x32_2x2_8x32x1_8x32x1_1x32x1x8_8_1x1_intrawave_v3,1109.93,922.59,0.0
256,7988,8192,512,ck,0,0,86.0728,a8w8_blockscale_1x128x128_256x128x128x128_16x16_32x32_2x2_8x32x1_8x32x1_1x32x1x8_8_1x1_intrawave_v3,778.51,1616.77,0.0
256,8059,8192,512,ck,0,0,86.104,a8w8_blockscale_1x128x128_256x128x128x128_16x16_32x32_2x2_8x32x1_8x32x1_1x32x1x8_8_1x1_intrawave_v3,785.14,1630.11,0.0
256,7980,8192,512,ck,0,0,86.112,a8w8_blockscale_1x128x128_256x128x128x128_16x16_32x32_2x2_8x32x1_8x32x1_1x32x1x8_8_1x1_intrawave_v3,777.37,1614.46,0.0
256,5005,6144,1536,ck,0,0,86.123,a8w8_blockscale_1x128x128_256x128x128x128_16x16_32x32_2x2_8x32x1_8x32x1_1x32x1x8_8_1x1_intrawave_v3,1096.88,912.95,0.0
256,7976,8192,512,ck,0,0,86.1364,a8w8_blockscale_1x128x128_256x128x128x128_16x16_32x32_2x2_8x32x1_8x32x1_1x32x1x8_8_1x1_intrawave_v3,776.76,1613.22,0.0
256,7942,8192,512,ck,0,0,86.1415,a8w8_blockscale_1x128x128_256x128x128x128_16x16_32x32_2x2_8x32x1_8x32x1_1x32x1x8_8_1x1_intrawave_v3,773.41,1606.45,0.0
256,7968,8192,512,ck,0,0,86.1431,a8w8_blockscale_1x128x128_256x128x128x128_16x16_32x32_2x2_8x32x1_8x32x1_1x32x1x8_8_1x1_intrawave_v3,775.92,1611.52,0.0
256,8044,8192,512,ck,0,0,86.1464,a8w8_blockscale_1x128x128_256x128x128x128_16x16_32x32_2x2_8x32x1_8x32x1_1x32x1x8_8_1x1_intrawave_v3,783.29,1626.37,0.0
256,7961,8192,512,ck,0,0,86.1548,a8w8_blockscale_1x128x128_256x128x128x128_16x16_32x32_2x2_8x32x1_8x32x1_1x32x1x8_8_1x1_intrawave_v3,775.14,1609.93,0.0
256,7997,8192,512,ck,0,0,86.1674,a8w8_blockscale_1x128x128_256x128x128x128_16x16_32x32_2x2_8x32x1_8x32x1_1x32x1x8_8_1x1_intrawave_v3,778.53,1616.76,0.0
256,3632,8192,1536,ck,0,0,86.1739,a8w8_blockscale_1x128x128_256x128x128x128_16x16_32x32_2x2_8x32x1_8x32x1_1x32x1x8_8_1x1_intrawave_v3,1060.67,901.3,0.0
256,7960,8192,512,ck,0,0,86.1751,a8w8_blockscale_1x128x128_256x128x128x128_16x16_32x32_2x2_8x32x1_8x32x1_1x32x1x8_8_1x1_intrawave_v3,774.86,1609.36,0.0
256,7948,8192,512,ck,0,0,86.1786,a8w8_blockscale_1x128x128_256x128x128x128_16x16_32x32_2x2_8x32x1_8x32x1_1x32x1x8_8_1x1_intrawave_v3,773.66,1606.94,0.0
256,7967,8192,512,ck,0,0,86.1896,a8w8_blockscale_1x128x128_256x128x128x128_16x16_32x32_2x2_8x32x1_8x32x1_1x32x1x8_8_1x1_intrawave_v3,775.41,1610.46,0.0
256,8060,8192,512,ck,0,0,86.1952,a8w8_blockscale_1x128x128_256x128x128x128_16x16_32x32_2x2_8x32x1_8x32x1_1x32x1x8_8_1x1_intrawave_v3,784.41,1628.58,0.0
256,8012,8192,512,ck,0,0,86.2044,a8w8_blockscale_1x128x128_256x128x128x128_16x16_32x32_2x2_8x32x1_8x32x1_1x32x1x8_8_1x1_intrawave_v3,779.65,1619.0,0.0
256,7951,8192,512,ck,0,0,86.2225,a8w8_blockscale_1x128x128_256x128x128x128_16x16_32x32_2x2_8x32x1_8x32x1_1x32x1x8_8_1x1_intrawave_v3,773.55,1606.71,0.0
256,1517,7168,4608,ck,0,0,86.2279,a8w8_blockscale_1x128x128_256x128x128x128_16x16_32x32_2x2_8x32x1_8x32x1_1x32x1x8_8_1x1_intrawave_v3,1162.19,716.34,0.0
256,7959,8192,512,ck,0,0,86.2367,a8w8_blockscale_1x128x128_256x128x128x128_16x16_32x32_2x2_8x32x1_8x32x1_1x32x1x8_8_1x1_intrawave_v3,774.21,1608.01,0.0
256,7996,8192,512,ck,0,0,86.25,a8w8_blockscale_1x128x128_256x128x128x128_16x16_32x32_2x2_8x32x1_8x32x1_1x32x1x8_8_1x1_intrawave_v3,777.68,1615.01,0.0
256,7943,8192,512,ck,0,0,86.2664,a8w8_blockscale_1x128x128_256x128x128x128_16x16_32x32_2x2_8x32x1_8x32x1_1x32x1x8_8_1x1_intrawave_v3,772.38,1604.32,0.0
256,8006,8192,512,ck,0,0,86.2925,a8w8_blockscale_1x128x128_256x128x128x128_16x16_32x32_2x2_8x32x1_8x32x1_1x32x1x8_8_1x1_intrawave_v3,778.27,1616.17,0.0
256,7978,8192,512,ck,0,0,86.2996,a8w8_blockscale_1x128x128_256x128x128x128_16x16_32x32_2x2_8x32x1_8x32x1_1x32x1x8_8_1x1_intrawave_v3,775.49,1610.56,0.0
256,7955,8192,512,ck,0,0,86.3048,a8w8_blockscale_1x128x128_256x128x128x128_16x16_32x32_2x2_8x32x1_8x32x1_1x32x1x8_8_1x1_intrawave_v3,773.21,1605.96,0.0
256,8053,8192,512,ck,0,0,86.3076,a8w8_blockscale_1x128x128_256x128x128x128_16x16_32x32_2x2_8x32x1_8x32x1_1x32x1x8_8_1x1_intrawave_v3,782.71,1625.09,0.0
256,5001,6144,1536,ck,0,0,86.3097,a8w8_blockscale_1x128x128_256x128x128x128_16x16_32x32_2x2_8x32x1_8x32x1_1x32x1x8_8_1x1_intrawave_v3,1093.63,910.34,0.0
256,8000,8192,512,ck,0,0,86.3101,a8w8_blockscale_1x128x128_256x128x128x128_16x16_32x32_2x2_8x32x1_8x32x1_1x32x1x8_8_1x1_intrawave_v3,777.53,1614.67,0.0
256,8052,8192,512,ck,0,0,86.3301,a8w8_blockscale_1x128x128_256x128x128x128_16x16_32x32_2x2_8x32x1_8x32x1_1x32x1x8_8_1x1_intrawave_v3,782.4,1624.47,0.0
256,3620,8192,1536,ck,0,0,86.3307,a8w8_blockscale_1x128x128_256x128x128x128_16x16_32x32_2x2_8x32x1_8x32x1_1x32x1x8_8_1x1_intrawave_v3,1055.25,897.17,0.0
256,5027,6144,1536,ck,0,0,86.3334,a8w8_blockscale_1x128x128_256x128x128x128_16x16_32x32_2x2_8x32x1_8x32x1_1x32x1x8_8_1x1_intrawave_v3,1099.01,914.25,0.0
256,7953,8192,512,ck,0,0,86.3417,a8w8_blockscale_1x128x128_256x128x128x128_16x16_32x32_2x2_8x32x1_8x32x1_1x32x1x8_8_1x1_intrawave_v3,772.68,1604.88,0.0
256,3655,8192,1536,ck,0,0,86.3614,a8w8_blockscale_1x128x128_256x128x128x128_16x16_32x32_2x2_8x32x1_8x32x1_1x32x1x8_8_1x1_intrawave_v3,1065.07,904.11,0.0
256,8002,8192,512,ck,0,0,86.4136,a8w8_blockscale_1x128x128_256x128x128x128_16x16_32x32_2x2_8x32x1_8x32x1_1x32x1x8_8_1x1_intrawave_v3,776.79,1613.13,0.0
256,7970,8192,512,ck,0,0,86.4316,a8w8_blockscale_1x128x128_256x128x128x128_16x16_32x32_2x2_8x32x1_8x32x1_1x32x1x8_8_1x1_intrawave_v3,773.53,1606.54,0.0
256,7986,8192,512,ck,0,0,86.4477,a8w8_blockscale_1x128x128_256x128x128x128_16x16_32x32_2x2_8x32x1_8x32x1_1x32x1x8_8_1x1_intrawave_v3,774.94,1609.36,0.0
256,7926,8192,512,ck,0,0,86.4505,a8w8_blockscale_1x128x128_256x128x128x128_16x16_32x32_2x2_8x32x1_8x32x1_1x32x1x8_8_1x1_intrawave_v3,769.09,1597.58,0.0
256,7963,8192,512,ck,0,0,86.4532,a8w8_blockscale_1x128x128_256x128x128x128_16x16_32x32_2x2_8x32x1_8x32x1_1x32x1x8_8_1x1_intrawave_v3,772.65,1604.77,0.0
256,7958,8192,512,ck,0,0,86.4535,a8w8_blockscale_1x128x128_256x128x128x128_16x16_32x32_2x2_8x32x1_8x32x1_1x32x1x8_8_1x1_intrawave_v3,772.17,1603.78,0.0
256,8057,8192,512,ck,0,0,86.4892,a8w8_blockscale_1x128x128_256x128x128x128_16x16_32x32_2x2_8x32x1_8x32x1_1x32x1x8_8_1x1_intrawave_v3,781.45,1622.46,0.0
256,7973,8192,512,ck,0,0,86.4968,a8w8_blockscale_1x128x128_256x128x128x128_16x16_32x32_2x2_8x32x1_8x32x1_1x32x1x8_8_1x1_intrawave_v3,773.24,1605.91,0.0
256,7962,8192,512,ck,0,0,86.506,a8w8_blockscale_1x128x128_256x128x128x128_16x16_32x32_2x2_8x32x1_8x32x1_1x32x1x8_8_1x1_intrawave_v3,772.09,1603.59,0.0
256,7999,8192,512,ck,0,0,86.5196,a8w8_blockscale_1x128x128_256x128x128x128_16x16_32x32_2x2_8x32x1_8x32x1_1x32x1x8_8_1x1_intrawave_v3,775.55,1610.56,0.0
256,7966,8192,512,ck,0,0,86.5224,a8w8_blockscale_1x128x128_256x128x128x128_16x16_32x32_2x2_8x32x1_8x32x1_1x32x1x8_8_1x1_intrawave_v3,772.33,1604.07,0.0
256,1490,7168,4608,ck,0,0,86.554,a8w8_blockscale_1x128x128_256x128x128x128_16x16_32x32_2x2_8x32x1_8x32x1_1x32x1x8_8_1x1_intrawave_v3,1137.21,707.73,0.0
256,8037,8192,512,ck,0,0,86.5865,a8w8_blockscale_1x128x128_256x128x128x128_16x16_32x32_2x2_8x32x1_8x32x1_1x32x1x8_8_1x1_intrawave_v3,778.63,1616.74,0.0
256,7965,8192,512,ck,0,0,86.6051,a8w8_blockscale_1x128x128_256x128x128x128_16x16_32x32_2x2_8x32x1_8x32x1_1x32x1x8_8_1x1_intrawave_v3,771.49,1602.34,0.0
256,8054,8192,512,ck,0,0,86.6256,a8w8_blockscale_1x128x128_256x128x128x128_16x16_32x32_2x2_8x32x1_8x32x1_1x32x1x8_8_1x1_intrawave_v3,779.93,1619.32,0.0
256,7975,8192,512,ck,0,0,86.6277,a8w8_blockscale_1x128x128_256x128x128x128_16x16_32x32_2x2_8x32x1_8x32x1_1x32x1x8_8_1x1_intrawave_v3,772.26,1603.87,0.0
256,8031,8192,512,ck,0,0,86.6392,a8w8_blockscale_1x128x128_256x128x128x128_16x16_32x32_2x2_8x32x1_8x32x1_1x32x1x8_8_1x1_intrawave_v3,777.58,1614.58,0.0
256,8061,8192,512,ck,0,0,86.662,a8w8_blockscale_1x128x128_256x128x128x128_16x16_32x32_2x2_8x32x1_8x32x1_1x32x1x8_8_1x1_intrawave_v3,780.28,1620.01,0.0
256,7954,8192,512,ck,0,0,86.6744,a8w8_blockscale_1x128x128_256x128x128x128_16x16_32x32_2x2_8x32x1_8x32x1_1x32x1x8_8_1x1_intrawave_v3,769.81,1598.92,0.0
256,7992,8192,512,ck,0,0,86.6844,a8w8_blockscale_1x128x128_256x128x128x128_16x16_32x32_2x2_8x32x1_8x32x1_1x32x1x8_8_1x1_intrawave_v3,773.4,1606.14,0.0
256,8552,8192,512,ck,0,0,86.7076,a8w8_blockscale_1x128x128_256x128x128x128_16x16_32x32_2x2_8x32x1_8x32x1_1x32x1x8_8_1x1_intrawave_v3,827.37,1714.83,0.0
256,1553,7168,4096,ck,0,0,86.7394,a8w8_blockscale_1x128x128_256x128x128x128_16x16_32x32_2x2_8x32x1_8x32x1_1x32x1x8_8_1x1_intrawave_v3,1051.34,668.5,0.0
256,7957,8192,512,ck,0,0,86.7473,a8w8_blockscale_1x128x128_256x128x128x128_16x16_32x32_2x2_8x32x1_8x32x1_1x32x1x8_8_1x1_intrawave_v3,769.46,1598.16,0.0
256,8008,8192,512,ck,0,0,86.7744,a8w8_blockscale_1x128x128_256x128x128x128_16x16_32x32_2x2_8x32x1_8x32x1_1x32x1x8_8_1x1_intrawave_v3,774.15,1607.59,0.0
256,4936,6144,1536,ck,0,0,86.7855,a8w8_blockscale_1x128x128_256x128x128x128_16x16_32x32_2x2_8x32x1_8x32x1_1x32x1x8_8_1x1_intrawave_v3,1073.5,894.99,0.0
256,5007,6144,1536,ck,0,0,86.7958,a8w8_blockscale_1x128x128_256x128x128x128_16x16_32x32_2x2_8x32x1_8x32x1_1x32x1x8_8_1x1_intrawave_v3,1088.81,906.2,0.0
256,8049,8192,512,ck,0,0,86.8364,a8w8_blockscale_1x128x128_256x128x128x128_16x16_32x32_2x2_8x32x1_8x32x1_1x32x1x8_8_1x1_intrawave_v3,777.55,1614.42,0.0
256,7985,8192,512,ck,0,0,86.8404,a8w8_blockscale_1x128x128_256x128x128x128_16x16_32x32_2x2_8x32x1_8x32x1_1x32x1x8_8_1x1_intrawave_v3,771.33,1601.89,0.0
256,8055,8192,512,ck,0,0,86.878,a8w8_blockscale_1x128x128_256x128x128x128_16x16_32x32_2x2_8x32x1_8x32x1_1x32x1x8_8_1x1_intrawave_v3,777.76,1614.81,0.0
256,5012,6144,1536,ck,0,0,86.8898,a8w8_blockscale_1x128x128_256x128x128x128_16x16_32x32_2x2_8x32x1_8x32x1_1x32x1x8_8_1x1_intrawave_v3,1088.72,906.01,0.0
256,8027,8192,512,ck,0,0,86.8974,a8w8_blockscale_1x128x128_256x128x128x128_16x16_32x32_2x2_8x32x1_8x32x1_1x32x1x8_8_1x1_intrawave_v3,774.88,1609.01,0.0
256,8050,8192,512,ck,0,0,86.9008,a8w8_blockscale_1x128x128_256x128x128x128_16x16_32x32_2x2_8x32x1_8x32x1_1x32x1x8_8_1x1_intrawave_v3,777.07,1613.42,0.0
256,5033,6144,1536,ck,0,0,86.9014,a8w8_blockscale_1x128x128_256x128x128x128_16x16_32x32_2x2_8x32x1_8x32x1_1x32x1x8_8_1x1_intrawave_v3,1093.13,909.23,0.0
256,5018,6144,1536,ck,0,0,86.9272,a8w8_blockscale_1x128x128_256x128x128x128_16x16_32x32_2x2_8x32x1_8x32x1_1x32x1x8_8_1x1_intrawave_v3,1089.55,906.57,0.0
256,8023,8192,512,ck,0,0,86.9645,a8w8_blockscale_1x128x128_256x128x128x128_16x16_32x32_2x2_8x32x1_8x32x1_1x32x1x8_8_1x1_intrawave_v3,773.9,1606.99,0.0
256,5014,6144,1536,ck,0,0,86.9875,a8w8_blockscale_1x128x128_256x128x128x128_16x16_32x32_2x2_8x32x1_8x32x1_1x32x1x8_8_1x1_intrawave_v3,1087.93,905.31,0.0
256,7998,8192,512,ck,0,0,86.9905,a8w8_blockscale_1x128x128_256x128x128x128_16x16_32x32_2x2_8x32x1_8x32x1_1x32x1x8_8_1x1_intrawave_v3,771.26,1601.65,0.0
256,7949,8192,512,ck,0,0,86.9942,a8w8_blockscale_1x128x128_256x128x128x128_16x16_32x32_2x2_8x32x1_8x32x1_1x32x1x8_8_1x1_intrawave_v3,766.5,1592.07,0.0
256,5060,6144,1536,ck,0,0,86.9974,a8w8_blockscale_1x128x128_256x128x128x128_16x16_32x32_2x2_8x32x1_8x32x1_1x32x1x8_8_1x1_intrawave_v3,1097.78,912.52,0.0
256,8683,8192,512,ck,0,0,87.0,a8w8_blockscale_1x128x128_256x128x128x128_16x16_32x32_2x2_8x32x1_8x32x1_1x32x1x8_8_1x1_intrawave_v3,837.22,1734.51,0.0
256,8546,8192,512,ck,0,0,87.0032,a8w8_blockscale_1x128x128_256x128x128x128_16x16_32x32_2x2_8x32x1_8x32x1_1x32x1x8_8_1x1_intrawave_v3,823.98,1707.84,0.0
256,7991,8192,512,ck,0,0,87.0192,a8w8_blockscale_1x128x128_256x128x128x128_16x16_32x32_2x2_8x32x1_8x32x1_1x32x1x8_8_1x1_intrawave_v3,770.33,1599.76,0.0
256,7964,8192,512,ck,0,0,87.0225,a8w8_blockscale_1x128x128_256x128x128x128_16x16_32x32_2x2_8x32x1_8x32x1_1x32x1x8_8_1x1_intrawave_v3,767.7,1594.46,0.0
256,8504,8192,512,ck,0,0,87.026,a8w8_blockscale_1x128x128_256x128x128x128_16x16_32x32_2x2_8x32x1_8x32x1_1x32x1x8_8_1x1_intrawave_v3,819.72,1699.24,0.0
256,8024,8192,512,ck,0,0,87.0408,a8w8_blockscale_1x128x128_256x128x128x128_16x16_32x32_2x2_8x32x1_8x32x1_1x32x1x8_8_1x1_intrawave_v3,773.32,1605.77,0.0
256,7945,8192,512,ck,0,0,87.0561,a8w8_blockscale_1x128x128_256x128x128x128_16x16_32x32_2x2_8x32x1_8x32x1_1x32x1x8_8_1x1_intrawave_v3,765.57,1590.16,0.0
256,5030,6144,1536,ck,0,0,87.081,a8w8_blockscale_1x128x128_256x128x128x128_16x16_32x32_2x2_8x32x1_8x32x1_1x32x1x8_8_1x1_intrawave_v3,1090.23,906.88,0.0
256,5062,6144,1536,ck,0,0,87.085,a8w8_blockscale_1x128x128_256x128x128x128_16x16_32x32_2x2_8x32x1_8x32x1_1x32x1x8_8_1x1_intrawave_v3,1097.11,911.92,0.0
256,4898,6144,1536,ck,0,0,87.1023,a8w8_blockscale_1x128x128_256x128x128x128_16x16_32x32_2x2_8x32x1_8x32x1_1x32x1x8_8_1x1_intrawave_v3,1061.36,885.71,0.0
256,8025,8192,512,ck,0,0,87.1164,a8w8_blockscale_1x128x128_256x128x128x128_16x16_32x32_2x2_8x32x1_8x32x1_1x32x1x8_8_1x1_intrawave_v3,772.74,1604.57,0.0
256,8471,8192,512,ck,0,0,87.1282,a8w8_blockscale_1x128x128_256x128x128x128_16x16_32x32_2x2_8x32x1_8x32x1_1x32x1x8_8_1x1_intrawave_v3,815.58,1690.85,0.0
256,8543,8192,512,ck,0,0,87.1576,a8w8_blockscale_1x128x128_256x128x128x128_16x16_32x32_2x2_8x32x1_8x32x1_1x32x1x8_8_1x1_intrawave_v3,822.23,1704.23,0.0
256,8032,8192,512,ck,0,0,87.1636,a8w8_blockscale_1x128x128_256x128x128x128_16x16_32x32_2x2_8x32x1_8x32x1_1x32x1x8_8_1x1_intrawave_v3,773.0,1605.06,0.0
256,8686,8192,512,ck,0,0,87.1709,a8w8_blockscale_1x128x128_256x128x128x128_16x16_32x32_2x2_8x32x1_8x32x1_1x32x1x8_8_1x1_intrawave_v3,835.87,1731.69,0.0
256,7952,8192,512,ck,0,0,87.1864,a8w8_blockscale_1x128x128_256x128x128x128_16x16_32x32_2x2_8x32x1_8x32x1_1x32x1x8_8_1x1_intrawave_v3,765.1,1589.14,0.0
256,8039,8192,512,ck,0,0,87.2336,a8w8_blockscale_1x128x128_256x128x128x128_16x16_32x32_2x2_8x32x1_8x32x1_1x32x1x8_8_1x1_intrawave_v3,773.05,1605.13,0.0
256,8487,8192,512,ck,0,0,87.2476,a8w8_blockscale_1x128x128_256x128x128x128_16x16_32x32_2x2_8x32x1_8x32x1_1x32x1x8_8_1x1_intrawave_v3,816.0,1691.63,0.0
256,8015,8192,512,ck,0,0,87.282,a8w8_blockscale_1x128x128_256x128x128x128_16x16_32x32_2x2_8x32x1_8x32x1_1x32x1x8_8_1x1_intrawave_v3,770.32,1599.59,0.0
256,8593,8192,512,ck,0,0,87.282,a8w8_blockscale_1x128x128_256x128x128x128_16x16_32x32_2x2_8x32x1_8x32x1_1x32x1x8_8_1x1_intrawave_v3,825.87,1711.48,0.0
256,8634,8192,512,ck,0,0,87.3192,a8w8_blockscale_1x128x128_256x128x128x128_16x16_32x32_2x2_8x32x1_8x32x1_1x32x1x8_8_1x1_intrawave_v3,829.45,1718.69,0.0
256,8021,8192,512,ck,0,0,87.32,a8w8_blockscale_1x128x128_256x128x128x128_16x16_32x32_2x2_8x32x1_8x32x1_1x32x1x8_8_1x1_intrawave_v3,770.56,1600.06,0.0
256,8004,8192,512,ck,0,0,87.3204,a8w8_blockscale_1x128x128_256x128x128x128_16x16_32x32_2x2_8x32x1_8x32x1_1x32x1x8_8_1x1_intrawave_v3,768.92,1596.76,0.0
256,8010,8192,512,ck,0,0,87.3268,a8w8_blockscale_1x128x128_256x128x128x128_16x16_32x32_2x2_8x32x1_8x32x1_1x32x1x8_8_1x1_intrawave_v3,769.44,1597.81,0.0
256,8514,8192,512,ck,0,0,87.3705,a8w8_blockscale_1x128x128_256x128x128x128_16x16_32x32_2x2_8x32x1_8x32x1_1x32x1x8_8_1x1_intrawave_v3,817.45,1694.47,0.0
256,3749,8192,1536,ck,0,0,87.3745,a8w8_blockscale_1x128x128_256x128x128x128_16x16_32x32_2x2_8x32x1_8x32x1_1x32x1x8_8_1x1_intrawave_v3,1079.8,912.91,0.0
256,8001,8192,512,ck,0,0,87.3812,a8w8_blockscale_1x128x128_256x128x128x128_16x16_32x32_2x2_8x32x1_8x32x1_1x32x1x8_8_1x1_intrawave_v3,768.1,1595.07,0.0
256,8480,8192,512,ck,0,0,87.3833,a8w8_blockscale_1x128x128_256x128x128x128_16x16_32x32_2x2_8x32x1_8x32x1_1x32x1x8_8_1x1_intrawave_v3,814.06,1687.65,0.0
256,8536,8192,512,ck,0,0,87.4385,a8w8_blockscale_1x128x128_256x128x128x128_16x16_32x32_2x2_8x32x1_8x32x1_1x32x1x8_8_1x1_intrawave_v3,818.92,1697.41,0.0
256,1601,7168,4096,ck,0,0,87.4472,a8w8_blockscale_1x128x128_256x128x128x128_16x16_32x32_2x2_8x32x1_8x32x1_1x32x1x8_8_1x1_intrawave_v3,1075.06,673.2,0.0
256,8554,8192,512,ck,0,0,87.4793,a8w8_blockscale_1x128x128_256x128x128x128_16x16_32x32_2x2_8x32x1_8x32x1_1x32x1x8_8_1x1_intrawave_v3,820.26,1700.09,0.0
256,8595,8192,512,ck,0,0,87.4804,a8w8_blockscale_1x128x128_256x128x128x128_16x16_32x32_2x2_8x32x1_8x32x1_1x32x1x8_8_1x1_intrawave_v3,824.19,1707.99,0.0
256,8474,8192,512,ck,0,0,87.541,a8w8_blockscale_1x128x128_256x128x128x128_16x16_32x32_2x2_8x32x1_8x32x1_1x32x1x8_8_1x1_intrawave_v3,812.02,1683.45,0.0
256,5051,6144,1536,ck,0,0,87.5491,a8w8_blockscale_1x128x128_256x128x128x128_16x16_32x32_2x2_8x32x1_8x32x1_1x32x1x8_8_1x1_intrawave_v3,1088.93,905.35,0.0
256,8034,8192,512,ck,0,0,87.5788,a8w8_blockscale_1x128x128_256x128x128x128_16x16_32x32_2x2_8x32x1_8x32x1_1x32x1x8_8_1x1_intrawave_v3,769.53,1597.84,0.0
256,7994,8192,512,ck,0,0,87.5792,a8w8_blockscale_1x128x128_256x128x128x128_16x16_32x32_2x2_8x32x1_8x32x1_1x32x1x8_8_1x1_intrawave_v3,765.69,1590.11,0.0
256,8661,8192,512,ck,0,0,87.5896,a8w8_blockscale_1x128x128_256x128x128x128_16x16_32x32_2x2_8x32x1_8x32x1_1x32x1x8_8_1x1_intrawave_v3,829.48,1718.59,0.0
256,8431,8192,512,ck,0,0,87.5915,a8w8_blockscale_1x128x128_256x128x128x128_16x16_32x32_2x2_8x32x1_8x32x1_1x32x1x8_8_1x1_intrawave_v3,807.43,1674.19,0.0
256,5280,6144,1536,ck,0,0,87.6018,a8w8_blockscale_1x128x128_256x128x128x128_16x16_32x32_2x2_8x32x1_8x32x1_1x32x1x8_8_1x1_intrawave_v3,1137.61,940.94,0.0
256,8048,8192,512,ck,0,0,87.6084,a8w8_blockscale_1x128x128_256x128x128x128_16x16_32x32_2x2_8x32x1_8x32x1_1x32x1x8_8_1x1_intrawave_v3,770.61,1600.0,0.0
256,5004,6144,1536,ck,0,0,87.6319,a8w8_blockscale_1x128x128_256x128x128x128_16x16_32x32_2x2_8x32x1_8x32x1_1x32x1x8_8_1x1_intrawave_v3,1077.77,897.08,0.0
256,8555,8192,512,ck,0,0,87.6631,a8w8_blockscale_1x128x128_256x128x128x128_16x16_32x32_2x2_8x32x1_8x32x1_1x32x1x8_8_1x1_intrawave_v3,818.64,1696.72,0.0
256,8411,8192,512,ck,0,0,87.67,a8w8_blockscale_1x128x128_256x128x128x128_16x16_32x32_2x2_8x32x1_8x32x1_1x32x1x8_8_1x1_intrawave_v3,804.8,1668.83,0.0
256,8036,8192,512,ck,0,0,87.6752,a8w8_blockscale_1x128x128_256x128x128x128_16x16_32x32_2x2_8x32x1_8x32x1_1x32x1x8_8_1x1_intrawave_v3,768.87,1596.47,0.0
256,8550,8192,512,ck,0,0,87.6752,a8w8_blockscale_1x128x128_256x128x128x128_16x16_32x32_2x2_8x32x1_8x32x1_1x32x1x8_8_1x1_intrawave_v3,818.05,1695.52,0.0
256,8026,8192,512,ck,0,0,87.6768,a8w8_blockscale_1x128x128_256x128x128x128_16x16_32x32_2x2_8x32x1_8x32x1_1x32x1x8_8_1x1_intrawave_v3,767.9,1594.51,0.0
256,8448,8192,512,ck,0,0,87.6781,a8w8_blockscale_1x128x128_256x128x128x128_16x16_32x32_2x2_8x32x1_8x32x1_1x32x1x8_8_1x1_intrawave_v3,808.26,1675.81,0.0
256,8045,8192,512,ck,0,0,87.6972,a8w8_blockscale_1x128x128_256x128x128x128_16x16_32x32_2x2_8x32x1_8x32x1_1x32x1x8_8_1x1_intrawave_v3,769.54,1597.8,0.0
256,8485,8192,512,ck,0,0,87.6988,a8w8_blockscale_1x128x128_256x128x128x128_16x16_32x32_2x2_8x32x1_8x32x1_1x32x1x8_8_1x1_intrawave_v3,811.61,1682.54,0.0
256,8677,8192,512,ck,0,0,87.7208,a8w8_blockscale_1x128x128_256x128x128x128_16x16_32x32_2x2_8x32x1_8x32x1_1x32x1x8_8_1x1_intrawave_v3,829.77,1719.1,0.0
256,8455,8192,512,ck,0,0,87.7446,a8w8_blockscale_1x128x128_256x128x128x128_16x16_32x32_2x2_8x32x1_8x32x1_1x32x1x8_8_1x1_intrawave_v3,808.32,1675.89,0.0
256,5006,6144,1536,ck,0,0,87.7519,a8w8_blockscale_1x128x128_256x128x128x128_16x16_32x32_2x2_8x32x1_8x32x1_1x32x1x8_8_1x1_intrawave_v3,1076.73,896.16,0.0
256,8475,8192,512,ck,0,0,87.768,a8w8_blockscale_1x128x128_256x128x128x128_16x16_32x32_2x2_8x32x1_8x32x1_1x32x1x8_8_1x1_intrawave_v3,810.02,1679.29,0.0
256,7990,8192,512,ck,0,0,87.8008,a8w8_blockscale_1x128x128_256x128x128x128_16x16_32x32_2x2_8x32x1_8x32x1_1x32x1x8_8_1x1_intrawave_v3,763.38,1585.33,0.0
256,8353,8192,512,ck,0,0,87.8277,a8w8_blockscale_1x128x128_256x128x128x128_16x16_32x32_2x2_8x32x1_8x32x1_1x32x1x8_8_1x1_intrawave_v3,797.81,1654.68,0.0
256,8602,8192,512,ck,0,0,87.8585,a8w8_blockscale_1x128x128_256x128x128x128_16x16_32x32_2x2_8x32x1_8x32x1_1x32x1x8_8_1x1_intrawave_v3,821.31,1701.98,0.0
256,8627,8192,512,ck,0,0,87.868,a8w8_blockscale_1x128x128_256x128x128x128_16x16_32x32_2x2_8x32x1_8x32x1_1x32x1x8_8_1x1_intrawave_v3,823.6,1706.61,0.0
256,8608,8192,512,ck,0,0,87.8688,a8w8_blockscale_1x128x128_256x128x128x128_16x16_32x32_2x2_8x32x1_8x32x1_1x32x1x8_8_1x1_intrawave_v3,821.78,1702.94,0.0
256,7690,8192,512,ck,18,0,87.8707,a8w8_blockscale_1x128x128_256x64x64x256_16x16_32x32_1x1_16x16x1_16x16x1_1x32x1x8_8_1x1_intrawave_v1,734.13,1526.39,0.0
256,8047,8192,512,ck,0,0,87.8712,a8w8_blockscale_1x128x128_256x128x128x128_16x16_32x32_2x2_8x32x1_8x32x1_1x32x1x8_8_1x1_intrawave_v3,768.21,1595.02,0.0
256,8366,8192,512,ck,0,0,87.8828,a8w8_blockscale_1x128x128_256x128x128x128_16x16_32x32_2x2_8x32x1_8x32x1_1x32x1x8_8_1x1_intrawave_v3,798.55,1656.14,0.0
256,5003,6144,1536,ck,0,0,87.8837,a8w8_blockscale_1x128x128_256x128x128x128_16x16_32x32_2x2_8x32x1_8x32x1_1x32x1x8_8_1x1_intrawave_v3,1074.47,894.35,0.0
256,1548,7168,4096,ck,0,0,87.8916,a8w8_blockscale_1x128x128_256x128x128x128_16x16_32x32_2x2_8x32x1_8x32x1_1x32x1x8_8_1x1_intrawave_v3,1034.22,658.68,0.0
256,5028,6144,1536,ck,0,0,87.8935,a8w8_blockscale_1x128x128_256x128x128x128_16x16_32x32_2x2_8x32x1_8x32x1_1x32x1x8_8_1x1_intrawave_v3,1079.72,898.18,0.0
256,8469,8192,512,ck,0,0,87.9021,a8w8_blockscale_1x128x128_256x128x128x128_16x16_32x32_2x2_8x32x1_8x32x1_1x32x1x8_8_1x1_intrawave_v3,808.21,1675.57,0.0
256,5059,6144,1536,ck,0,0,87.9151,a8w8_blockscale_1x128x128_256x128x128x128_16x16_32x32_2x2_8x32x1_8x32x1_1x32x1x8_8_1x1_intrawave_v3,1086.11,902.83,0.0
256,8051,8192,512,ck,0,0,87.9208,a8w8_blockscale_1x128x128_256x128x128x128_16x16_32x32_2x2_8x32x1_8x32x1_1x32x1x8_8_1x1_intrawave_v3,768.15,1594.89,0.0
256,8016,8192,512,ck,0,0,87.9332,a8w8_blockscale_1x128x128_256x128x128x128_16x16_32x32_2x2_8x32x1_8x32x1_1x32x1x8_8_1x1_intrawave_v3,764.71,1587.94,0.0
256,8029,8192,512,ck,0,0,87.9458,a8w8_blockscale_1x128x128_256x128x128x128_16x16_32x32_2x2_8x32x1_8x32x1_1x32x1x8_8_1x1_intrawave_v3,765.84,1590.21,0.0
256,8020,8192,512,ck,0,0,87.9459,a8w8_blockscale_1x128x128_256x128x128x128_16x16_32x32_2x2_8x32x1_8x32x1_1x32x1x8_8_1x1_intrawave_v3,764.98,1588.48,0.0
256,8641,8192,512,ck,0,0,87.9517,a8w8_blockscale_1x128x128_256x128x128x128_16x16_32x32_2x2_8x32x1_8x32x1_1x32x1x8_8_1x1_intrawave_v3,824.16,1707.67,0.0
256,8335,8192,512,ck,0,0,87.9897,a8w8_blockscale_1x128x128_256x128x128x128_16x16_32x32_2x2_8x32x1_8x32x1_1x32x1x8_8_1x1_intrawave_v3,794.63,1648.18,0.0
256,8549,8192,512,ck,0,0,88.004,a8w8_blockscale_1x128x128_256x128x128x128_16x16_32x32_2x2_8x32x1_8x32x1_1x32x1x8_8_1x1_intrawave_v3,814.9,1688.99,0.0
256,8690,8192,512,ck,0,0,88.0149,a8w8_blockscale_1x128x128_256x128x128x128_16x16_32x32_2x2_8x32x1_8x32x1_1x32x1x8_8_1x1_intrawave_v3,828.23,1715.85,0.0
256,8442,8192,512,ck,0,0,88.0245,a8w8_blockscale_1x128x128_256x128x128x128_16x16_32x32_2x2_8x32x1_8x32x1_1x32x1x8_8_1x1_intrawave_v3,804.51,1668.06,0.0
256,3840,8192,1536,ck,0,0,88.0253,a8w8_blockscale_1x128x128_256x128x128x128_16x16_32x32_2x2_8x32x1_8x32x1_1x32x1x8_8_1x1_intrawave_v3,1097.83,924.69,0.0
256,8413,8192,512,ck,0,0,88.0603,a8w8_blockscale_1x128x128_256x128x128x128_16x16_32x32_2x2_8x32x1_8x32x1_1x32x1x8_8_1x1_intrawave_v3,801.42,1661.82,0.0
256,8600,8192,512,ck,0,0,88.0612,a8w8_blockscale_1x128x128_256x128x128x128_16x16_32x32_2x2_8x32x1_8x32x1_1x32x1x8_8_1x1_intrawave_v3,819.23,1697.68,0.0
256,8680,8192,512,ck,0,0,88.0737,a8w8_blockscale_1x128x128_256x128x128x128_16x16_32x32_2x2_8x32x1_8x32x1_1x32x1x8_8_1x1_intrawave_v3,826.73,1712.79,0.0
256,5259,6144,1536,ck,0,0,88.103,a8w8_blockscale_1x128x128_256x128x128x128_16x16_32x32_2x2_8x32x1_8x32x1_1x32x1x8_8_1x1_intrawave_v3,1126.64,932.29,0.0
256,8547,8192,512,ck,0,0,88.1076,a8w8_blockscale_1x128x128_256x128x128x128_16x16_32x32_2x2_8x32x1_8x32x1_1x32x1x8_8_1x1_intrawave_v3,813.75,1686.62,0.0
256,8635,8192,512,ck,0,0,88.152,a8w8_blockscale_1x128x128_256x128x128x128_16x16_32x32_2x2_8x32x1_8x32x1_1x32x1x8_8_1x1_intrawave_v3,821.71,1702.64,0.0
256,1639,7168,4096,ck,0,0,88.1622,a8w8_blockscale_1x128x128_256x128x128x128_16x16_32x32_2x2_8x32x1_8x32x1_1x32x1x8_8_1x1_intrawave_v3,1091.65,675.69,0.0
256,5268,6144,1536,ck,0,0,88.1782,a8w8_blockscale_1x128x128_256x128x128x128_16x16_32x32_2x2_8x32x1_8x32x1_1x32x1x8_8_1x1_intrawave_v3,1127.6,932.91,0.0
256,5332,6144,1536,ck,0,0,88.1878,a8w8_blockscale_1x128x128_256x128x128x128_16x16_32x32_2x2_8x32x1_8x32x1_1x32x1x8_8_1x1_intrawave_v3,1141.18,942.84,0.0
256,8351,8192,512,ck,0,0,88.1985,a8w8_blockscale_1x128x128_256x128x128x128_16x16_32x32_2x2_8x32x1_8x32x1_1x32x1x8_8_1x1_intrawave_v3,794.27,1647.34,0.0
256,8559,8192,512,ck,0,0,88.2036,a8w8_blockscale_1x128x128_256x128x128x128_16x16_32x32_2x2_8x32x1_8x32x1_1x32x1x8_8_1x1_intrawave_v3,814.0,1687.09,0.0
256,8482,8192,512,ck,0,0,88.2073,a8w8_blockscale_1x128x128_256x128x128x128_16x16_32x32_2x2_8x32x1_8x32x1_1x32x1x8_8_1x1_intrawave_v3,806.65,1672.27,0.0
256,8361,8192,512,ck,0,0,88.2157,a8w8_blockscale_1x128x128_256x128x128x128_16x16_32x32_2x2_8x32x1_8x32x1_1x32x1x8_8_1x1_intrawave_v3,795.06,1648.93,0.0
256,5373,6144,1536,ck,0,0,88.2205,a8w8_blockscale_1x128x128_256x128x128x128_16x16_32x32_2x2_8x32x1_8x32x1_1x32x1x8_8_1x1_intrawave_v3,1149.53,948.91,0.0
256,8603,8192,512,ck,0,0,88.2256,a8w8_blockscale_1x128x128_256x128x128x128_16x16_32x32_2x2_8x32x1_8x32x1_1x32x1x8_8_1x1_intrawave_v3,817.98,1695.09,0.0
256,8522,8192,512,ck,0,0,88.2279,a8w8_blockscale_1x128x128_256x128x128x128_16x16_32x32_2x2_8x32x1_8x32x1_1x32x1x8_8_1x1_intrawave_v3,810.26,1679.54,0.0
256,8545,8192,512,ck,0,0,88.2429,a8w8_blockscale_1x128x128_256x128x128x128_16x16_32x32_2x2_8x32x1_8x32x1_1x32x1x8_8_1x1_intrawave_v3,812.31,1683.66,0.0
256,8347,8192,512,ck,0,0,88.2448,a8w8_blockscale_1x128x128_256x128x128x128_16x16_32x32_2x2_8x32x1_8x32x1_1x32x1x8_8_1x1_intrawave_v3,793.47,1645.71,0.0
256,8346,8192,512,ck,0,0,88.2505,a8w8_blockscale_1x128x128_256x128x128x128_16x16_32x32_2x2_8x32x1_8x32x1_1x32x1x8_8_1x1_intrawave_v3,793.32,1645.41,0.0
256,3831,8192,1536,ck,0,0,88.2521,a8w8_blockscale_1x128x128_256x128x128x128_16x16_32x32_2x2_8x32x1_8x32x1_1x32x1x8_8_1x1_intrawave_v3,1092.44,920.48,0.0
256,8364,8192,512,ck,0,0,88.257,a8w8_blockscale_1x128x128_256x128x128x128_16x16_32x32_2x2_8x32x1_8x32x1_1x32x1x8_8_1x1_intrawave_v3,794.98,1648.74,0.0
256,8558,8192,512,ck,0,0,88.27,a8w8_blockscale_1x128x128_256x128x128x128_16x16_32x32_2x2_8x32x1_8x32x1_1x32x1x8_8_1x1_intrawave_v3,813.3,1685.63,0.0
256,5252,6144,1536,ck,0,0,88.2746,a8w8_blockscale_1x128x128_256x128x128x128_16x16_32x32_2x2_8x32x1_8x32x1_1x32x1x8_8_1x1_intrawave_v3,1122.95,929.38,0.0
256,8649,8192,512,ck,0,0,88.2824,a8w8_blockscale_1x128x128_256x128x128x128_16x16_32x32_2x2_8x32x1_8x32x1_1x32x1x8_8_1x1_intrawave_v3,821.83,1702.81,0.0
256,8441,8192,512,ck,0,0,88.2888,a8w8_blockscale_1x128x128_256x128x128x128_16x16_32x32_2x2_8x32x1_8x32x1_1x32x1x8_8_1x1_intrawave_v3,802.01,1662.88,0.0
256,8646,8192,512,ck,0,0,88.2939,a8w8_blockscale_1x128x128_256x128x128x128_16x16_32x32_2x2_8x32x1_8x32x1_1x32x1x8_8_1x1_intrawave_v3,821.44,1702.01,0.0
256,8017,8192,512,ck,0,0,88.3001,a8w8_blockscale_1x128x128_256x128x128x128_16x16_32x32_2x2_8x32x1_8x32x1_1x32x1x8_8_1x1_intrawave_v3,761.62,1581.53,0.0
256,5284,6144,1536,ck,0,0,88.3107,a8w8_blockscale_1x128x128_256x128x128x128_16x16_32x32_2x2_8x32x1_8x32x1_1x32x1x8_8_1x1_intrawave_v3,1129.33,934.01,0.0
256,8672,8192,512,ck,0,0,88.3119,a8w8_blockscale_1x128x128_256x128x128x128_16x16_32x32_2x2_8x32x1_8x32x1_1x32x1x8_8_1x1_intrawave_v3,823.74,1706.64,0.0
256,5331,6144,1536,ck,0,0,88.3258,a8w8_blockscale_1x128x128_256x128x128x128_16x16_32x32_2x2_8x32x1_8x32x1_1x32x1x8_8_1x1_intrawave_v3,1139.18,941.21,0.0
256,8511,8192,512,ck,0,0,88.3457,a8w8_blockscale_1x128x128_256x128x128x128_16x16_32x32_2x2_8x32x1_8x32x1_1x32x1x8_8_1x1_intrawave_v3,808.14,1675.19,0.0
256,8028,8192,512,ck,0,0,88.3468,a8w8_blockscale_1x128x128_256x128x128x128_16x16_32x32_2x2_8x32x1_8x32x1_1x32x1x8_8_1x1_intrawave_v3,762.27,1582.8,0.0
256,8348,8192,512,ck,0,0,88.3481,a8w8_blockscale_1x128x128_256x128x128x128_16x16_32x32_2x2_8x32x1_8x32x1_1x32x1x8_8_1x1_intrawave_v3,792.64,1643.98,0.0
256,5000,6144,1536,ck,0,0,88.3763,a8w8_blockscale_1x128x128_256x128x128x128_16x16_32x32_2x2_8x32x1_8x32x1_1x32x1x8_8_1x1_intrawave_v3,1067.84,888.89,0.0
256,5367,6144,1536,ck,0,0,88.3782,a8w8_blockscale_1x128x128_256x128x128x128_16x16_32x32_2x2_8x32x1_8x32x1_1x32x1x8_8_1x1_intrawave_v3,1146.2,946.28,0.0
256,8018,8192,512,ck,0,0,88.3849,a8w8_blockscale_1x128x128_256x128x128x128_16x16_32x32_2x2_8x32x1_8x32x1_1x32x1x8_8_1x1_intrawave_v3,760.99,1580.21,0.0
256,8394,8192,512,ck,0,0,88.3918,a8w8_blockscale_1x128x128_256x128x128x128_16x16_32x32_2x2_8x32x1_8x32x1_1x32x1x8_8_1x1_intrawave_v3,796.61,1651.96,0.0
256,8393,8192,512,ck,0,0,88.3932,a8w8_blockscale_1x128x128_256x128x128x128_16x16_32x32_2x2_8x32x1_8x32x1_1x32x1x8_8_1x1_intrawave_v3,796.5,1651.74,0.0
256,8585,8192,512,ck,0,0,88.4072,a8w8_blockscale_1x128x128_256x128x128x128_16x16_32x32_2x2_8x32x1_8x32x1_1x32x1x8_8_1x1_intrawave_v3,814.6,1688.17,0.0
256,8337,8192,512,ck,0,0,88.4077,a8w8_blockscale_1x128x128_256x128x128x128_16x16_32x32_2x2_8x32x1_8x32x1_1x32x1x8_8_1x1_intrawave_v3,791.06,1640.76,0.0
256,8377,8192,512,ck,0,0,88.4114,a8w8_blockscale_1x128x128_256x128x128x128_16x16_32x32_2x2_8x32x1_8x32x1_1x32x1x8_8_1x1_intrawave_v3,794.82,1648.34,0.0
256,8572,8192,512,ck,0,0,88.4384,a8w8_blockscale_1x128x128_256x128x128x128_16x16_32x32_2x2_8x32x1_8x32x1_1x32x1x8_8_1x1_intrawave_v3,813.08,1685.09,0.0
256,8503,8192,512,ck,0,0,88.4724,a8w8_blockscale_1x128x128_256x128x128x128_16x16_32x32_2x2_8x32x1_8x32x1_1x32x1x8_8_1x1_intrawave_v3,806.22,1671.27,0.0
256,8557,8192,512,ck,0,0,88.4981,a8w8_blockscale_1x128x128_256x128x128x128_16x16_32x32_2x2_8x32x1_8x32x1_1x32x1x8_8_1x1_intrawave_v3,811.11,1681.09,0.0
256,8439,8192,512,ck,0,0,88.5005,a8w8_blockscale_1x128x128_256x128x128x128_16x16_32x32_2x2_8x32x1_8x32x1_1x32x1x8_8_1x1_intrawave_v3,799.9,1658.52,0.0
256,8573,8192,512,ck,0,0,88.5167,a8w8_blockscale_1x128x128_256x128x128x128_16x16_32x32_2x2_8x32x1_8x32x1_1x32x1x8_8_1x1_intrawave_v3,812.45,1683.79,0.0
256,8695,8192,512,ck,0,0,88.538,a8w8_blockscale_1x128x128_256x128x128x128_16x16_32x32_2x2_8x32x1_8x32x1_1x32x1x8_8_1x1_intrawave_v3,823.82,1706.67,0.0
256,8007,8192,512,ck,0,0,88.5708,a8w8_blockscale_1x128x128_256x128x128x128_16x16_32x32_2x2_8x32x1_8x32x1_1x32x1x8_8_1x1_intrawave_v3,758.35,1574.79,0.0
256,8476,8192,512,ck,0,0,88.5913,a8w8_blockscale_1x128x128_256x128x128x128_16x16_32x32_2x2_8x32x1_8x32x1_1x32x1x8_8_1x1_intrawave_v3,802.58,1663.87,0.0
256,8343,8192,512,ck,0,0,88.5989,a8w8_blockscale_1x128x128_256x128x128x128_16x16_32x32_2x2_8x32x1_8x32x1_1x32x1x8_8_1x1_intrawave_v3,789.92,1638.37,0.0
256,3824,8192,1536,ck,0,0,88.6124,a8w8_blockscale_1x128x128_256x128x128x128_16x16_32x32_2x2_8x32x1_8x32x1_1x32x1x8_8_1x1_intrawave_v3,1086.01,915.32,0.0
256,8407,8192,512,ck,0,0,88.6128,a8w8_blockscale_1x128x128_256x128x128x128_16x16_32x32_2x2_8x32x1_8x32x1_1x32x1x8_8_1x1_intrawave_v3,795.86,1650.31,0.0
256,8506,8192,512,ck,0,0,88.6233,a8w8_blockscale_1x128x128_256x128x128x128_16x16_32x32_2x2_8x32x1_8x32x1_1x32x1x8_8_1x1_intrawave_v3,805.13,1668.99,0.0
256,8542,8192,512,ck,0,0,88.6397,a8w8_blockscale_1x128x128_256x128x128x128_16x16_32x32_2x2_8x32x1_8x32x1_1x32x1x8_8_1x1_intrawave_v3,808.39,1675.55,0.0
256,8398,8192,512,ck,0,0,88.642,a8w8_blockscale_1x128x128_256x128x128x128_16x16_32x32_2x2_8x32x1_8x32x1_1x32x1x8_8_1x1_intrawave_v3,794.74,1648.06,0.0
256,8498,8192,512,ck,0,0,88.651,a8w8_blockscale_1x128x128_256x128x128x128_16x16_32x32_2x2_8x32x1_8x32x1_1x32x1x8_8_1x1_intrawave_v3,804.12,1666.95,0.0
256,1590,7168,4096,ck,0,0,88.6728,a8w8_blockscale_1x128x128_256x128x128x128_16x16_32x32_2x2_8x32x1_8x32x1_1x32x1x8_8_1x1_intrawave_v3,1052.92,661.61,0.0
256,5002,6144,1536,ck,0,0,88.6744,a8w8_blockscale_1x128x128_256x128x128x128_16x16_32x32_2x2_8x32x1_8x32x1_1x32x1x8_8_1x1_intrawave_v3,1064.68,886.22,0.0
256,8381,8192,512,ck,0,0,88.6744,a8w8_blockscale_1x128x128_256x128x128x128_16x16_32x32_2x2_8x32x1_8x32x1_1x32x1x8_8_1x1_intrawave_v3,792.84,1644.21,0.0
256,5126,6144,1536,ck,0,0,88.6836,a8w8_blockscale_1x128x128_256x128x128x128_16x16_32x32_2x2_8x32x1_8x32x1_1x32x1x8_8_1x1_intrawave_v3,1090.96,905.45,0.0
256,8470,8192,512,ck,0,0,88.688,a8w8_blockscale_1x128x128_256x128x128x128_16x16_32x32_2x2_8x32x1_8x32x1_1x32x1x8_8_1x1_intrawave_v3,801.14,1660.92,0.0
256,8354,8192,512,ck,0,0,88.6929,a8w8_blockscale_1x128x128_256x128x128x128_16x16_32x32_2x2_8x32x1_8x32x1_1x32x1x8_8_1x1_intrawave_v3,790.12,1638.73,0.0
256,5251,6144,1536,ck,0,0,88.7014,a8w8_blockscale_1x128x128_256x128x128x128_16x16_32x32_2x2_8x32x1_8x32x1_1x32x1x8_8_1x1_intrawave_v3,1117.34,924.75,0.0
256,8388,8192,512,ck,0,0,88.7154,a8w8_blockscale_1x128x128_256x128x128x128_16x16_32x32_2x2_8x32x1_8x32x1_1x32x1x8_8_1x1_intrawave_v3,793.14,1644.79,0.0
256,5334,6144,1536,ck,0,0,88.7166,a8w8_blockscale_1x128x128_256x128x128x128_16x16_32x32_2x2_8x32x1_8x32x1_1x32x1x8_8_1x1_intrawave_v3,1134.8,937.53,0.0
256,8613,8192,512,ck,0,0,88.7352,a8w8_blockscale_1x128x128_256x128x128x128_16x16_32x32_2x2_8x32x1_8x32x1_1x32x1x8_8_1x1_intrawave_v3,814.23,1687.26,0.0
256,1623,7168,4096,ck,0,0,88.7389,a8w8_blockscale_1x128x128_256x128x128x128_16x16_32x32_2x2_8x32x1_8x32x1_1x32x1x8_8_1x1_intrawave_v3,1073.97,667.97,0.0
256,8631,8192,512,ck,0,0,88.7585,a8w8_blockscale_1x128x128_256x128x128x128_16x16_32x32_2x2_8x32x1_8x32x1_1x32x1x8_8_1x1_intrawave_v3,815.72,1690.25,0.0
256,8537,8192,512,ck,0,0,88.7669,a8w8_blockscale_1x128x128_256x128x128x128_16x16_32x32_2x2_8x32x1_8x32x1_1x32x1x8_8_1x1_intrawave_v3,806.76,1672.19,0.0
256,8434,8192,512,ck,0,0,88.7833,a8w8_blockscale_1x128x128_256x128x128x128_16x16_32x32_2x2_8x32x1_8x32x1_1x32x1x8_8_1x1_intrawave_v3,796.88,1652.28,0.0
256,8446,8192,512,ck,0,0,88.7908,a8w8_blockscale_1x128x128_256x128x128x128_16x16_32x32_2x2_8x32x1_8x32x1_1x32x1x8_8_1x1_intrawave_v3,797.95,1654.43,0.0
256,8460,8192,512,ck,0,0,88.7981,a8w8_blockscale_1x128x128_256x128x128x128_16x16_32x32_2x2_8x32x1_8x32x1_1x32x1x8_8_1x1_intrawave_v3,799.2,1656.96,0.0
256,8508,8192,512,ck,0,0,88.8048,a8w8_blockscale_1x128x128_256x128x128x128_16x16_32x32_2x2_8x32x1_8x32x1_1x32x1x8_8_1x1_intrawave_v3,803.68,1665.96,0.0
256,5274,6144,1536,ck,0,0,88.8214,a8w8_blockscale_1x128x128_256x128x128x128_16x16_32x32_2x2_8x32x1_8x32x1_1x32x1x8_8_1x1_intrawave_v3,1120.71,927.08,0.0
256,8421,8192,512,ck,0,0,88.8241,a8w8_blockscale_1x128x128_256x128x128x128_16x16_32x32_2x2_8x32x1_8x32x1_1x32x1x8_8_1x1_intrawave_v3,795.28,1649.05,0.0
256,8339,8192,512,ck,0,0,88.8353,a8w8_blockscale_1x128x128_256x128x128x128_16x16_32x32_2x2_8x32x1_8x32x1_1x32x1x8_8_1x1_intrawave_v3,787.44,1633.25,0.0
256,8597,8192,512,ck,0,0,88.8516,a8w8_blockscale_1x128x128_256x128x128x128_16x16_32x32_2x2_8x32x1_8x32x1_1x32x1x8_8_1x1_intrawave_v3,811.66,1682.01,0.0
256,5339,6144,1536,ck,0,0,88.8607,a8w8_blockscale_1x128x128_256x128x128x128_16x16_32x32_2x2_8x32x1_8x32x1_1x32x1x8_8_1x1_intrawave_v3,1134.02,936.79,0.0
256,5279,6144,1536,ck,0,0,88.8609,a8w8_blockscale_1x128x128_256x128x128x128_16x16_32x32_2x2_8x32x1_8x32x1_1x32x1x8_8_1x1_intrawave_v3,1121.28,927.45,0.0
256,8419,8192,512,ck,0,0,88.8645,a8w8_blockscale_1x128x128_256x128x128x128_16x16_32x32_2x2_8x32x1_8x32x1_1x32x1x8_8_1x1_intrawave_v3,794.73,1647.92,0.0
256,8340,8192,512,ck,0,0,88.8779,a8w8_blockscale_1x128x128_256x128x128x128_16x16_32x32_2x2_8x32x1_8x32x1_1x32x1x8_8_1x1_intrawave_v3,787.16,1632.65,0.0
256,8473,8192,512,ck,0,0,88.8961,a8w8_blockscale_1x128x128_256x128x128x128_16x16_32x32_2x2_8x32x1_8x32x1_1x32x1x8_8_1x1_intrawave_v3,799.55,1657.6,0.0
256,1599,7168,4096,ck,0,0,88.8986,a8w8_blockscale_1x128x128_256x128x128x128_16x16_32x32_2x2_8x32x1_8x32x1_1x32x1x8_8_1x1_intrawave_v3,1056.19,661.8,0.0
256,8689,8192,512,ck,0,0,88.8994,a8w8_blockscale_1x128x128_256x128x128x128_16x16_32x32_2x2_8x32x1_8x32x1_1x32x1x8_8_1x1_intrawave_v3,819.9,1698.59,0.0
256,5264,6144,1536,ck,0,0,88.901,a8w8_blockscale_1x128x128_256x128x128x128_16x16_32x32_2x2_8x32x1_8x32x1_1x32x1x8_8_1x1_intrawave_v3,1117.59,924.7,0.0
256,5275,6144,1536,ck,0,0,88.903,a8w8_blockscale_1x128x128_256x128x128x128_16x16_32x32_2x2_8x32x1_8x32x1_1x32x1x8_8_1x1_intrawave_v3,1119.9,926.39,0.0
256,8336,8192,512,ck,0,0,88.9041,a8w8_blockscale_1x128x128_256x128x128x128_16x16_32x32_2x2_8x32x1_8x32x1_1x32x1x8_8_1x1_intrawave_v3,786.55,1631.41,0.0
256,3587,8192,1536,ck,0,0,88.9315,a8w8_blockscale_1x128x128_256x128x128x128_16x16_32x32_2x2_8x32x1_8x32x1_1x32x1x8_8_1x1_intrawave_v3,1015.05,864.28,0.0
256,8638,8192,512,ck,0,0,88.9433,a8w8_blockscale_1x128x128_256x128x128x128_16x16_32x32_2x2_8x32x1_8x32x1_1x32x1x8_8_1x1_intrawave_v3,814.69,1688.06,0.0
256,1580,7168,4096,ck,0,0,88.9863,a8w8_blockscale_1x128x128_256x128x128x128_16x16_32x32_2x2_8x32x1_8x32x1_1x32x1x8_8_1x1_intrawave_v3,1042.61,657.21,0.0
256,5290,6144,1536,ck,0,0,88.9907,a8w8_blockscale_1x128x128_256x128x128x128_16x16_32x32_2x2_8x32x1_8x32x1_1x32x1x8_8_1x1_intrawave_v3,1121.98,927.81,0.0
256,5258,6144,1536,ck,0,0,89.0102,a8w8_blockscale_1x128x128_256x128x128x128_16x16_32x32_2x2_8x32x1_8x32x1_1x32x1x8_8_1x1_intrawave_v3,1114.94,922.63,0.0
256,5375,6144,1536,ck,0,0,89.0244,a8w8_blockscale_1x128x128_256x128x128x128_16x16_32x32_2x2_8x32x1_8x32x1_1x32x1x8_8_1x1_intrawave_v3,1139.57,940.65,0.0
256,8571,8192,512,ck,0,0,89.0397,a8w8_blockscale_1x128x128_256x128x128x128_16x16_32x32_2x2_8x32x1_8x32x1_1x32x1x8_8_1x1_intrawave_v3,807.49,1673.52,0.0
256,8341,8192,512,ck,0,0,89.0613,a8w8_blockscale_1x128x128_256x128x128x128_16x16_32x32_2x2_8x32x1_8x32x1_1x32x1x8_8_1x1_intrawave_v3,785.63,1629.48,0.0
256,8365,8192,512,ck,0,0,89.0686,a8w8_blockscale_1x128x128_256x128x128x128_16x16_32x32_2x2_8x32x1_8x32x1_1x32x1x8_8_1x1_intrawave_v3,787.83,1633.9,0.0
256,3925,8192,1536,ck,0,0,89.0837,a8w8_blockscale_1x128x128_256x128x128x128_16x16_32x32_2x2_8x32x1_8x32x1_1x32x1x8_8_1x1_intrawave_v3,1108.8,930.8,0.0
256,8544,8192,512,ck,0,0,89.1473,a8w8_blockscale_1x128x128_256x128x128x128_16x16_32x32_2x2_8x32x1_8x32x1_1x32x1x8_8_1x1_intrawave_v3,803.98,1666.39,0.0
256,5273,6144,1536,ck,0,0,89.1719,a8w8_blockscale_1x128x128_256x128x128x128_16x16_32x32_2x2_8x32x1_8x32x1_1x32x1x8_8_1x1_intrawave_v3,1116.1,923.29,0.0
256,5358,6144,1536,ck,0,0,89.1998,a8w8_blockscale_1x128x128_256x128x128x128_16x16_32x32_2x2_8x32x1_8x32x1_1x32x1x8_8_1x1_intrawave_v3,1133.73,936.17,0.0
256,1548,7168,4608,ck,0,0,89.2248,a8w8_blockscale_1x128x128_256x128x128x128_16x16_32x32_2x2_8x32x1_8x32x1_1x32x1x8_8_1x1_intrawave_v3,1146.11,698.86,0.0
256,5292,6144,1536,ck,0,0,89.2263,a8w8_blockscale_1x128x128_256x128x128x128_16x16_32x32_2x2_8x32x1_8x32x1_1x32x1x8_8_1x1_intrawave_v3,1119.44,925.67,0.0
256,8502,8192,512,ck,0,0,89.2353,a8w8_blockscale_1x128x128_256x128x128x128_16x16_32x32_2x2_8x32x1_8x32x1_1x32x1x8_8_1x1_intrawave_v3,799.23,1656.79,0.0
256,8404,8192,512,ck,0,0,89.2388,a8w8_blockscale_1x128x128_256x128x128x128_16x16_32x32_2x2_8x32x1_8x32x1_1x32x1x8_8_1x1_intrawave_v3,789.99,1638.17,0.0
256,8528,8192,512,ck,0,0,89.2765,a8w8_blockscale_1x128x128_256x128x128x128_16x16_32x32_2x2_8x32x1_8x32x1_1x32x1x8_8_1x1_intrawave_v3,801.31,1660.95,0.0
256,5303,6144,1536,ck,0,0,89.2931,a8w8_blockscale_1x128x128_256x128x128x128_16x16_32x32_2x2_8x32x1_8x32x1_1x32x1x8_8_1x1_intrawave_v3,1120.92,926.68,0.0
256,5124,6144,1536,ck,0,0,89.3264,a8w8_blockscale_1x128x128_256x128x128x128_16x16_32x32_2x2_8x32x1_8x32x1_1x32x1x8_8_1x1_intrawave_v3,1082.68,898.63,0.0
256,1599,7168,4608,ck,0,0,89.3279,a8w8_blockscale_1x128x128_256x128x128x128_16x16_32x32_2x2_8x32x1_8x32x1_1x32x1x8_8_1x1_intrawave_v3,1182.5,708.87,0.0
256,8519,8192,512,ck,0,0,89.3677,a8w8_blockscale_1x128x128_256x128x128x128_16x16_32x32_2x2_8x32x1_8x32x1_1x32x1x8_8_1x1_intrawave_v3,799.65,1657.55,0.0
256,5348,6144,1536,ck,0,0,89.3931,a8w8_blockscale_1x128x128_256x128x128x128_16x16_32x32_2x2_8x32x1_8x32x1_1x32x1x8_8_1x1_intrawave_v3,1129.17,932.6,0.0
256,1580,7168,4608,ck,0,0,89.4024,a8w8_blockscale_1x128x128_256x128x128x128_16x16_32x32_2x2_8x32x1_8x32x1_1x32x1x8_8_1x1_intrawave_v3,1167.48,704.25,0.0
256,8614,8192,512,ck,0,0,89.4169,a8w8_blockscale_1x128x128_256x128x128x128_16x16_32x32_2x2_8x32x1_8x32x1_1x32x1x8_8_1x1_intrawave_v3,808.12,1674.59,0.0
256,8338,8192,512,ck,0,0,89.4309,a8w8_blockscale_1x128x128_256x128x128x128_16x16_32x32_2x2_8x32x1_8x32x1_1x32x1x8_8_1x1_intrawave_v3,782.1,1622.18,0.0
256,5271,6144,1536,ck,0,0,89.4542,a8w8_blockscale_1x128x128_256x128x128x128_16x16_32x32_2x2_8x32x1_8x32x1_1x32x1x8_8_1x1_intrawave_v3,1112.15,920.06,0.0
256,8767,8192,512,ck,0,0,89.4861,a8w8_blockscale_1x128x128_256x128x128x128_16x16_32x32_2x2_8x32x1_8x32x1_1x32x1x8_8_1x1_intrawave_v3,821.84,1702.18,0.0
256,8678,8192,512,ck,0,0,89.488,a8w8_blockscale_1x128x128_256x128x128x128_16x16_32x32_2x2_8x32x1_8x32x1_1x32x1x8_8_1x1_intrawave_v3,813.48,1685.34,0.0
256,8702,8192,512,ck,0,0,89.4954,a8w8_blockscale_1x128x128_256x128x128x128_16x16_32x32_2x2_8x32x1_8x32x1_1x32x1x8_8_1x1_intrawave_v3,815.66,1689.73,0.0
256,5276,6144,1536,ck,0,0,89.5035,a8w8_blockscale_1x128x128_256x128x128x128_16x16_32x32_2x2_8x32x1_8x32x1_1x32x1x8_8_1x1_intrawave_v3,1112.6,920.33,0.0
256,5341,6144,1536,ck,0,0,89.5119,a8w8_blockscale_1x128x128_256x128x128x128_16x16_32x32_2x2_8x32x1_8x32x1_1x32x1x8_8_1x1_intrawave_v3,1126.2,930.28,0.0
256,8696,8192,512,ck,0,0,89.5165,a8w8_blockscale_1x128x128_256x128x128x128_16x16_32x32_2x2_8x32x1_8x32x1_1x32x1x8_8_1x1_intrawave_v3,814.9,1688.2,0.0
256,8594,8192,512,ck,0,0,89.5652,a8w8_blockscale_1x128x128_256x128x128x128_16x16_32x32_2x2_8x32x1_8x32x1_1x32x1x8_8_1x1_intrawave_v3,804.91,1668.04,0.0
256,8416,8192,512,ck,0,0,89.6022,a8w8_blockscale_1x128x128_256x128x128x128_16x16_32x32_2x2_8x32x1_8x32x1_1x32x1x8_8_1x1_intrawave_v3,787.91,1633.79,0.0
256,8622,8192,512,ck,0,0,89.6105,a8w8_blockscale_1x128x128_256x128x128x128_16x16_32x32_2x2_8x32x1_8x32x1_1x32x1x8_8_1x1_intrawave_v3,807.12,1672.48,0.0
256,5295,6144,1536,ck,0,0,89.6722,a8w8_blockscale_1x128x128_256x128x128x128_16x16_32x32_2x2_8x32x1_8x32x1_1x32x1x8_8_1x1_intrawave_v3,1114.5,921.53,0.0
256,8534,8192,512,ck,0,0,89.6965,a8w8_blockscale_1x128x128_256x128x128x128_16x16_32x32_2x2_8x32x1_8x32x1_1x32x1x8_8_1x1_intrawave_v3,798.12,1654.3,0.0
256,5366,6144,1536,ck,0,0,89.8017,a8w8_blockscale_1x128x128_256x128x128x128_16x16_32x32_2x2_8x32x1_8x32x1_1x32x1x8_8_1x1_intrawave_v3,1127.82,931.13,0.0
256,5269,6144,1536,ck,0,0,89.8662,a8w8_blockscale_1x128x128_256x128x128x128_16x16_32x32_2x2_8x32x1_8x32x1_1x32x1x8_8_1x1_intrawave_v3,1106.63,915.54,0.0
256,5328,6144,1536,ck,0,0,89.8663,a8w8_blockscale_1x128x128_256x128x128x128_16x16_32x32_2x2_8x32x1_8x32x1_1x32x1x8_8_1x1_intrawave_v3,1119.02,924.61,0.0
256,8342,8192,512,ck,0,0,89.8705,a8w8_blockscale_1x128x128_256x128x128x128_16x16_32x32_2x2_8x32x1_8x32x1_1x32x1x8_8_1x1_intrawave_v3,778.65,1615.0,0.0
256,3894,8192,1536,ck,0,0,89.8785,a8w8_blockscale_1x128x128_256x128x128x128_16x16_32x32_2x2_8x32x1_8x32x1_1x32x1x8_8_1x1_intrawave_v3,1090.31,916.39,0.0
256,8807,8192,512,ck,0,0,89.8864,a8w8_blockscale_1x128x128_256x128x128x128_16x16_32x32_2x2_8x32x1_8x32x1_1x32x1x8_8_1x1_intrawave_v3,821.91,1702.12,0.0
256,5272,6144,1536,ck,0,0,89.8892,a8w8_blockscale_1x128x128_256x128x128x128_16x16_32x32_2x2_8x32x1_8x32x1_1x32x1x8_8_1x1_intrawave_v3,1106.98,915.76,0.0
256,8804,8192,512,ck,0,0,89.8981,a8w8_blockscale_1x128x128_256x128x128x128_16x16_32x32_2x2_8x32x1_8x32x1_1x32x1x8_8_1x1_intrawave_v3,821.52,1701.33,0.0
256,8458,8192,512,ck,0,0,89.9093,a8w8_blockscale_1x128x128_256x128x128x128_16x16_32x32_2x2_8x32x1_8x32x1_1x32x1x8_8_1x1_intrawave_v3,789.14,1636.1,0.0
256,8879,8192,512,ck,0,0,89.9257,a8w8_blockscale_1x128x128_256x128x128x128_16x16_32x32_2x2_8x32x1_8x32x1_1x32x1x8_8_1x1_intrawave_v3,828.27,1714.9,0.0
256,4000,8192,1536,ck,0,0,89.9474,a8w8_blockscale_1x128x128_256x128x128x128_16x16_32x32_2x2_8x32x1_8x32x1_1x32x1x8_8_1x1_intrawave_v3,1119.14,936.8,0.0
256,8590,8192,512,ck,0,0,89.956,a8w8_blockscale_1x128x128_256x128x128x128_16x16_32x32_2x2_8x32x1_8x32x1_1x32x1x8_8_1x1_intrawave_v3,801.04,1660.04,0.0
256,8643,8192,512,ck,0,0,89.9593,a8w8_blockscale_1x128x128_256x128x128x128_16x16_32x32_2x2_8x32x1_8x32x1_1x32x1x8_8_1x1_intrawave_v3,805.95,1669.94,0.0
256,8737,8192,512,ck,0,0,89.9833,a8w8_blockscale_1x128x128_256x128x128x128_16x16_32x32_2x2_8x32x1_8x32x1_1x32x1x8_8_1x1_intrawave_v3,814.5,1687.14,0.0
256,5369,6144,1536,ck,0,0,89.9876,a8w8_blockscale_1x128x128_256x128x128x128_16x16_32x32_2x2_8x32x1_8x32x1_1x32x1x8_8_1x1_intrawave_v3,1126.12,929.66,0.0
256,8606,8192,512,ck,0,0,89.9891,a8w8_blockscale_1x128x128_256x128x128x128_16x16_32x32_2x2_8x32x1_8x32x1_1x32x1x8_8_1x1_intrawave_v3,802.23,1662.44,0.0
256,8944,8192,512,ck,0,0,89.9921,a8w8_blockscale_1x128x128_256x128x128x128_16x16_32x32_2x2_8x32x1_8x32x1_1x32x1x8_8_1x1_intrawave_v3,833.71,1725.84,0.0
256,5281,6144,1536,ck,0,0,90.0003,a8w8_blockscale_1x128x128_256x128x128x128_16x16_32x32_2x2_8x32x1_8x32x1_1x32x1x8_8_1x1_intrawave_v3,1107.5,916.02,0.0
256,8216,8192,512,ck,0,0,90.0013,a8w8_blockscale_1x128x128_256x128x128x128_16x16_32x32_2x2_8x32x1_8x32x1_1x32x1x8_8_1x1_intrawave_v3,765.78,1589.0,0.0
256,1553,7168,4608,ck,0,0,90.0316,a8w8_blockscale_1x128x128_256x128x128x128_16x16_32x32_2x2_8x32x1_8x32x1_1x32x1x8_8_1x1_intrawave_v3,1139.51,693.65,0.0
256,8636,8192,512,ck,0,0,90.0349,a8w8_blockscale_1x128x128_256x128x128x128_16x16_32x32_2x2_8x32x1_8x32x1_1x32x1x8_8_1x1_intrawave_v3,804.62,1667.22,0.0
256,5277,6144,1536,ck,0,0,90.0487,a8w8_blockscale_1x128x128_256x128x128x128_16x16_32x32_2x2_8x32x1_8x32x1_1x32x1x8_8_1x1_intrawave_v3,1106.07,914.91,0.0
256,8826,8192,512,ck,0,0,90.0901,a8w8_blockscale_1x128x128_256x128x128x128_16x16_32x32_2x2_8x32x1_8x32x1_1x32x1x8_8_1x1_intrawave_v3,821.82,1701.83,0.0
256,8699,8192,512,ck,0,0,90.139,a8w8_blockscale_1x128x128_256x128x128x128_16x16_32x32_2x2_8x32x1_8x32x1_1x32x1x8_8_1x1_intrawave_v3,809.56,1677.11,0.0
256,8430,8192,512,ck,0,0,90.1596,a8w8_blockscale_1x128x128_256x128x128x128_16x16_32x32_2x2_8x32x1_8x32x1_1x32x1x8_8_1x1_intrawave_v3,784.34,1626.31,0.0
256,8785,8192,512,ck,0,0,90.1773,a8w8_blockscale_1x128x128_256x128x128x128_16x16_32x32_2x2_8x32x1_8x32x1_1x32x1x8_8_1x1_intrawave_v3,817.21,1692.51,0.0
256,8204,8192,512,ck,0,0,90.1844,a8w8_blockscale_1x128x128_256x128x128x128_16x16_32x32_2x2_8x32x1_8x32x1_1x32x1x8_8_1x1_intrawave_v3,763.1,1583.52,0.0
256,5283,6144,1536,ck,0,0,90.1856,a8w8_blockscale_1x128x128_256x128x128x128_16x16_32x32_2x2_8x32x1_8x32x1_1x32x1x8_8_1x1_intrawave_v3,1105.65,914.44,0.0
256,8583,8192,512,ck,0,0,90.2385,a8w8_blockscale_1x128x128_256x128x128x128_16x16_32x32_2x2_8x32x1_8x32x1_1x32x1x8_8_1x1_intrawave_v3,797.88,1653.54,0.0
256,1601,7168,4608,ck,0,0,90.2456,a8w8_blockscale_1x128x128_256x128x128x128_16x16_32x32_2x2_8x32x1_8x32x1_1x32x1x8_8_1x1_intrawave_v3,1171.94,702.08,0.0
256,8810,8192,512,ck,0,0,90.2613,a8w8_blockscale_1x128x128_256x128x128x128_16x16_32x32_2x2_8x32x1_8x32x1_1x32x1x8_8_1x1_intrawave_v3,818.77,1695.61,0.0
256,8731,8192,512,ck,0,0,90.2897,a8w8_blockscale_1x128x128_256x128x128x128_16x16_32x32_2x2_8x32x1_8x32x1_1x32x1x8_8_1x1_intrawave_v3,811.18,1680.29,0.0
256,8592,8192,512,ck,0,0,90.2989,a8w8_blockscale_1x128x128_256x128x128x128_16x16_32x32_2x2_8x32x1_8x32x1_1x32x1x8_8_1x1_intrawave_v3,798.18,1654.11,0.0
256,8451,8192,512,ck,0,0,90.3252,a8w8_blockscale_1x128x128_256x128x128x128_16x16_32x32_2x2_8x32x1_8x32x1_1x32x1x8_8_1x1_intrawave_v3,784.85,1627.26,0.0
256,8795,8192,512,ck,0,0,90.3353,a8w8_blockscale_1x128x128_256x128x128x128_16x16_32x32_2x2_8x32x1_8x32x1_1x32x1x8_8_1x1_intrawave_v3,816.71,1691.42,0.0
256,1590,7168,4608,ck,0,0,90.3476,a8w8_blockscale_1x128x128_256x128x128x128_16x16_32x32_2x2_8x32x1_8x32x1_1x32x1x8_8_1x1_intrawave_v3,1162.57,698.98,0.0
256,8727,8192,512,ck,0,0,90.3478,a8w8_blockscale_1x128x128_256x128x128x128_16x16_32x32_2x2_8x32x1_8x32x1_1x32x1x8_8_1x1_intrawave_v3,810.28,1678.47,0.0
256,8802,8192,512,ck,0,0,90.3497,a8w8_blockscale_1x128x128_256x128x128x128_16x16_32x32_2x2_8x32x1_8x32x1_1x32x1x8_8_1x1_intrawave_v3,817.23,1692.46,0.0
256,5315,6144,1536,ck,0,0,90.3587,a8w8_blockscale_1x128x128_256x128x128x128_16x16_32x32_2x2_8x32x1_8x32x1_1x32x1x8_8_1x1_intrawave_v3,1110.21,917.58,0.0
256,5285,6144,1536,ck,0,0,90.4148,a8w8_blockscale_1x128x128_256x128x128x128_16x16_32x32_2x2_8x32x1_8x32x1_1x32x1x8_8_1x1_intrawave_v3,1103.26,912.43,0.0
256,8302,8192,512,ck,0,0,90.4665,a8w8_blockscale_1x128x128_256x128x128x128_16x16_32x32_2x2_8x32x1_8x32x1_1x32x1x8_8_1x1_intrawave_v3,769.81,1596.89,0.0
256,8893,8192,512,ck,0,0,90.4677,a8w8_blockscale_1x128x128_256x128x128x128_16x16_32x32_2x2_8x32x1_8x32x1_1x32x1x8_8_1x1_intrawave_v3,824.6,1707.24,0.0
256,8870,8192,512,ck,0,0,90.4813,a8w8_blockscale_1x128x128_256x128x128x128_16x16_32x32_2x2_8x32x1_8x32x1_1x32x1x8_8_1x1_intrawave_v3,822.35,1702.69,0.0
256,8201,8192,512,ck,0,0,90.4826,a8w8_blockscale_1x128x128_256x128x128x128_16x16_32x32_2x2_8x32x1_8x32x1_1x32x1x8_8_1x1_intrawave_v3,760.31,1577.74,0.0
256,8245,8192,512,ck,0,0,90.5189,a8w8_blockscale_1x128x128_256x128x128x128_16x16_32x32_2x2_8x32x1_8x32x1_1x32x1x8_8_1x1_intrawave_v3,764.08,1585.32,0.0
256,8757,8192,512,ck,0,0,90.5225,a8w8_blockscale_1x128x128_256x128x128x128_16x16_32x32_2x2_8x32x1_8x32x1_1x32x1x8_8_1x1_intrawave_v3,811.5,1680.83,0.0
256,8907,8192,512,ck,0,0,90.5263,a8w8_blockscale_1x128x128_256x128x128x128_16x16_32x32_2x2_8x32x1_8x32x1_1x32x1x8_8_1x1_intrawave_v3,825.37,1708.75,0.0
256,8772,8192,512,ck,0,0,90.5265,a8w8_blockscale_1x128x128_256x128x128x128_16x16_32x32_2x2_8x32x1_8x32x1_1x32x1x8_8_1x1_intrawave_v3,812.85,1683.55,0.0
256,5302,6144,1536,ck,0,0,90.5379,a8w8_blockscale_1x128x128_256x128x128x128_16x16_32x32_2x2_8x32x1_8x32x1_1x32x1x8_8_1x1_intrawave_v3,1105.3,913.78,0.0
256,1639,7168,4608,ck,0,0,90.5691,a8w8_blockscale_1x128x128_256x128x128x128_16x16_32x32_2x2_8x32x1_8x32x1_1x32x1x8_8_1x1_intrawave_v3,1195.47,707.52,0.0
256,8916,8192,512,ck,0,0,90.5721,a8w8_blockscale_1x128x128_256x128x128x128_16x16_32x32_2x2_8x32x1_8x32x1_1x32x1x8_8_1x1_intrawave_v3,825.78,1709.57,0.0
256,8250,8192,512,ck,0,0,90.5727,a8w8_blockscale_1x128x128_256x128x128x128_16x16_32x32_2x2_8x32x1_8x32x1_1x32x1x8_8_1x1_intrawave_v3,764.09,1585.32,0.0
256,8234,8192,512,ck,0,0,90.6486,a8w8_blockscale_1x128x128_256x128x128x128_16x16_32x32_2x2_8x32x1_8x32x1_1x32x1x8_8_1x1_intrawave_v3,761.97,1581.01,0.0
256,8741,8192,512,ck,0,0,90.665,a8w8_blockscale_1x128x128_256x128x128x128_16x16_32x32_2x2_8x32x1_8x32x1_1x32x1x8_8_1x1_intrawave_v3,808.74,1675.2,0.0
256,8861,8192,512,ck,0,0,90.6929,a8w8_blockscale_1x128x128_256x128x128x128_16x16_32x32_2x2_8x32x1_8x32x1_1x32x1x8_8_1x1_intrawave_v3,819.6,1697.04,0.0
256,8222,8192,512,ck,0,0,90.7041,a8w8_blockscale_1x128x128_256x128x128x128_16x16_32x32_2x2_8x32x1_8x32x1_1x32x1x8_8_1x1_intrawave_v3,760.4,1577.8,0.0
256,8842,8192,512,ck,0,0,90.7088,a8w8_blockscale_1x128x128_256x128x128x128_16x16_32x32_2x2_8x32x1_8x32x1_1x32x1x8_8_1x1_intrawave_v3,817.69,1693.21,0.0
256,8787,8192,512,ck,0,0,90.7213,a8w8_blockscale_1x128x128_256x128x128x128_16x16_32x32_2x2_8x32x1_8x32x1_1x32x1x8_8_1x1_intrawave_v3,812.5,1682.73,0.0
256,8779,8192,512,ck,0,0,90.7304,a8w8_blockscale_1x128x128_256x128x128x128_16x16_32x32_2x2_8x32x1_8x32x1_1x32x1x8_8_1x1_intrawave_v3,811.67,1681.07,0.0
256,8196,8192,512,ck,0,0,90.7342,a8w8_blockscale_1x128x128_256x128x128x128_16x16_32x32_2x2_8x32x1_8x32x1_1x32x1x8_8_1x1_intrawave_v3,757.74,1572.44,0.0
256,8293,8192,512,ck,0,0,90.7426,a8w8_blockscale_1x128x128_256x128x128x128_16x16_32x32_2x2_8x32x1_8x32x1_1x32x1x8_8_1x1_intrawave_v3,766.64,1590.35,0.0
256,8256,8192,512,ck,0,0,90.746,a8w8_blockscale_1x128x128_256x128x128x128_16x16_32x32_2x2_8x32x1_8x32x1_1x32x1x8_8_1x1_intrawave_v3,763.19,1583.41,0.0
256,8822,8192,512,ck,0,0,90.7461,a8w8_blockscale_1x128x128_256x128x128x128_16x16_32x32_2x2_8x32x1_8x32x1_1x32x1x8_8_1x1_intrawave_v3,815.51,1688.79,0.0
256,8759,8192,512,ck,0,0,90.7709,a8w8_blockscale_1x128x128_256x128x128x128_16x16_32x32_2x2_8x32x1_8x32x1_1x32x1x8_8_1x1_intrawave_v3,809.46,1676.6,0.0
256,8808,8192,512,ck,0,0,90.7969,a8w8_blockscale_1x128x128_256x128x128x128_16x16_32x32_2x2_8x32x1_8x32x1_1x32x1x8_8_1x1_intrawave_v3,813.76,1685.24,0.0
256,8769,8192,512,ck,0,0,90.8037,a8w8_blockscale_1x128x128_256x128x128x128_16x16_32x32_2x2_8x32x1_8x32x1_1x32x1x8_8_1x1_intrawave_v3,810.1,1677.85,0.0
256,8988,8192,512,ck,0,0,90.819,a8w8_blockscale_1x128x128_256x128x128x128_16x16_32x32_2x2_8x32x1_8x32x1_1x32x1x8_8_1x1_intrawave_v3,830.19,1718.31,0.0
256,8247,8192,512,ck,0,0,90.8277,a8w8_blockscale_1x128x128_256x128x128x128_16x16_32x32_2x2_8x32x1_8x32x1_1x32x1x8_8_1x1_intrawave_v3,761.67,1580.31,0.0
256,9070,8192,512,ck,0,0,90.8369,a8w8_blockscale_1x128x128_256x128x128x128_16x16_32x32_2x2_8x32x1_8x32x1_1x32x1x8_8_1x1_intrawave_v3,837.6,1733.23,0.0
256,8209,8192,512,ck,0,0,90.8485,a8w8_blockscale_1x128x128_256x128x128x128_16x16_32x32_2x2_8x32x1_8x32x1_1x32x1x8_8_1x1_intrawave_v3,757.99,1572.88,0.0
256,8950,8192,512,ck,0,0,90.8561,a8w8_blockscale_1x128x128_256x128x128x128_16x16_32x32_2x2_8x32x1_8x32x1_1x32x1x8_8_1x1_intrawave_v3,826.34,1710.55,0.0
256,8714,8192,512,ck,0,0,90.8689,a8w8_blockscale_1x128x128_256x128x128x128_16x16_32x32_2x2_8x32x1_8x32x1_1x32x1x8_8_1x1_intrawave_v3,804.44,1666.42,0.0
256,8285,8192,512,ck,0,0,90.8883,a8w8_blockscale_1x128x128_256x128x128x128_16x16_32x32_2x2_8x32x1_8x32x1_1x32x1x8_8_1x1_intrawave_v3,764.67,1586.32,0.0
256,8943,8192,512,ck,0,0,90.8993,a8w8_blockscale_1x128x128_256x128x128x128_16x16_32x32_2x2_8x32x1_8x32x1_1x32x1x8_8_1x1_intrawave_v3,825.3,1708.43,0.0
256,8215,8192,512,ck,0,0,90.9105,a8w8_blockscale_1x128x128_256x128x128x128_16x16_32x32_2x2_8x32x1_8x32x1_1x32x1x8_8_1x1_intrawave_v3,758.02,1572.92,0.0
256,8239,8192,512,ck,0,0,90.9157,a8w8_blockscale_1x128x128_256x128x128x128_16x16_32x32_2x2_8x32x1_8x32x1_1x32x1x8_8_1x1_intrawave_v3,760.2,1577.29,0.0
256,9013,8192,512,ck,0,0,90.9277,a8w8_blockscale_1x128x128_256x128x128x128_16x16_32x32_2x2_8x32x1_8x32x1_1x32x1x8_8_1x1_intrawave_v3,831.5,1720.91,0.0
256,8243,8192,512,ck,0,0,90.9457,a8w8_blockscale_1x128x128_256x128x128x128_16x16_32x32_2x2_8x32x1_8x32x1_1x32x1x8_8_1x1_intrawave_v3,760.31,1577.51,0.0
256,8292,8192,512,ck,0,0,90.9537,a8w8_blockscale_1x128x128_256x128x128x128_16x16_32x32_2x2_8x32x1_8x32x1_1x32x1x8_8_1x1_intrawave_v3,764.77,1586.48,0.0
256,5368,6144,1536,ck,0,0,90.9546,a8w8_blockscale_1x128x128_256x128x128x128_16x16_32x32_2x2_8x32x1_8x32x1_1x32x1x8_8_1x1_intrawave_v3,1113.94,919.63,0.0
256,9018,8192,512,ck,0,0,90.9661,a8w8_blockscale_1x128x128_256x128x128x128_16x16_32x32_2x2_8x32x1_8x32x1_1x32x1x8_8_1x1_intrawave_v3,831.61,1721.11,0.0
256,8806,8192,512,ck,0,0,90.9761,a8w8_blockscale_1x128x128_256x128x128x128_16x16_32x32_2x2_8x32x1_8x32x1_1x32x1x8_8_1x1_intrawave_v3,811.97,1681.55,0.0
256,1623,7168,4608,ck,0,0,90.9911,a8w8_blockscale_1x128x128_256x128x128x128_16x16_32x32_2x2_8x32x1_8x32x1_1x32x1x8_8_1x1_intrawave_v3,1178.31,700.91,0.0
256,8208,8192,512,ck,0,0,91.0054,a8w8_blockscale_1x128x128_256x128x128x128_16x16_32x32_2x2_8x32x1_8x32x1_1x32x1x8_8_1x1_intrawave_v3,756.59,1569.98,0.0
256,9023,8192,512,ck,0,0,91.0278,a8w8_blockscale_1x128x128_256x128x128x128_16x16_32x32_2x2_8x32x1_8x32x1_1x32x1x8_8_1x1_intrawave_v3,831.51,1720.87,0.0
256,8811,8192,512,ck,0,0,91.0393,a8w8_blockscale_1x128x128_256x128x128x128_16x16_32x32_2x2_8x32x1_8x32x1_1x32x1x8_8_1x1_intrawave_v3,811.87,1681.31,0.0
256,8203,8192,512,ck,0,0,91.0623,a8w8_blockscale_1x128x128_256x128x128x128_16x16_32x32_2x2_8x32x1_8x32x1_1x32x1x8_8_1x1_intrawave_v3,755.66,1568.07,0.0
256,8982,8192,512,ck,0,0,91.0717,a8w8_blockscale_1x128x128_256x128x128x128_16x16_32x32_2x2_8x32x1_8x32x1_1x32x1x8_8_1x1_intrawave_v3,827.33,1712.43,0.0
256,8792,8192,512,ck,0,0,91.0741,a8w8_blockscale_1x128x128_256x128x128x128_16x16_32x32_2x2_8x32x1_8x32x1_1x32x1x8_8_1x1_intrawave_v3,809.81,1677.14,0.0
256,8788,8192,512,ck,0,0,91.0809,a8w8_blockscale_1x128x128_256x128x128x128_16x16_32x32_2x2_8x32x1_8x32x1_1x32x1x8_8_1x1_intrawave_v3,809.38,1676.27,0.0
256,8782,8192,512,ck,0,0,91.083,a8w8_blockscale_1x128x128_256x128x128x128_16x16_32x32_2x2_8x32x1_8x32x1_1x32x1x8_8_1x1_intrawave_v3,808.81,1675.12,0.0
256,8115,8192,512,ck,18,0,91.0893,a8w8_blockscale_1x128x128_256x64x64x256_16x16_32x32_1x1_16x16x1_16x16x1_1x32x1x8_8_1x1_intrawave_v1,747.33,1551.28,0.0
256,8733,8192,512,ck,0,0,91.0918,a8w8_blockscale_1x128x128_256x128x128x128_16x16_32x32_2x2_8x32x1_8x32x1_1x32x1x8_8_1x1_intrawave_v3,804.22,1665.87,0.0
256,9028,8192,512,ck,0,0,91.0941,a8w8_blockscale_1x128x128_256x128x128x128_16x16_32x32_2x2_8x32x1_8x32x1_1x32x1x8_8_1x1_intrawave_v3,831.36,1720.54,0.0
256,8789,8192,512,ck,0,0,91.1089,a8w8_blockscale_1x128x128_256x128x128x128_16x16_32x32_2x2_8x32x1_8x32x1_1x32x1x8_8_1x1_intrawave_v3,809.22,1675.94,0.0
256,8270,8192,512,ck,0,0,91.1105,a8w8_blockscale_1x128x128_256x128x128x128_16x16_32x32_2x2_8x32x1_8x32x1_1x32x1x8_8_1x1_intrawave_v3,761.42,1579.67,0.0
256,8304,8192,512,ck,0,0,91.1237,a8w8_blockscale_1x128x128_256x128x128x128_16x16_32x32_2x2_8x32x1_8x32x1_1x32x1x8_8_1x1_intrawave_v3,764.44,1585.74,0.0
256,8819,8192,512,ck,0,0,91.1281,a8w8_blockscale_1x128x128_256x128x128x128_16x16_32x32_2x2_8x32x1_8x32x1_1x32x1x8_8_1x1_intrawave_v3,811.81,1681.15,0.0
256,8945,8192,512,ck,0,0,91.1325,a8w8_blockscale_1x128x128_256x128x128x128_16x16_32x32_2x2_8x32x1_8x32x1_1x32x1x8_8_1x1_intrawave_v3,823.37,1704.43,0.0
256,8860,8192,512,ck,0,0,91.1361,a8w8_blockscale_1x128x128_256x128x128x128_16x16_32x32_2x2_8x32x1_8x32x1_1x32x1x8_8_1x1_intrawave_v3,815.52,1688.6,0.0
256,8875,8192,512,ck,0,0,91.1389,a8w8_blockscale_1x128x128_256x128x128x128_16x16_32x32_2x2_8x32x1_8x32x1_1x32x1x8_8_1x1_intrawave_v3,816.87,1691.33,0.0
256,8219,8192,512,ck,0,0,91.1469,a8w8_blockscale_1x128x128_256x128x128x128_16x16_32x32_2x2_8x32x1_8x32x1_1x32x1x8_8_1x1_intrawave_v3,756.43,1569.58,0.0
256,7941,8192,512,ck,0,0,91.1519,a8w8_blockscale_1x128x128_256x128x128x128_16x16_32x32_2x2_8x32x1_8x32x1_1x32x1x8_8_1x1_intrawave_v3,730.8,1517.97,0.0
256,8108,8192,512,ck,18,0,91.1521,a8w8_blockscale_1x128x128_256x64x64x256_16x16_32x32_1x1_16x16x1_16x16x1_1x32x1x8_8_1x1_intrawave_v1,746.17,1548.92,0.0
256,8126,8192,512,ck,18,0,91.1541,a8w8_blockscale_1x128x128_256x64x64x256_16x16_32x32_1x1_16x16x1_16x16x1_1x32x1x8_8_1x1_intrawave_v1,747.81,1552.22,0.0
256,8244,8192,512,ck,0,0,91.1869,a8w8_blockscale_1x128x128_256x128x128x128_16x16_32x32_2x2_8x32x1_8x32x1_1x32x1x8_8_1x1_intrawave_v3,758.39,1573.53,0.0
256,8986,8192,512,ck,0,0,91.1929,a8w8_blockscale_1x128x128_256x128x128x128_16x16_32x32_2x2_8x32x1_8x32x1_1x32x1x8_8_1x1_intrawave_v3,826.6,1710.9,0.0
256,9077,8192,512,ck,0,0,91.2213,a8w8_blockscale_1x128x128_256x128x128x128_16x16_32x32_2x2_8x32x1_8x32x1_1x32x1x8_8_1x1_intrawave_v3,834.71,1727.22,0.0
256,8114,8192,512,ck,18,0,91.2257,a8w8_blockscale_1x128x128_256x64x64x256_16x16_32x32_1x1_16x16x1_16x16x1_1x32x1x8_8_1x1_intrawave_v1,746.12,1548.78,0.0
256,8852,8192,512,ck,0,0,91.2433,a8w8_blockscale_1x128x128_256x128x128x128_16x16_32x32_2x2_8x32x1_8x32x1_1x32x1x8_8_1x1_intrawave_v3,813.82,1685.14,0.0
256,8089,8192,512,ck,18,0,91.2639,a8w8_blockscale_1x128x128_256x64x64x256_16x16_32x32_1x1_16x16x1_16x16x1_1x32x1x8_8_1x1_intrawave_v1,743.51,1543.5,0.0
256,8236,8192,512,ck,0,0,91.2644,a8w8_blockscale_1x128x128_256x128x128x128_16x16_32x32_2x2_8x32x1_8x32x1_1x32x1x8_8_1x1_intrawave_v3,757.02,1570.71,0.0
256,4046,8192,1536,ck,0,0,91.2704,a8w8_blockscale_1x128x128_256x128x128x128_16x16_32x32_2x2_8x32x1_8x32x1_1x32x1x8_8_1x1_intrawave_v3,1115.6,932.25,0.0
256,8760,8192,512,ck,0,0,91.2769,a8w8_blockscale_1x128x128_256x128x128x128_16x16_32x32_2x2_8x32x1_8x32x1_1x32x1x8_8_1x1_intrawave_v3,805.07,1667.49,0.0
256,8253,8192,512,ck,0,0,91.2961,a8w8_blockscale_1x128x128_256x128x128x128_16x16_32x32_2x2_8x32x1_8x32x1_1x32x1x8_8_1x1_intrawave_v3,758.31,1573.31,0.0
256,8094,8192,512,ck,18,0,91.2969,a8w8_blockscale_1x128x128_256x64x64x256_16x16_32x32_1x1_16x16x1_16x16x1_1x32x1x8_8_1x1_intrawave_v1,743.7,1543.87,0.0
256,8843,8192,512,ck,0,0,91.2997,a8w8_blockscale_1x128x128_256x128x128x128_16x16_32x32_2x2_8x32x1_8x32x1_1x32x1x8_8_1x1_intrawave_v3,812.49,1682.43,0.0
256,8894,8192,512,ck,0,0,91.3093,a8w8_blockscale_1x128x128_256x128x128x128_16x16_32x32_2x2_8x32x1_8x32x1_1x32x1x8_8_1x1_intrawave_v3,817.09,1691.69,0.0
256,8967,8192,512,ck,0,0,91.3233,a8w8_blockscale_1x128x128_256x128x128x128_16x16_32x32_2x2_8x32x1_8x32x1_1x32x1x8_8_1x1_intrawave_v3,823.67,1704.94,0.0
256,8202,8192,512,ck,0,0,91.3273,a8w8_blockscale_1x128x128_256x128x128x128_16x16_32x32_2x2_8x32x1_8x32x1_1x32x1x8_8_1x1_intrawave_v3,753.37,1563.34,0.0
256,8930,8192,512,ck,0,0,91.3309,a8w8_blockscale_1x128x128_256x128x128x128_16x16_32x32_2x2_8x32x1_8x32x1_1x32x1x8_8_1x1_intrawave_v3,820.21,1697.95,0.0
256,9200,8192,512,ck,0,0,91.3513,a8w8_blockscale_1x128x128_256x128x128x128_16x16_32x32_2x2_8x32x1_8x32x1_1x32x1x8_8_1x1_intrawave_v3,844.82,1747.51,0.0
256,8734,8192,512,ck,0,0,91.3592,a8w8_blockscale_1x128x128_256x128x128x128_16x16_32x32_2x2_8x32x1_8x32x1_1x32x1x8_8_1x1_intrawave_v3,801.96,1661.18,0.0
256,8939,8192,512,ck,0,0,91.3645,a8w8_blockscale_1x128x128_256x128x128x128_16x16_32x32_2x2_8x32x1_8x32x1_1x32x1x8_8_1x1_intrawave_v3,820.73,1698.99,0.0
256,8255,8192,512,ck,0,0,91.3772,a8w8_blockscale_1x128x128_256x128x128x128_16x16_32x32_2x2_8x32x1_8x32x1_1x32x1x8_8_1x1_intrawave_v3,757.83,1572.28,0.0
256,8297,8192,512,ck,0,0,91.3881,a8w8_blockscale_1x128x128_256x128x128x128_16x16_32x32_2x2_8x32x1_8x32x1_1x32x1x8_8_1x1_intrawave_v3,761.59,1579.86,0.0
256,8993,8192,512,ck,0,0,91.4115,a8w8_blockscale_1x128x128_256x128x128x128_16x16_32x32_2x2_8x32x1_8x32x1_1x32x1x8_8_1x1_intrawave_v3,825.27,1708.1,0.0
256,9039,8192,512,ck,0,0,91.4117,a8w8_blockscale_1x128x128_256x128x128x128_16x16_32x32_2x2_8x32x1_8x32x1_1x32x1x8_8_1x1_intrawave_v3,829.48,1716.6,0.0
256,8079,8192,512,ck,18,0,91.4149,a8w8_blockscale_1x128x128_256x64x64x256_16x16_32x32_1x1_16x16x1_16x16x1_1x32x1x8_8_1x1_intrawave_v1,741.36,1539.1,0.0
256,8853,8192,512,ck,0,0,91.4153,a8w8_blockscale_1x128x128_256x128x128x128_16x16_32x32_2x2_8x32x1_8x32x1_1x32x1x8_8_1x1_intrawave_v3,812.38,1682.15,0.0
256,8941,8192,512,ck,0,0,91.4229,a8w8_blockscale_1x128x128_256x128x128x128_16x16_32x32_2x2_8x32x1_8x32x1_1x32x1x8_8_1x1_intrawave_v3,820.39,1698.28,0.0
256,8077,8192,512,ck,18,0,91.4329,a8w8_blockscale_1x128x128_256x64x64x256_16x16_32x32_1x1_16x16x1_16x16x1_1x32x1x8_8_1x1_intrawave_v1,741.03,1538.43,0.0
256,8319,8192,512,ck,0,0,91.4369,a8w8_blockscale_1x128x128_256x128x128x128_16x16_32x32_2x2_8x32x1_8x32x1_1x32x1x8_8_1x1_intrawave_v3,763.2,1583.08,0.0
256,8295,8192,512,ck,0,0,91.4458,a8w8_blockscale_1x128x128_256x128x128x128_16x16_32x32_2x2_8x32x1_8x32x1_1x32x1x8_8_1x1_intrawave_v3,760.93,1578.49,0.0
256,8199,8192,512,ck,0,0,91.4733,a8w8_blockscale_1x128x128_256x128x128x128_16x16_32x32_2x2_8x32x1_8x32x1_1x32x1x8_8_1x1_intrawave_v3,751.89,1560.29,0.0
256,8729,8192,512,ck,0,0,91.4757,a8w8_blockscale_1x128x128_256x128x128x128_16x16_32x32_2x2_8x32x1_8x32x1_1x32x1x8_8_1x1_intrawave_v3,800.48,1658.14,0.0
256,8736,8192,512,ck,0,0,91.4777,a8w8_blockscale_1x128x128_256x128x128x128_16x16_32x32_2x2_8x32x1_8x32x1_1x32x1x8_8_1x1_intrawave_v3,801.1,1659.4,0.0
256,8754,8192,512,ck,0,0,91.4961,a8w8_blockscale_1x128x128_256x128x128x128_16x16_32x32_2x2_8x32x1_8x32x1_1x32x1x8_8_1x1_intrawave_v3,802.59,1662.39,0.0
256,8936,8192,512,ck,0,0,91.4973,a8w8_blockscale_1x128x128_256x128x128x128_16x16_32x32_2x2_8x32x1_8x32x1_1x32x1x8_8_1x1_intrawave_v3,819.27,1695.97,0.0
256,8871,8192,512,ck,0,0,91.5045,a8w8_blockscale_1x128x128_256x128x128x128_16x16_32x32_2x2_8x32x1_8x32x1_1x32x1x8_8_1x1_intrawave_v3,813.24,1683.84,0.0
256,8851,8192,512,ck,0,0,91.5049,a8w8_blockscale_1x128x128_256x128x128x128_16x16_32x32_2x2_8x32x1_8x32x1_1x32x1x8_8_1x1_intrawave_v3,811.41,1680.14,0.0
256,8866,8192,512,ck,0,0,91.5145,a8w8_blockscale_1x128x128_256x128x128x128_16x16_32x32_2x2_8x32x1_8x32x1_1x32x1x8_8_1x1_intrawave_v3,812.7,1682.73,0.0
256,8207,8192,512,ck,0,0,91.5173,a8w8_blockscale_1x128x128_256x128x128x128_16x16_32x32_2x2_8x32x1_8x32x1_1x32x1x8_8_1x1_intrawave_v3,752.27,1561.01,0.0
256,9082,8192,512,ck,0,0,91.5253,a8w8_blockscale_1x128x128_256x128x128x128_16x16_32x32_2x2_8x32x1_8x32x1_1x32x1x8_8_1x1_intrawave_v3,832.4,1722.41,0.0
256,8952,8192,512,ck,0,0,91.5256,a8w8_blockscale_1x128x128_256x128x128x128_16x16_32x32_2x2_8x32x1_8x32x1_1x32x1x8_8_1x1_intrawave_v3,820.48,1698.4,0.0
256,8906,8192,512,ck,0,0,91.5341,a8w8_blockscale_1x128x128_256x128x128x128_16x16_32x32_2x2_8x32x1_8x32x1_1x32x1x8_8_1x1_intrawave_v3,816.19,1689.75,0.0
256,8069,8192,512,ck,18,0,91.5733,a8w8_blockscale_1x128x128_256x64x64x256_16x16_32x32_1x1_16x16x1_16x16x1_1x32x1x8_8_1x1_intrawave_v1,739.16,1534.6,0.0
256,8107,8192,512,ck,18,0,91.5737,a8w8_blockscale_1x128x128_256x64x64x256_16x16_32x32_1x1_16x16x1_16x16x1_1x32x1x8_8_1x1_intrawave_v1,742.64,1541.6,0.0
256,8087,8192,512,ck,18,0,91.5749,a8w8_blockscale_1x128x128_256x64x64x256_16x16_32x32_1x1_16x16x1_16x16x1_1x32x1x8_8_1x1_intrawave_v1,740.8,1537.89,0.0
256,8262,8192,512,ck,0,0,91.5885,a8w8_blockscale_1x128x128_256x128x128x128_16x16_32x32_2x2_8x32x1_8x32x1_1x32x1x8_8_1x1_intrawave_v3,756.72,1569.95,0.0
256,8313,8192,512,ck,0,0,91.6005,a8w8_blockscale_1x128x128_256x128x128x128_16x16_32x32_2x2_8x32x1_8x32x1_1x32x1x8_8_1x1_intrawave_v3,761.29,1579.15,0.0
256,8100,8192,512,ck,18,0,91.6037,a8w8_blockscale_1x128x128_256x64x64x256_16x16_32x32_1x1_16x16x1_16x16x1_1x32x1x8_8_1x1_intrawave_v1,741.76,1539.81,0.0
256,9088,8192,512,ck,0,0,91.6205,a8w8_blockscale_1x128x128_256x128x128x128_16x16_32x32_2x2_8x32x1_8x32x1_1x32x1x8_8_1x1_intrawave_v3,832.08,1721.72,0.0
256,8092,8192,512,ck,18,0,91.6213,a8w8_blockscale_1x128x128_256x64x64x256_16x16_32x32_1x1_16x16x1_16x16x1_1x32x1x8_8_1x1_intrawave_v1,740.88,1538.03,0.0
256,8732,8192,512,ck,0,0,91.6453,a8w8_blockscale_1x128x128_256x128x128x128_16x16_32x32_2x2_8x32x1_8x32x1_1x32x1x8_8_1x1_intrawave_v3,799.27,1655.62,0.0
256,8903,8192,512,ck,0,0,91.6505,a8w8_blockscale_1x128x128_256x128x128x128_16x16_32x32_2x2_8x32x1_8x32x1_1x32x1x8_8_1x1_intrawave_v3,814.88,1687.05,0.0
256,8259,8192,512,ck,0,0,91.6585,a8w8_blockscale_1x128x128_256x128x128x128_16x16_32x32_2x2_8x32x1_8x32x1_1x32x1x8_8_1x1_intrawave_v3,755.87,1568.19,0.0
256,9208,8192,512,ck,0,0,91.6585,a8w8_blockscale_1x128x128_256x128x128x128_16x16_32x32_2x2_8x32x1_8x32x1_1x32x1x8_8_1x1_intrawave_v3,842.72,1743.13,0.0
256,8289,8192,512,ck,0,0,91.6613,a8w8_blockscale_1x128x128_256x128x128x128_16x16_32x32_2x2_8x32x1_8x32x1_1x32x1x8_8_1x1_intrawave_v3,758.59,1573.68,0.0
256,1710,7168,4096,ck,14,0,91.6675,a8w8_blockscale_1x128x128_256x64x256x128_16x16_32x32_2x2_8x32x1_8x32x1_1x32x1x8_8_1x1_intrawave_v1,1095.39,664.13,0.0
256,9086,8192,512,ck,0,0,91.6729,a8w8_blockscale_1x128x128_256x128x128x128_16x16_32x32_2x2_8x32x1_8x32x1_1x32x1x8_8_1x1_intrawave_v3,831.42,1720.37,0.0
256,8091,8192,512,ck,18,0,91.6908,a8w8_blockscale_1x128x128_256x64x64x256_16x16_32x32_1x1_16x16x1_16x16x1_1x32x1x8_8_1x1_intrawave_v1,740.23,1536.68,0.0
256,8080,8192,512,ck,18,0,91.7197,a8w8_blockscale_1x128x128_256x64x64x256_16x16_32x32_1x1_16x16x1_16x16x1_1x32x1x8_8_1x1_intrawave_v1,738.99,1534.17,0.0
256,8746,8192,512,ck,0,0,91.7273,a8w8_blockscale_1x128x128_256x128x128x128_16x16_32x32_2x2_8x32x1_8x32x1_1x32x1x8_8_1x1_intrawave_v3,799.84,1656.72,0.0
256,1685,7168,4096,ck,14,0,91.7311,a8w8_blockscale_1x128x128_256x64x256x128_16x16_32x32_2x2_8x32x1_8x32x1_1x32x1x8_8_1x1_intrawave_v1,1078.63,658.64,0.0
256,8937,8192,512,ck,0,0,91.7317,a8w8_blockscale_1x128x128_256x128x128x128_16x16_32x32_2x2_8x32x1_8x32x1_1x32x1x8_8_1x1_intrawave_v3,817.26,1691.82,0.0
256,9134,8192,512,ck,0,0,91.7389,a8w8_blockscale_1x128x128_256x128x128x128_16x16_32x32_2x2_8x32x1_8x32x1_1x32x1x8_8_1x1_intrawave_v3,835.21,1727.97,0.0
256,8881,8192,512,ck,0,0,91.7517,a8w8_blockscale_1x128x128_256x128x128x128_16x16_32x32_2x2_8x32x1_8x32x1_1x32x1x8_8_1x1_intrawave_v3,811.97,1681.14,0.0
256,9078,8192,512,ck,0,0,91.7521,a8w8_blockscale_1x128x128_256x128x128x128_16x16_32x32_2x2_8x32x1_8x32x1_1x32x1x8_8_1x1_intrawave_v3,829.97,1717.41,0.0
256,8120,8192,512,ck,18,0,91.7637,a8w8_blockscale_1x128x128_256x64x64x256_16x16_32x32_1x1_16x16x1_16x16x1_1x32x1x8_8_1x1_intrawave_v1,742.29,1540.8,0.0
256,8817,8192,512,ck,0,0,91.7753,a8w8_blockscale_1x128x128_256x128x128x128_16x16_32x32_2x2_8x32x1_8x32x1_1x32x1x8_8_1x1_intrawave_v3,805.91,1668.93,0.0
256,8942,8192,512,ck,0,0,91.794,a8w8_blockscale_1x128x128_256x128x128x128_16x16_32x32_2x2_8x32x1_8x32x1_1x32x1x8_8_1x1_intrawave_v3,817.17,1691.6,0.0
256,8121,8192,512,ck,18,0,91.7977,a8w8_blockscale_1x128x128_256x64x64x256_16x16_32x32_1x1_16x16x1_16x16x1_1x32x1x8_8_1x1_intrawave_v1,742.11,1540.42,0.0
256,8123,8192,512,ck,18,0,91.798,a8w8_blockscale_1x128x128_256x64x64x256_16x16_32x32_1x1_16x16x1_16x16x1_1x32x1x8_8_1x1_intrawave_v1,742.29,1540.78,0.0
256,9079,8192,512,ck,0,0,91.8033,a8w8_blockscale_1x128x128_256x128x128x128_16x16_32x32_2x2_8x32x1_8x32x1_1x32x1x8_8_1x1_intrawave_v3,829.6,1716.64,0.0
256,8113,8192,512,ck,18,0,91.8224,a8w8_blockscale_1x128x128_256x64x64x256_16x16_32x32_1x1_16x16x1_16x16x1_1x32x1x8_8_1x1_intrawave_v1,741.18,1538.53,0.0
256,3971,8192,1536,ck,0,0,91.8233,a8w8_blockscale_1x128x128_256x128x128x128_16x16_32x32_2x2_8x32x1_8x32x1_1x32x1x8_8_1x1_intrawave_v3,1088.32,912.0,0.0
256,8127,8192,512,ck,18,0,91.8333,a8w8_blockscale_1x128x128_256x64x64x256_16x16_32x32_1x1_16x16x1_16x16x1_1x32x1x8_8_1x1_intrawave_v1,742.37,1540.92,0.0
256,9036,8192,512,ck,0,0,91.8538,a8w8_blockscale_1x128x128_256x128x128x128_16x16_32x32_2x2_8x32x1_8x32x1_1x32x1x8_8_1x1_intrawave_v3,825.22,1707.79,0.0
256,9052,8192,512,ck,0,0,91.8698,a8w8_blockscale_1x128x128_256x128x128x128_16x16_32x32_2x2_8x32x1_8x32x1_1x32x1x8_8_1x1_intrawave_v3,826.54,1710.43,0.0
256,8900,8192,512,ck,0,0,91.8805,a8w8_blockscale_1x128x128_256x128x128x128_16x16_32x32_2x2_8x32x1_8x32x1_1x32x1x8_8_1x1_intrawave_v3,812.56,1682.28,0.0
256,8277,8192,512,ck,0,0,91.8861,a8w8_blockscale_1x128x128_256x128x128x128_16x16_32x32_2x2_8x32x1_8x32x1_1x32x1x8_8_1x1_intrawave_v3,755.64,1567.62,0.0
256,8109,8192,512,ck,18,0,91.9089,a8w8_blockscale_1x128x128_256x64x64x256_16x16_32x32_1x1_16x16x1_16x16x1_1x32x1x8_8_1x1_intrawave_v1,740.12,1536.35,0.0
256,9032,8192,512,ck,0,0,91.9117,a8w8_blockscale_1x128x128_256x128x128x128_16x16_32x32_2x2_8x32x1_8x32x1_1x32x1x8_8_1x1_intrawave_v3,824.33,1705.97,0.0
256,8240,8192,512,ck,0,0,91.9125,a8w8_blockscale_1x128x128_256x128x128x128_16x16_32x32_2x2_8x32x1_8x32x1_1x32x1x8_8_1x1_intrawave_v3,752.04,1560.37,0.0
256,8065,8192,512,ck,18,0,91.9281,a8w8_blockscale_1x128x128_256x64x64x256_16x16_32x32_1x1_16x16x1_16x16x1_1x32x1x8_8_1x1_intrawave_v1,735.95,1527.94,0.0
256,8837,8192,512,ck,0,0,91.9313,a8w8_blockscale_1x128x128_256x128x128x128_16x16_32x32_2x2_8x32x1_8x32x1_1x32x1x8_8_1x1_intrawave_v3,806.36,1669.77,0.0
256,9072,8192,512,ck,0,0,91.933,a8w8_blockscale_1x128x128_256x128x128x128_16x16_32x32_2x2_8x32x1_8x32x1_1x32x1x8_8_1x1_intrawave_v3,827.79,1712.93,0.0
256,8310,8192,512,ck,0,0,91.9527,a8w8_blockscale_1x128x128_256x128x128x128_16x16_32x32_2x2_8x32x1_8x32x1_1x32x1x8_8_1x1_intrawave_v3,758.1,1572.55,0.0
256,8940,8192,512,ck,0,0,91.9545,a8w8_blockscale_1x128x128_256x128x128x128_16x16_32x32_2x2_8x32x1_8x32x1_1x32x1x8_8_1x1_intrawave_v3,815.56,1688.28,0.0
256,8096,8192,512,ck,18,0,91.9573,a8w8_blockscale_1x128x128_256x64x64x256_16x16_32x32_1x1_16x16x1_16x16x1_1x32x1x8_8_1x1_intrawave_v1,738.54,1533.15,0.0
256,8946,8192,512,ck,0,0,91.9609,a8w8_blockscale_1x128x128_256x128x128x128_16x16_32x32_2x2_8x32x1_8x32x1_1x32x1x8_8_1x1_intrawave_v3,816.05,1689.26,0.0
256,8286,8192,512,ck,0,0,91.9801,a8w8_blockscale_1x128x128_256x128x128x128_16x16_32x32_2x2_8x32x1_8x32x1_1x32x1x8_8_1x1_intrawave_v3,755.69,1567.67,0.0
256,8873,8192,512,ck,0,0,91.9901,a8w8_blockscale_1x128x128_256x128x128x128_16x16_32x32_2x2_8x32x1_8x32x1_1x32x1x8_8_1x1_intrawave_v3,809.13,1675.32,0.0
256,4050,8192,1536,ck,0,0,91.9944,a8w8_blockscale_1x128x128_256x128x128x128_16x16_32x32_2x2_8x32x1_8x32x1_1x32x1x8_8_1x1_intrawave_v3,1107.91,925.7,0.0
256,4002,8192,1536,ck,0,0,91.9956,a8w8_blockscale_1x128x128_256x128x128x128_16x16_32x32_2x2_8x32x1_8x32x1_1x32x1x8_8_1x1_intrawave_v3,1094.77,916.33,0.0
256,9177,8192,512,ck,0,0,91.9961,a8w8_blockscale_1x128x128_256x128x128x128_16x16_32x32_2x2_8x32x1_8x32x1_1x32x1x8_8_1x1_intrawave_v3,836.8,1731.04,0.0
256,9080,8192,512,ck,0,0,92.0118,a8w8_blockscale_1x128x128_256x128x128x128_16x16_32x32_2x2_8x32x1_8x32x1_1x32x1x8_8_1x1_intrawave_v3,827.81,1712.93,0.0
256,9012,8192,512,ck,0,0,92.0193,a8w8_blockscale_1x128x128_256x128x128x128_16x16_32x32_2x2_8x32x1_8x32x1_1x32x1x8_8_1x1_intrawave_v3,821.55,1700.31,0.0
256,8996,8192,512,ck,0,0,92.0194,a8w8_blockscale_1x128x128_256x128x128x128_16x16_32x32_2x2_8x32x1_8x32x1_1x32x1x8_8_1x1_intrawave_v3,820.09,1697.37,0.0
256,8997,8192,512,ck,0,0,92.0203,a8w8_blockscale_1x128x128_256x128x128x128_16x16_32x32_2x2_8x32x1_8x32x1_1x32x1x8_8_1x1_intrawave_v3,820.17,1697.53,0.0
256,8994,8192,512,ck,0,0,92.0562,a8w8_blockscale_1x128x128_256x128x128x128_16x16_32x32_2x2_8x32x1_8x32x1_1x32x1x8_8_1x1_intrawave_v3,819.58,1696.32,0.0
256,8119,8192,512,ck,18,0,92.0629,a8w8_blockscale_1x128x128_256x64x64x256_16x16_32x32_1x1_16x16x1_16x16x1_1x32x1x8_8_1x1_intrawave_v1,739.79,1535.61,0.0
256,9186,8192,512,ck,0,0,92.0734,a8w8_blockscale_1x128x128_256x128x128x128_16x16_32x32_2x2_8x32x1_8x32x1_1x32x1x8_8_1x1_intrawave_v3,836.92,1731.24,0.0
256,8198,8192,512,ck,0,0,92.0866,a8w8_blockscale_1x128x128_256x128x128x128_16x16_32x32_2x2_8x32x1_8x32x1_1x32x1x8_8_1x1_intrawave_v3,746.79,1549.71,0.0
256,8070,8192,512,ck,14,0,92.0917,a8w8_blockscale_1x128x128_256x64x256x128_16x16_32x32_2x2_8x32x1_8x32x1_1x32x1x8_8_1x1_intrawave_v1,735.09,1526.14,0.0
256,8205,8192,512,ck,0,0,92.1061,a8w8_blockscale_1x128x128_256x128x128x128_16x16_32x32_2x2_8x32x1_8x32x1_1x32x1x8_8_1x1_intrawave_v3,747.27,1550.67,0.0
256,8112,8192,512,ck,14,0,92.1089,a8w8_blockscale_1x128x128_256x64x256x128_16x16_32x32_2x2_8x32x1_8x32x1_1x32x1x8_8_1x1_intrawave_v1,738.78,1533.56,0.0
256,9158,8192,512,ck,0,0,92.1265,a8w8_blockscale_1x128x128_256x128x128x128_16x16_32x32_2x2_8x32x1_8x32x1_1x32x1x8_8_1x1_intrawave_v3,833.88,1725.1,0.0
256,9029,8192,512,ck,0,0,92.1265,a8w8_blockscale_1x128x128_256x128x128x128_16x16_32x32_2x2_8x32x1_8x32x1_1x32x1x8_8_1x1_intrawave_v3,822.14,1701.45,0.0
256,9162,8192,512,ck,0,0,92.1361,a8w8_blockscale_1x128x128_256x128x128x128_16x16_32x32_2x2_8x32x1_8x32x1_1x32x1x8_8_1x1_intrawave_v3,834.16,1725.66,0.0
256,8231,8192,512,ck,0,0,92.1445,a8w8_blockscale_1x128x128_256x128x128x128_16x16_32x32_2x2_8x32x1_8x32x1_1x32x1x8_8_1x1_intrawave_v3,749.33,1554.79,0.0
256,8862,8192,512,ck,0,0,92.1485,a8w8_blockscale_1x128x128_256x128x128x128_16x16_32x32_2x2_8x32x1_8x32x1_1x32x1x8_8_1x1_intrawave_v3,806.74,1670.42,0.0
256,8085,8192,512,ck,18,0,92.1513,a8w8_blockscale_1x128x128_256x64x64x256_16x16_32x32_1x1_16x16x1_16x16x1_1x32x1x8_8_1x1_intrawave_v1,735.98,1527.91,0.0
256,9058,8192,512,ck,0,0,92.1617,a8w8_blockscale_1x128x128_256x128x128x128_16x16_32x32_2x2_8x32x1_8x32x1_1x32x1x8_8_1x1_intrawave_v3,824.46,1706.11,0.0
256,9085,8192,512,ck,0,0,92.1689,a8w8_blockscale_1x128x128_256x128x128x128_16x16_32x32_2x2_8x32x1_8x32x1_1x32x1x8_8_1x1_intrawave_v3,826.86,1710.93,0.0
256,8884,8192,512,ck,0,0,92.1883,a8w8_blockscale_1x128x128_256x128x128x128_16x16_32x32_2x2_8x32x1_8x32x1_1x32x1x8_8_1x1_intrawave_v3,808.39,1673.73,0.0
256,8280,8192,512,ck,0,0,92.1925,a8w8_blockscale_1x128x128_256x128x128x128_16x16_32x32_2x2_8x32x1_8x32x1_1x32x1x8_8_1x1_intrawave_v3,753.4,1562.96,0.0
256,8118,8192,512,ck,18,0,92.2004,a8w8_blockscale_1x128x128_256x64x64x256_16x16_32x32_1x1_16x16x1_16x16x1_1x32x1x8_8_1x1_intrawave_v1,738.59,1533.14,0.0
256,9198,8192,512,ck,0,0,92.2009,a8w8_blockscale_1x128x128_256x128x128x128_16x16_32x32_2x2_8x32x1_8x32x1_1x32x1x8_8_1x1_intrawave_v3,836.85,1731.04,0.0
256,8210,8192,512,ck,0,0,92.2057,a8w8_blockscale_1x128x128_256x128x128x128_16x16_32x32_2x2_8x32x1_8x32x1_1x32x1x8_8_1x1_intrawave_v3,746.92,1549.91,0.0
256,8951,8192,512,ck,0,0,92.2083,a8w8_blockscale_1x128x128_256x128x128x128_16x16_32x32_2x2_8x32x1_8x32x1_1x32x1x8_8_1x1_intrawave_v3,814.31,1685.64,0.0
256,8110,8192,512,ck,18,0,92.2089,a8w8_blockscale_1x128x128_256x64x64x256_16x16_32x32_1x1_16x16x1_16x16x1_1x32x1x8_8_1x1_intrawave_v1,737.8,1531.53,0.0
256,8074,8192,512,ck,18,0,92.2117,a8w8_blockscale_1x128x128_256x64x64x256_16x16_32x32_1x1_16x16x1_16x16x1_1x32x1x8_8_1x1_intrawave_v1,734.5,1524.89,0.0
256,8116,8192,512,ck,18,0,92.2172,a8w8_blockscale_1x128x128_256x64x64x256_16x16_32x32_1x1_16x16x1_16x16x1_1x32x1x8_8_1x1_intrawave_v1,738.28,1532.49,0.0
256,9120,8192,512,ck,0,0,92.2193,a8w8_blockscale_1x128x128_256x128x128x128_16x16_32x32_2x2_8x32x1_8x32x1_1x32x1x8_8_1x1_intrawave_v3,829.59,1716.41,0.0
256,8314,8192,512,ck,0,0,92.2237,a8w8_blockscale_1x128x128_256x128x128x128_16x16_32x32_2x2_8x32x1_8x32x1_1x32x1x8_8_1x1_intrawave_v3,756.24,1568.66,0.0
256,9185,8192,512,ck,0,0,92.2465,a8w8_blockscale_1x128x128_256x128x128x128_16x16_32x32_2x2_8x32x1_8x32x1_1x32x1x8_8_1x1_intrawave_v3,835.26,1727.81,0.0
256,8078,8192,512,ck,18,0,92.2489,a8w8_blockscale_1x128x128_256x64x64x256_16x16_32x32_1x1_16x16x1_16x16x1_1x32x1x8_8_1x1_intrawave_v1,734.57,1525.01,0.0
256,9213,8192,512,ck,0,0,92.2509,a8w8_blockscale_1x128x128_256x128x128x128_16x16_32x32_2x2_8x32x1_8x32x1_1x32x1x8_8_1x1_intrawave_v3,837.76,1732.85,0.0
256,8111,8192,512,ck,18,0,92.2748,a8w8_blockscale_1x128x128_256x64x64x256_16x16_32x32_1x1_16x16x1_16x16x1_1x32x1x8_8_1x1_intrawave_v1,737.36,1530.62,0.0
256,9204,8192,512,ck,0,0,92.2921,a8w8_blockscale_1x128x128_256x128x128x128_16x16_32x32_2x2_8x32x1_8x32x1_1x32x1x8_8_1x1_intrawave_v3,836.57,1730.43,0.0
256,8101,8192,512,ck,18,0,92.3001,a8w8_blockscale_1x128x128_256x64x64x256_16x16_32x32_1x1_16x16x1_16x16x1_1x32x1x8_8_1x1_intrawave_v1,736.25,1528.37,0.0
256,8899,8192,512,ck,0,0,92.3066,a8w8_blockscale_1x128x128_256x128x128x128_16x16_32x32_2x2_8x32x1_8x32x1_1x32x1x8_8_1x1_intrawave_v3,808.72,1674.33,0.0
256,8097,8192,512,ck,14,0,92.3116,a8w8_blockscale_1x128x128_256x64x256x128_16x16_32x32_2x2_8x32x1_8x32x1_1x32x1x8_8_1x1_intrawave_v1,735.8,1527.45,0.0
256,8864,8192,512,ck,0,0,92.3141,a8w8_blockscale_1x128x128_256x128x128x128_16x16_32x32_2x2_8x32x1_8x32x1_1x32x1x8_8_1x1_intrawave_v3,805.47,1667.79,0.0
256,8082,8192,512,ck,14,0,92.3425,a8w8_blockscale_1x128x128_256x64x256x128_16x16_32x32_2x2_8x32x1_8x32x1_1x32x1x8_8_1x1_intrawave_v1,734.19,1524.19,0.0
256,8125,8192,512,ck,18,0,92.3525,a8w8_blockscale_1x128x128_256x64x64x256_16x16_32x32_1x1_16x16x1_16x16x1_1x32x1x8_8_1x1_intrawave_v1,738.01,1531.89,0.0
256,8083,8192,512,ck,18,0,92.3525,a8w8_blockscale_1x128x128_256x64x64x256_16x16_32x32_1x1_16x16x1_16x16x1_1x32x1x8_8_1x1_intrawave_v1,734.2,1524.21,0.0
256,8897,8192,512,ck,0,0,92.3605,a8w8_blockscale_1x128x128_256x128x128x128_16x16_32x32_2x2_8x32x1_8x32x1_1x32x1x8_8_1x1_intrawave_v3,808.07,1672.99,0.0
256,8271,8192,512,ck,0,0,92.3789,a8w8_blockscale_1x128x128_256x128x128x128_16x16_32x32_2x2_8x32x1_8x32x1_1x32x1x8_8_1x1_intrawave_v3,751.06,1558.16,0.0
256,8833,8192,512,ck,0,0,92.3865,a8w8_blockscale_1x128x128_256x128x128x128_16x16_32x32_2x2_8x32x1_8x32x1_1x32x1x8_8_1x1_intrawave_v3,802.03,1660.81,0.0
256,8081,8192,512,ck,18,0,92.4097,a8w8_blockscale_1x128x128_256x64x64x256_16x16_32x32_1x1_16x16x1_16x16x1_1x32x1x8_8_1x1_intrawave_v1,733.56,1522.9,0.0
256,8103,8192,512,ck,18,0,92.4299,a8w8_blockscale_1x128x128_256x64x64x256_16x16_32x32_1x1_16x16x1_16x16x1_1x32x1x8_8_1x1_intrawave_v1,735.4,1526.59,0.0
256,8084,8192,512,ck,14,0,92.4637,a8w8_blockscale_1x128x128_256x64x256x128_16x16_32x32_2x2_8x32x1_8x32x1_1x32x1x8_8_1x1_intrawave_v1,733.41,1522.56,0.0
256,8122,8192,512,ck,18,0,92.468,a8w8_blockscale_1x128x128_256x64x64x256_16x16_32x32_1x1_16x16x1_16x16x1_1x32x1x8_8_1x1_intrawave_v1,736.82,1529.43,0.0
256,9127,8192,512,ck,0,0,92.4985,a8w8_blockscale_1x128x128_256x128x128x128_16x16_32x32_2x2_8x32x1_8x32x1_1x32x1x8_8_1x1_intrawave_v3,827.72,1712.5,0.0
256,8928,8192,512,ck,0,0,92.5053,a8w8_blockscale_1x128x128_256x128x128x128_16x16_32x32_2x2_8x32x1_8x32x1_1x32x1x8_8_1x1_intrawave_v3,809.61,1676.03,0.0
256,8099,8192,512,ck,18,0,92.5352,a8w8_blockscale_1x128x128_256x64x64x256_16x16_32x32_1x1_16x16x1_16x16x1_1x32x1x8_8_1x1_intrawave_v1,734.2,1524.12,0.0
256,9139,8192,512,ck,0,0,92.5373,a8w8_blockscale_1x128x128_256x128x128x128_16x16_32x32_2x2_8x32x1_8x32x1_1x32x1x8_8_1x1_intrawave_v3,828.46,1713.98,0.0
256,9160,8192,512,ck,0,0,92.5429,a8w8_blockscale_1x128x128_256x128x128x128_16x16_32x32_2x2_8x32x1_8x32x1_1x32x1x8_8_1x1_intrawave_v3,830.31,1717.71,0.0
256,8891,8192,512,ck,0,0,92.5669,a8w8_blockscale_1x128x128_256x128x128x128_16x16_32x32_2x2_8x32x1_8x32x1_1x32x1x8_8_1x1_intrawave_v3,805.72,1668.16,0.0
256,9205,8192,512,ck,0,0,92.5677,a8w8_blockscale_1x128x128_256x128x128x128_16x16_32x32_2x2_8x32x1_8x32x1_1x32x1x8_8_1x1_intrawave_v3,834.17,1725.46,0.0
256,9143,8192,512,ck,0,0,92.5873,a8w8_blockscale_1x128x128_256x128x128x128_16x16_32x32_2x2_8x32x1_8x32x1_1x32x1x8_8_1x1_intrawave_v3,828.38,1713.78,0.0
256,8071,8192,512,ck,18,0,92.6049,a8w8_blockscale_1x128x128_256x64x64x256_16x16_32x32_1x1_16x16x1_16x16x1_1x32x1x8_8_1x1_intrawave_v1,731.11,1517.87,0.0
256,8311,8192,512,ck,0,0,92.6141,a8w8_blockscale_1x128x128_256x128x128x128_16x16_32x32_2x2_8x32x1_8x32x1_1x32x1x8_8_1x1_intrawave_v3,752.78,1561.5,0.0
256,5430,6144,1536,ck,0,0,92.6157,a8w8_blockscale_1x128x128_256x128x128x128_16x16_32x32_2x2_8x32x1_8x32x1_1x32x1x8_8_1x1_intrawave_v3,1106.59,912.39,0.0
256,9128,8192,512,ck,0,0,92.6169,a8w8_blockscale_1x128x128_256x128x128x128_16x16_32x32_2x2_8x32x1_8x32x1_1x32x1x8_8_1x1_intrawave_v3,826.75,1710.5,0.0
256,8072,8192,512,ck,18,0,92.6281,a8w8_blockscale_1x128x128_256x64x64x256_16x16_32x32_1x1_16x16x1_16x16x1_1x32x1x8_8_1x1_intrawave_v1,731.02,1517.67,0.0
256,8098,8192,512,ck,18,0,92.6569,a8w8_blockscale_1x128x128_256x64x64x256_16x16_32x32_1x1_16x16x1_16x16x1_1x32x1x8_8_1x1_intrawave_v1,733.15,1521.94,0.0
256,8073,8192,512,ck,18,0,92.6769,a8w8_blockscale_1x128x128_256x64x64x256_16x16_32x32_1x1_16x16x1_16x16x1_1x32x1x8_8_1x1_intrawave_v1,730.72,1517.05,0.0
256,9042,8192,512,ck,0,0,92.7013,a8w8_blockscale_1x128x128_256x128x128x128_16x16_32x32_2x2_8x32x1_8x32x1_1x32x1x8_8_1x1_intrawave_v3,818.22,1693.27,0.0
256,8105,8192,512,ck,18,0,92.7584,a8w8_blockscale_1x128x128_256x64x64x256_16x16_32x32_1x1_16x16x1_16x16x1_1x32x1x8_8_1x1_intrawave_v1,732.98,1521.55,0.0
256,9035,8192,512,ck,0,0,92.7638,a8w8_blockscale_1x128x128_256x128x128x128_16x16_32x32_2x2_8x32x1_8x32x1_1x32x1x8_8_1x1_intrawave_v3,817.03,1690.85,0.0
256,8090,8192,512,ck,18,0,92.7737,a8w8_blockscale_1x128x128_256x64x64x256_16x16_32x32_1x1_16x16x1_16x16x1_1x32x1x8_8_1x1_intrawave_v1,731.5,1518.57,0.0
256,9071,8192,512,ck,0,0,92.8026,a8w8_blockscale_1x128x128_256x128x128x128_16x16_32x32_2x2_8x32x1_8x32x1_1x32x1x8_8_1x1_intrawave_v3,819.95,1696.7,0.0
256,8095,8192,512,ck,18,0,92.8065,a8w8_blockscale_1x128x128_256x64x64x256_16x16_32x32_1x1_16x16x1_16x16x1_1x32x1x8_8_1x1_intrawave_v1,731.69,1518.94,0.0
256,1718,7168,4096,ck,14,0,92.8195,a8w8_blockscale_1x128x128_256x64x256x128_16x16_32x32_2x2_8x32x1_8x32x1_1x32x1x8_8_1x1_intrawave_v1,1086.86,657.47,0.0
256,8979,8192,512,ck,0,0,92.8457,a8w8_blockscale_1x128x128_256x128x128x128_16x16_32x32_2x2_8x32x1_8x32x1_1x32x1x8_8_1x1_intrawave_v3,811.25,1679.17,0.0
256,8066,8192,512,ck,14,0,92.8665,a8w8_blockscale_1x128x128_256x64x256x128_16x16_32x32_2x2_8x32x1_8x32x1_1x32x1x8_8_1x1_intrawave_v1,728.6,1512.68,0.0
256,9111,8192,512,ck,0,0,92.8738,a8w8_blockscale_1x128x128_256x128x128x128_16x16_32x32_2x2_8x32x1_8x32x1_1x32x1x8_8_1x1_intrawave_v3,822.93,1702.67,0.0
256,8093,8192,512,ck,18,0,92.8877,a8w8_blockscale_1x128x128_256x64x64x256_16x16_32x32_1x1_16x16x1_16x16x1_1x32x1x8_8_1x1_intrawave_v1,730.87,1517.25,0.0
256,9126,8192,512,ck,0,0,92.8891,a8w8_blockscale_1x128x128_256x128x128x128_16x16_32x32_2x2_8x32x1_8x32x1_1x32x1x8_8_1x1_intrawave_v3,824.15,1705.12,0.0
256,9131,8192,512,ck,0,0,92.9104,a8w8_blockscale_1x128x128_256x128x128x128_16x16_32x32_2x2_8x32x1_8x32x1_1x32x1x8_8_1x1_intrawave_v3,824.41,1705.64,0.0
256,8067,8192,512,ck,18,0,92.9129,a8w8_blockscale_1x128x128_256x64x64x256_16x16_32x32_1x1_16x16x1_16x16x1_1x32x1x8_8_1x1_intrawave_v1,728.33,1512.11,0.0
256,8995,8192,512,ck,0,0,92.9226,a8w8_blockscale_1x128x128_256x128x128x128_16x16_32x32_2x2_8x32x1_8x32x1_1x32x1x8_8_1x1_intrawave_v3,812.03,1680.69,0.0
256,9065,8192,512,ck,0,0,92.9294,a8w8_blockscale_1x128x128_256x128x128x128_16x16_32x32_2x2_8x32x1_8x32x1_1x32x1x8_8_1x1_intrawave_v3,818.28,1693.29,0.0
256,9099,8192,512,ck,0,0,92.9473,a8w8_blockscale_1x128x128_256x128x128x128_16x16_32x32_2x2_8x32x1_8x32x1_1x32x1x8_8_1x1_intrawave_v3,821.2,1699.15,0.0
256,8182,8192,512,ck,14,0,92.967,a8w8_blockscale_1x128x128_256x64x256x128_16x16_32x32_2x2_8x32x1_8x32x1_1x32x1x8_8_1x1_intrawave_v1,738.28,1532.13,0.0
256,8964,8192,512,ck,0,0,93.0265,a8w8_blockscale_1x128x128_256x128x128x128_16x16_32x32_2x2_8x32x1_8x32x1_1x32x1x8_8_1x1_intrawave_v3,808.32,1673.18,0.0
256,8104,8192,512,ck,17,0,93.0417,a8w8_blockscale_1x128x128_256x64x128x256_16x16_32x32_2x1_16x16x1_16x16x1_1x32x1x8_8_1x1_intrawave_v1,730.65,1516.73,0.0
256,8376,8192,512,ck,0,0,93.0468,a8w8_blockscale_1x128x128_256x128x128x128_16x16_32x32_2x2_8x32x1_8x32x1_1x32x1x8_8_1x1_intrawave_v3,755.14,1566.04,0.0
256,8132,8192,512,ck,14,0,93.0488,a8w8_blockscale_1x128x128_256x64x256x128_16x16_32x32_2x2_8x32x1_8x32x1_1x32x1x8_8_1x1_intrawave_v1,733.12,1521.7,0.0
256,8975,8192,512,ck,0,0,93.0741,a8w8_blockscale_1x128x128_256x128x128x128_16x16_32x32_2x2_8x32x1_8x32x1_1x32x1x8_8_1x1_intrawave_v3,808.9,1674.32,0.0
256,8102,8192,512,ck,18,0,93.0804,a8w8_blockscale_1x128x128_256x64x64x256_16x16_32x32_1x1_16x16x1_16x16x1_1x32x1x8_8_1x1_intrawave_v1,730.17,1515.74,0.0
256,9155,8192,512,ck,0,0,93.1317,a8w8_blockscale_1x128x128_256x128x128x128_16x16_32x32_2x2_8x32x1_8x32x1_1x32x1x8_8_1x1_intrawave_v3,824.61,1705.94,0.0
256,8188,8192,512,ck,14,0,93.1334,a8w8_blockscale_1x128x128_256x64x256x128_16x16_32x32_2x2_8x32x1_8x32x1_1x32x1x8_8_1x1_intrawave_v1,737.5,1530.48,0.0
256,8076,8192,512,ck,14,0,93.1367,a8w8_blockscale_1x128x128_256x64x256x128_16x16_32x32_2x2_8x32x1_8x32x1_1x32x1x8_8_1x1_intrawave_v1,727.39,1510.11,0.0
256,9124,8192,512,ck,0,0,93.1605,a8w8_blockscale_1x128x128_256x128x128x128_16x16_32x32_2x2_8x32x1_8x32x1_1x32x1x8_8_1x1_intrawave_v3,821.57,1699.79,0.0
256,8189,8192,512,ck,14,0,93.1926,a8w8_blockscale_1x128x128_256x64x256x128_16x16_32x32_2x2_8x32x1_8x32x1_1x32x1x8_8_1x1_intrawave_v1,737.12,1529.69,0.0
256,8784,8192,512,ck,0,0,93.2199,a8w8_blockscale_1x128x128_256x128x128x128_16x16_32x32_2x2_8x32x1_8x32x1_1x32x1x8_8_1x1_intrawave_v3,790.45,1637.08,0.0
256,9142,8192,512,ck,0,0,93.2465,a8w8_blockscale_1x128x128_256x128x128x128_16x16_32x32_2x2_8x32x1_8x32x1_1x32x1x8_8_1x1_intrawave_v3,822.43,1701.49,0.0
256,8164,8192,512,ck,14,0,93.2789,a8w8_blockscale_1x128x128_256x64x256x128_16x16_32x32_2x2_8x32x1_8x32x1_1x32x1x8_8_1x1_intrawave_v1,734.19,1523.74,0.0
256,9093,8192,512,ck,0,0,93.2874,a8w8_blockscale_1x128x128_256x128x128x128_16x16_32x32_2x2_8x32x1_8x32x1_1x32x1x8_8_1x1_intrawave_v3,817.66,1691.86,0.0
256,8160,8192,512,ck,14,0,93.2997,a8w8_blockscale_1x128x128_256x64x256x128_16x16_32x32_2x2_8x32x1_8x32x1_1x32x1x8_8_1x1_intrawave_v1,733.67,1522.68,0.0
256,8178,8192,512,ck,14,0,93.3019,a8w8_blockscale_1x128x128_256x64x256x128_16x16_32x32_2x2_8x32x1_8x32x1_1x32x1x8_8_1x1_intrawave_v1,735.27,1525.9,0.0
256,8086,8192,512,ck,17,0,93.3027,a8w8_blockscale_1x128x128_256x64x128x256_16x16_32x32_2x1_16x16x1_16x16x1_1x32x1x8_8_1x1_intrawave_v1,726.99,1509.23,0.0
256,9109,8192,512,ck,0,0,93.31,a8w8_blockscale_1x128x128_256x128x128x128_16x16_32x32_2x2_8x32x1_8x32x1_1x32x1x8_8_1x1_intrawave_v3,818.9,1694.35,0.0
256,8124,8192,512,ck,18,0,93.3193,a8w8_blockscale_1x128x128_256x64x64x256_16x16_32x32_1x1_16x16x1_16x16x1_1x32x1x8_8_1x1_intrawave_v1,730.28,1515.84,0.0
256,8984,8192,512,ck,0,0,93.3501,a8w8_blockscale_1x128x128_256x128x128x128_16x16_32x32_2x2_8x32x1_8x32x1_1x32x1x8_8_1x1_intrawave_v3,807.32,1671.0,0.0
256,8106,8192,512,ck,18,0,93.3769,a8w8_blockscale_1x128x128_256x64x64x256_16x16_32x32_1x1_16x16x1_16x16x1_1x32x1x8_8_1x1_intrawave_v1,728.21,1511.65,0.0
256,8308,8192,512,ck,0,0,93.4186,a8w8_blockscale_1x128x128_256x128x128x128_16x16_32x32_2x2_8x32x1_8x32x1_1x32x1x8_8_1x1_intrawave_v3,746.02,1547.51,0.0
256,734,9216,7168,ck,0,0,93.4252,a8w8_blockscale_1x128x128_256x128x128x128_16x16_32x32_2x2_8x32x1_8x32x1_1x32x1x8_8_1x1_intrawave_v3,1038.01,908.22,0.0
256,8963,8192,512,ck,0,0,93.4522,a8w8_blockscale_1x128x128_256x128x128x128_16x16_32x32_2x2_8x32x1_8x32x1_1x32x1x8_8_1x1_intrawave_v3,804.55,1665.38,0.0
256,8159,8192,512,ck,14,0,93.4557,a8w8_blockscale_1x128x128_256x64x256x128_16x16_32x32_2x2_8x32x1_8x32x1_1x32x1x8_8_1x1_intrawave_v1,732.35,1519.96,0.0
256,8181,8192,512,ck,14,0,93.4851,a8w8_blockscale_1x128x128_256x64x256x128_16x16_32x32_2x2_8x32x1_8x32x1_1x32x1x8_8_1x1_intrawave_v1,734.1,1523.46,0.0
256,9083,8192,512,ck,0,0,93.5002,a8w8_blockscale_1x128x128_256x128x128x128_16x16_32x32_2x2_8x32x1_8x32x1_1x32x1x8_8_1x1_intrawave_v3,814.9,1686.21,0.0
256,8162,8192,512,ck,14,0,93.5385,a8w8_blockscale_1x128x128_256x64x256x128_16x16_32x32_2x2_8x32x1_8x32x1_1x32x1x8_8_1x1_intrawave_v1,731.97,1519.15,0.0
256,8117,8192,512,ck,18,0,93.5405,a8w8_blockscale_1x128x128_256x64x64x256_16x16_32x32_1x1_16x16x1_16x16x1_1x32x1x8_8_1x1_intrawave_v1,727.92,1510.99,0.0
256,8962,8192,512,ck,0,0,93.5789,a8w8_blockscale_1x128x128_256x128x128x128_16x16_32x32_2x2_8x32x1_8x32x1_1x32x1x8_8_1x1_intrawave_v3,803.37,1662.94,0.0
256,9136,8192,512,ck,0,0,93.5809,a8w8_blockscale_1x128x128_256x128x128x128_16x16_32x32_2x2_8x32x1_8x32x1_1x32x1x8_8_1x1_intrawave_v3,818.95,1694.32,0.0
256,9323,8192,512,ck,0,0,93.6331,a8w8_blockscale_1x128x128_256x128x128x128_16x16_32x32_2x2_8x32x1_8x32x1_1x32x1x8_8_1x1_intrawave_v3,835.25,1727.12,0.0
256,8088,8192,512,ck,18,0,93.6427,a8w8_blockscale_1x128x128_256x64x64x256_16x16_32x32_1x1_16x16x1_16x16x1_1x32x1x8_8_1x1_intrawave_v1,724.53,1504.11,0.0
256,8075,8192,512,ck,0,0,93.648,a8w8_blockscale_1x128x128_256x128x128x128_16x16_32x32_2x2_8x32x1_8x32x1_1x32x1x8_8_1x1_intrawave_v3,723.33,1501.68,0.0
256,8128,8192,512,ck,0,0,93.6495,a8w8_blockscale_1x128x128_256x128x128x128_16x16_32x32_2x2_8x32x1_8x32x1_1x32x1x8_8_1x1_intrawave_v3,728.06,1511.22,0.0
256,8147,8192,512,ck,14,0,93.6565,a8w8_blockscale_1x128x128_256x64x256x128_16x16_32x32_2x2_8x32x1_8x32x1_1x32x1x8_8_1x1_intrawave_v1,729.71,1514.53,0.0
256,8155,8192,512,ck,0,0,93.6773,a8w8_blockscale_1x128x128_256x128x128x128_16x16_32x32_2x2_8x32x1_8x32x1_1x32x1x8_8_1x1_intrawave_v3,730.26,1515.64,0.0
256,9144,8192,512,ck,0,0,93.6861,a8w8_blockscale_1x128x128_256x128x128x128_16x16_32x32_2x2_8x32x1_8x32x1_1x32x1x8_8_1x1_intrawave_v3,818.75,1693.86,0.0
256,8136,8192,512,ck,14,0,93.7301,a8w8_blockscale_1x128x128_256x64x256x128_16x16_32x32_2x2_8x32x1_8x32x1_1x32x1x8_8_1x1_intrawave_v1,728.15,1511.36,0.0
256,8138,8192,512,ck,0,0,93.7694,a8w8_blockscale_1x128x128_256x128x128x128_16x16_32x32_2x2_8x32x1_8x32x1_1x32x1x8_8_1x1_intrawave_v3,728.03,1511.09,0.0
256,8135,8192,512,ck,0,0,93.7953,a8w8_blockscale_1x128x128_256x128x128x128_16x16_32x32_2x2_8x32x1_8x32x1_1x32x1x8_8_1x1_intrawave_v3,727.56,1510.13,0.0
256,9130,8192,512,ck,0,0,93.8217,a8w8_blockscale_1x128x128_256x128x128x128_16x16_32x32_2x2_8x32x1_8x32x1_1x32x1x8_8_1x1_intrawave_v3,816.31,1688.89,0.0
256,9151,8192,512,ck,0,0,93.8493,a8w8_blockscale_1x128x128_256x128x128x128_16x16_32x32_2x2_8x32x1_8x32x1_1x32x1x8_8_1x1_intrawave_v3,817.95,1692.18,0.0
256,9051,8192,512,ck,0,0,93.8895,a8w8_blockscale_1x128x128_256x128x128x128_16x16_32x32_2x2_8x32x1_8x32x1_1x32x1x8_8_1x1_intrawave_v3,808.67,1673.46,0.0
256,8149,8192,512,ck,0,0,93.9024,a8w8_blockscale_1x128x128_256x128x128x128_16x16_32x32_2x2_8x32x1_8x32x1_1x32x1x8_8_1x1_intrawave_v3,727.98,1510.93,0.0
256,8068,8192,512,ck,14,0,93.9213,a8w8_blockscale_1x128x128_256x64x256x128_16x16_32x32_2x2_8x32x1_8x32x1_1x32x1x8_8_1x1_intrawave_v1,720.6,1496.05,0.0
256,8130,8192,512,ck,0,0,93.9294,a8w8_blockscale_1x128x128_256x128x128x128_16x16_32x32_2x2_8x32x1_8x32x1_1x32x1x8_8_1x1_intrawave_v3,726.07,1507.08,0.0
256,9176,8192,512,ck,0,0,93.9365,a8w8_blockscale_1x128x128_256x128x128x128_16x16_32x32_2x2_8x32x1_8x32x1_1x32x1x8_8_1x1_intrawave_v3,819.42,1695.1,0.0
256,8187,8192,512,ck,18,0,93.945,a8w8_blockscale_1x128x128_256x64x64x256_16x16_32x32_1x1_16x16x1_16x16x1_1x32x1x8_8_1x1_intrawave_v1,731.04,1517.08,0.0
256,8150,8192,512,ck,14,0,93.9477,a8w8_blockscale_1x128x128_256x64x256x128_16x16_32x32_2x2_8x32x1_8x32x1_1x32x1x8_8_1x1_intrawave_v1,727.72,1510.38,0.0
256,9291,8192,512,ck,0,0,93.9489,a8w8_blockscale_1x128x128_256x128x128x128_16x16_32x32_2x2_8x32x1_8x32x1_1x32x1x8_8_1x1_intrawave_v3,829.58,1715.56,0.0
256,8153,8192,512,ck,14,0,93.9501,a8w8_blockscale_1x128x128_256x64x256x128_16x16_32x32_2x2_8x32x1_8x32x1_1x32x1x8_8_1x1_intrawave_v1,727.96,1510.88,0.0
256,8152,8192,512,ck,14,0,93.9573,a8w8_blockscale_1x128x128_256x64x256x128_16x16_32x32_2x2_8x32x1_8x32x1_1x32x1x8_8_1x1_intrawave_v1,727.82,1510.59,0.0
256,8145,8192,512,ck,14,0,93.9573,a8w8_blockscale_1x128x128_256x64x256x128_16x16_32x32_2x2_8x32x1_8x32x1_1x32x1x8_8_1x1_intrawave_v1,727.19,1509.33,0.0
256,8154,8192,512,ck,14,0,93.9617,a8w8_blockscale_1x128x128_256x64x256x128_16x16_32x32_2x2_8x32x1_8x32x1_1x32x1x8_8_1x1_intrawave_v1,727.96,1510.87,0.0
256,8129,8192,512,ck,14,0,93.9981,a8w8_blockscale_1x128x128_256x64x256x128_16x16_32x32_2x2_8x32x1_8x32x1_1x32x1x8_8_1x1_intrawave_v1,725.45,1505.8,0.0
256,9193,8192,512,ck,0,0,94.0265,a8w8_blockscale_1x128x128_256x128x128x128_16x16_32x32_2x2_8x32x1_8x32x1_1x32x1x8_8_1x1_intrawave_v3,820.16,1696.53,0.0
256,9153,8192,512,ck,0,0,94.0393,a8w8_blockscale_1x128x128_256x128x128x128_16x16_32x32_2x2_8x32x1_8x32x1_1x32x1x8_8_1x1_intrawave_v3,816.48,1689.12,0.0
256,8176,8192,512,ck,14,0,94.0456,a8w8_blockscale_1x128x128_256x64x256x128_16x16_32x32_2x2_8x32x1_8x32x1_1x32x1x8_8_1x1_intrawave_v1,729.28,1513.48,0.0
256,8172,8192,512,ck,14,0,94.0458,a8w8_blockscale_1x128x128_256x64x256x128_16x16_32x32_2x2_8x32x1_8x32x1_1x32x1x8_8_1x1_intrawave_v1,728.92,1512.76,0.0
256,8185,8192,512,ck,14,0,94.0606,a8w8_blockscale_1x128x128_256x64x256x128_16x16_32x32_2x2_8x32x1_8x32x1_1x32x1x8_8_1x1_intrawave_v1,729.96,1514.85,0.0
256,9339,8192,512,ck,0,0,94.071,a8w8_blockscale_1x128x128_256x128x128x128_16x16_32x32_2x2_8x32x1_8x32x1_1x32x1x8_8_1x1_intrawave_v3,832.79,1721.96,0.0
256,8166,8192,512,ck,14,0,94.0881,a8w8_blockscale_1x128x128_256x64x256x128_16x16_32x32_2x2_8x32x1_8x32x1_1x32x1x8_8_1x1_intrawave_v1,728.06,1511.0,0.0
256,8170,8192,512,ck,14,0,94.1553,a8w8_blockscale_1x128x128_256x64x256x128_16x16_32x32_2x2_8x32x1_8x32x1_1x32x1x8_8_1x1_intrawave_v1,727.89,1510.64,0.0
256,8156,8192,512,ck,14,0,94.1729,a8w8_blockscale_1x128x128_256x64x256x128_16x16_32x32_2x2_8x32x1_8x32x1_1x32x1x8_8_1x1_intrawave_v1,726.51,1507.84,0.0
256,5447,6144,1536,ck,0,0,94.1794,a8w8_blockscale_1x128x128_256x128x128x128_16x16_32x32_2x2_8x32x1_8x32x1_1x32x1x8_8_1x1_intrawave_v3,1091.63,899.74,0.0
256,9317,8192,512,ck,0,0,94.1844,a8w8_blockscale_1x128x128_256x128x128x128_16x16_32x32_2x2_8x32x1_8x32x1_1x32x1x8_8_1x1_intrawave_v3,829.83,1715.94,0.0
256,8161,8192,512,ck,18,0,94.2061,a8w8_blockscale_1x128x128_256x64x64x256_16x16_32x32_1x1_16x16x1_16x16x1_1x32x1x8_8_1x1_intrawave_v1,726.7,1508.21,0.0
256,8169,8192,512,ck,0,0,94.2083,a8w8_blockscale_1x128x128_256x128x128x128_16x16_32x32_2x2_8x32x1_8x32x1_1x32x1x8_8_1x1_intrawave_v3,727.39,1509.61,0.0
256,8179,8192,512,ck,14,0,94.2199,a8w8_blockscale_1x128x128_256x64x256x128_16x16_32x32_2x2_8x32x1_8x32x1_1x32x1x8_8_1x1_intrawave_v1,728.19,1511.22,0.0
256,8146,8192,512,ck,0,0,94.2556,a8w8_blockscale_1x128x128_256x128x128x128_16x16_32x32_2x2_8x32x1_8x32x1_1x32x1x8_8_1x1_intrawave_v3,724.98,1504.73,0.0
256,8151,8192,512,ck,18,0,94.2557,a8w8_blockscale_1x128x128_256x64x64x256_16x16_32x32_1x1_16x16x1_16x16x1_1x32x1x8_8_1x1_intrawave_v1,725.43,1505.62,0.0
256,9344,8192,512,ck,0,0,94.279,a8w8_blockscale_1x128x128_256x128x128x128_16x16_32x32_2x2_8x32x1_8x32x1_1x32x1x8_8_1x1_intrawave_v3,831.4,1719.05,0.0
256,8134,8192,512,ck,18,0,94.2861,a8w8_blockscale_1x128x128_256x64x64x256_16x16_32x32_1x1_16x16x1_16x16x1_1x32x1x8_8_1x1_intrawave_v1,723.68,1502.09,0.0
256,8137,8192,512,ck,0,0,94.287,a8w8_blockscale_1x128x128_256x128x128x128_16x16_32x32_2x2_8x32x1_8x32x1_1x32x1x8_8_1x1_intrawave_v3,723.94,1502.61,0.0
256,9010,8192,512,ck,0,0,94.3032,a8w8_blockscale_1x128x128_256x128x128x128_16x16_32x32_2x2_8x32x1_8x32x1_1x32x1x8_8_1x1_intrawave_v3,801.47,1658.77,0.0
256,9324,8192,512,ck,0,0,94.3302,a8w8_blockscale_1x128x128_256x128x128x128_16x16_32x32_2x2_8x32x1_8x32x1_1x32x1x8_8_1x1_intrawave_v3,829.17,1714.54,0.0
256,8184,8192,512,ck,14,0,94.3493,a8w8_blockscale_1x128x128_256x64x256x128_16x16_32x32_2x2_8x32x1_8x32x1_1x32x1x8_8_1x1_intrawave_v1,727.64,1510.04,0.0
256,8158,8192,512,ck,0,0,94.3552,a8w8_blockscale_1x128x128_256x128x128x128_16x16_32x32_2x2_8x32x1_8x32x1_1x32x1x8_8_1x1_intrawave_v3,725.28,1505.29,0.0
256,8139,8192,512,ck,0,0,94.3981,a8w8_blockscale_1x128x128_256x128x128x128_16x16_32x32_2x2_8x32x1_8x32x1_1x32x1x8_8_1x1_intrawave_v3,723.27,1501.2,0.0
256,8177,8192,512,ck,14,0,94.4024,a8w8_blockscale_1x128x128_256x64x256x128_16x16_32x32_2x2_8x32x1_8x32x1_1x32x1x8_8_1x1_intrawave_v1,726.61,1507.94,0.0
256,8165,8192,512,ck,0,0,94.4089,a8w8_blockscale_1x128x128_256x128x128x128_16x16_32x32_2x2_8x32x1_8x32x1_1x32x1x8_8_1x1_intrawave_v3,725.49,1505.69,0.0
256,8163,8192,512,ck,0,0,94.431,a8w8_blockscale_1x128x128_256x128x128x128_16x16_32x32_2x2_8x32x1_8x32x1_1x32x1x8_8_1x1_intrawave_v3,725.15,1504.98,0.0
256,9163,8192,512,ck,0,0,94.4349,a8w8_blockscale_1x128x128_256x128x128x128_16x16_32x32_2x2_8x32x1_8x32x1_1x32x1x8_8_1x1_intrawave_v3,813.95,1683.83,0.0
256,9471,8192,512,ck,0,0,94.4377,a8w8_blockscale_1x128x128_256x128x128x128_16x16_32x32_2x2_8x32x1_8x32x1_1x32x1x8_8_1x1_intrawave_v3,841.28,1738.89,0.0
256,8167,8192,512,ck,14,0,94.4405,a8w8_blockscale_1x128x128_256x64x256x128_16x16_32x32_2x2_8x32x1_8x32x1_1x32x1x8_8_1x1_intrawave_v1,725.43,1505.54,0.0
256,8131,8192,512,ck,0,0,94.4429,a8w8_blockscale_1x128x128_256x128x128x128_16x16_32x32_2x2_8x32x1_8x32x1_1x32x1x8_8_1x1_intrawave_v3,722.21,1499.06,0.0
256,8133,8192,512,ck,0,0,94.472,a8w8_blockscale_1x128x128_256x128x128x128_16x16_32x32_2x2_8x32x1_8x32x1_1x32x1x8_8_1x1_intrawave_v3,722.17,1498.96,0.0
256,9249,8192,512,ck,0,0,94.4881,a8w8_blockscale_1x128x128_256x128x128x128_16x16_32x32_2x2_8x32x1_8x32x1_1x32x1x8_8_1x1_intrawave_v3,821.12,1698.26,0.0
256,8143,8192,512,ck,14,0,94.4898,a8w8_blockscale_1x128x128_256x64x256x128_16x16_32x32_2x2_8x32x1_8x32x1_1x32x1x8_8_1x1_intrawave_v1,722.92,1500.46,0.0
256,8141,8192,512,ck,0,0,94.4911,a8w8_blockscale_1x128x128_256x128x128x128_16x16_32x32_2x2_8x32x1_8x32x1_1x32x1x8_8_1x1_intrawave_v3,722.73,1500.08,0.0
256,9235,8192,512,ck,0,0,94.4993,a8w8_blockscale_1x128x128_256x128x128x128_16x16_32x32_2x2_8x32x1_8x32x1_1x32x1x8_8_1x1_intrawave_v3,819.78,1695.56,0.0
256,806,9216,7168,ck,0,0,94.5102,a8w8_blockscale_1x128x128_256x128x128x128_16x16_32x32_2x2_8x32x1_8x32x1_1x32x1x8_8_1x1_intrawave_v3,1126.75,917.3,0.0
256,8711,8192,512,ck,0,0,94.5302,a8w8_blockscale_1x128x128_256x128x128x128_16x16_32x32_2x2_8x32x1_8x32x1_1x32x1x8_8_1x1_intrawave_v3,773.01,1601.34,0.0
256,9379,8192,512,ck,0,0,94.5413,a8w8_blockscale_1x128x128_256x128x128x128_16x16_32x32_2x2_8x32x1_8x32x1_1x32x1x8_8_1x1_intrawave_v3,832.19,1720.54,0.0
256,9333,8192,512,ck,0,0,94.5994,a8w8_blockscale_1x128x128_256x128x128x128_16x16_32x32_2x2_8x32x1_8x32x1_1x32x1x8_8_1x1_intrawave_v3,827.6,1711.27,0.0
256,8175,8192,512,ck,14,0,94.6013,a8w8_blockscale_1x128x128_256x64x256x128_16x16_32x32_2x2_8x32x1_8x32x1_1x32x1x8_8_1x1_intrawave_v1,724.9,1504.41,0.0
256,8157,8192,512,ck,0,0,94.6438,a8w8_blockscale_1x128x128_256x128x128x128_16x16_32x32_2x2_8x32x1_8x32x1_1x32x1x8_8_1x1_intrawave_v3,722.98,1500.52,0.0
256,8190,8192,512,ck,14,0,94.6541,a8w8_blockscale_1x128x128_256x64x256x128_16x16_32x32_2x2_8x32x1_8x32x1_1x32x1x8_8_1x1_intrawave_v1,725.83,1506.25,0.0
256,8148,8192,512,ck,0,0,94.6565,a8w8_blockscale_1x128x128_256x128x128x128_16x16_32x32_2x2_8x32x1_8x32x1_1x32x1x8_8_1x1_intrawave_v3,722.09,1498.71,0.0
256,9332,8192,512,ck,0,0,94.6763,a8w8_blockscale_1x128x128_256x128x128x128_16x16_32x32_2x2_8x32x1_8x32x1_1x32x1x8_8_1x1_intrawave_v3,826.84,1709.7,0.0
256,8183,8192,512,ck,0,0,94.6846,a8w8_blockscale_1x128x128_256x128x128x128_16x16_32x32_2x2_8x32x1_8x32x1_1x32x1x8_8_1x1_intrawave_v3,724.98,1504.51,0.0
256,9298,8192,512,ck,0,0,94.6949,a8w8_blockscale_1x128x128_256x128x128x128_16x16_32x32_2x2_8x32x1_8x32x1_1x32x1x8_8_1x1_intrawave_v3,823.67,1703.29,0.0
256,9412,8192,512,ck,0,0,94.7213,a8w8_blockscale_1x128x128_256x128x128x128_16x16_32x32_2x2_8x32x1_8x32x1_1x32x1x8_8_1x1_intrawave_v3,833.54,1723.15,0.0
256,8685,8192,512,ck,0,0,94.732,a8w8_blockscale_1x128x128_256x128x128x128_16x16_32x32_2x2_8x32x1_8x32x1_1x32x1x8_8_1x1_intrawave_v3,769.06,1593.3,0.0
256,9285,8192,512,ck,0,0,94.7417,a8w8_blockscale_1x128x128_256x128x128x128_16x16_32x32_2x2_8x32x1_8x32x1_1x32x1x8_8_1x1_intrawave_v3,822.11,1700.13,0.0
256,8140,8192,512,ck,0,0,94.7532,a8w8_blockscale_1x128x128_256x128x128x128_16x16_32x32_2x2_8x32x1_8x32x1_1x32x1x8_8_1x1_intrawave_v3,720.64,1495.76,0.0
256,8168,8192,512,ck,0,0,94.778,a8w8_blockscale_1x128x128_256x128x128x128_16x16_32x32_2x2_8x32x1_8x32x1_1x32x1x8_8_1x1_intrawave_v3,722.93,1500.36,0.0
256,9340,8192,512,ck,0,0,94.7822,a8w8_blockscale_1x128x128_256x128x128x128_16x16_32x32_2x2_8x32x1_8x32x1_1x32x1x8_8_1x1_intrawave_v3,826.63,1709.21,0.0
256,8186,8192,512,ck,0,0,94.7917,a8w8_blockscale_1x128x128_256x128x128x128_16x16_32x32_2x2_8x32x1_8x32x1_1x32x1x8_8_1x1_intrawave_v3,724.42,1503.35,0.0
256,8173,8192,512,ck,0,0,94.8058,a8w8_blockscale_1x128x128_256x128x128x128_16x16_32x32_2x2_8x32x1_8x32x1_1x32x1x8_8_1x1_intrawave_v3,723.16,1500.81,0.0
256,9262,8192,512,ck,0,0,94.8329,a8w8_blockscale_1x128x128_256x128x128x128_16x16_32x32_2x2_8x32x1_8x32x1_1x32x1x8_8_1x1_intrawave_v3,819.29,1694.4,0.0
256,9343,8192,512,ck,0,0,94.8333,a8w8_blockscale_1x128x128_256x128x128x128_16x16_32x32_2x2_8x32x1_8x32x1_1x32x1x8_8_1x1_intrawave_v3,826.45,1708.83,0.0
256,9293,8192,512,ck,0,0,94.837,a8w8_blockscale_1x128x128_256x128x128x128_16x16_32x32_2x2_8x32x1_8x32x1_1x32x1x8_8_1x1_intrawave_v3,821.99,1699.85,0.0
256,9227,8192,512,ck,0,0,94.8969,a8w8_blockscale_1x128x128_256x128x128x128_16x16_32x32_2x2_8x32x1_8x32x1_1x32x1x8_8_1x1_intrawave_v3,815.64,1687.03,0.0
256,9409,8192,512,ck,0,0,94.9237,a8w8_blockscale_1x128x128_256x128x128x128_16x16_32x32_2x2_8x32x1_8x32x1_1x32x1x8_8_1x1_intrawave_v3,831.49,1718.95,0.0
256,9254,8192,512,ck,0,0,94.9257,a8w8_blockscale_1x128x128_256x128x128x128_16x16_32x32_2x2_8x32x1_8x32x1_1x32x1x8_8_1x1_intrawave_v3,817.78,1691.32,0.0
256,5431,6144,1536,ck,0,0,94.9269,a8w8_blockscale_1x128x128_256x128x128x128_16x16_32x32_2x2_8x32x1_8x32x1_1x32x1x8_8_1x1_intrawave_v3,1079.85,890.32,0.0
256,8174,8192,512,ck,18,0,94.9345,a8w8_blockscale_1x128x128_256x64x64x256_16x16_32x32_1x1_16x16x1_16x16x1_1x32x1x8_8_1x1_intrawave_v1,722.27,1498.95,0.0
256,8192,8192,512,ck,0,0,94.9513,a8w8_blockscale_1x128x128_256x128x128x128_16x16_32x32_2x2_8x32x1_8x32x1_1x32x1x8_8_1x1_intrawave_v3,723.73,1501.89,0.0
256,9314,8192,512,ck,0,0,94.9727,a8w8_blockscale_1x128x128_256x128x128x128_16x16_32x32_2x2_8x32x1_8x32x1_1x32x1x8_8_1x1_intrawave_v3,822.67,1701.16,0.0
256,9275,8192,512,ck,0,0,95.0142,a8w8_blockscale_1x128x128_256x128x128x128_16x16_32x32_2x2_8x32x1_8x32x1_1x32x1x8_8_1x1_intrawave_v3,818.87,1693.48,0.0
256,8191,8192,512,ck,18,0,95.0282,a8w8_blockscale_1x128x128_256x64x64x256_16x16_32x32_1x1_16x16x1_16x16x1_1x32x1x8_8_1x1_intrawave_v1,723.06,1500.5,0.0
256,9300,8192,512,ck,0,0,95.0545,a8w8_blockscale_1x128x128_256x128x128x128_16x16_32x32_2x2_8x32x1_8x32x1_1x32x1x8_8_1x1_intrawave_v3,820.73,1697.21,0.0
256,8142,8192,512,ck,0,0,95.0709,a8w8_blockscale_1x128x128_256x128x128x128_16x16_32x32_2x2_8x32x1_8x32x1_1x32x1x8_8_1x1_intrawave_v3,718.41,1491.11,0.0
256,9330,8192,512,ck,0,0,95.0838,a8w8_blockscale_1x128x128_256x128x128x128_16x16_32x32_2x2_8x32x1_8x32x1_1x32x1x8_8_1x1_intrawave_v3,823.12,1702.01,0.0
256,9334,8192,512,ck,0,0,95.0942,a8w8_blockscale_1x128x128_256x128x128x128_16x16_32x32_2x2_8x32x1_8x32x1_1x32x1x8_8_1x1_intrawave_v3,823.39,1702.54,0.0
256,8171,8192,512,ck,18,0,95.1558,a8w8_blockscale_1x128x128_256x64x64x256_16x16_32x32_1x1_16x16x1_16x16x1_1x32x1x8_8_1x1_intrawave_v1,720.33,1494.93,0.0
256,9432,8192,512,ck,0,0,95.2045,a8w8_blockscale_1x128x128_256x128x128x128_16x16_32x32_2x2_8x32x1_8x32x1_1x32x1x8_8_1x1_intrawave_v3,831.07,1717.96,0.0
256,9090,8192,512,ck,0,0,95.2183,a8w8_blockscale_1x128x128_256x128x128x128_16x16_32x32_2x2_8x32x1_8x32x1_1x32x1x8_8_1x1_intrawave_v3,800.82,1657.02,0.0
256,9313,8192,512,ck,0,0,95.2275,a8w8_blockscale_1x128x128_256x128x128x128_16x16_32x32_2x2_8x32x1_8x32x1_1x32x1x8_8_1x1_intrawave_v3,820.38,1696.43,0.0
256,9255,8192,512,ck,0,0,95.2401,a8w8_blockscale_1x128x128_256x128x128x128_16x16_32x32_2x2_8x32x1_8x32x1_1x32x1x8_8_1x1_intrawave_v3,815.17,1685.92,0.0
256,5381,6144,1536,ck,0,0,95.2569,a8w8_blockscale_1x128x128_256x128x128x128_16x16_32x32_2x2_8x32x1_8x32x1_1x32x1x8_8_1x1_intrawave_v3,1066.2,879.98,0.0
256,9341,8192,512,ck,0,0,95.2597,a8w8_blockscale_1x128x128_256x128x128x128_16x16_32x32_2x2_8x32x1_8x32x1_1x32x1x8_8_1x1_intrawave_v3,822.57,1700.82,0.0
256,9408,8192,512,ck,0,0,95.2601,a8w8_blockscale_1x128x128_256x128x128x128_16x16_32x32_2x2_8x32x1_8x32x1_1x32x1x8_8_1x1_intrawave_v3,828.47,1712.7,0.0
256,9276,8192,512,ck,0,0,95.2785,a8w8_blockscale_1x128x128_256x128x128x128_16x16_32x32_2x2_8x32x1_8x32x1_1x32x1x8_8_1x1_intrawave_v3,816.69,1688.96,0.0
256,9335,8192,512,ck,0,0,95.2882,a8w8_blockscale_1x128x128_256x128x128x128_16x16_32x32_2x2_8x32x1_8x32x1_1x32x1x8_8_1x1_intrawave_v3,821.8,1699.25,0.0
256,9426,8192,512,ck,0,0,95.3014,a8w8_blockscale_1x128x128_256x128x128x128_16x16_32x32_2x2_8x32x1_8x32x1_1x32x1x8_8_1x1_intrawave_v3,829.69,1715.15,0.0
256,9296,8192,512,ck,0,0,95.302,a8w8_blockscale_1x128x128_256x128x128x128_16x16_32x32_2x2_8x32x1_8x32x1_1x32x1x8_8_1x1_intrawave_v3,818.25,1692.09,0.0
256,9233,8192,512,ck,0,0,95.3113,a8w8_blockscale_1x128x128_256x128x128x128_16x16_32x32_2x2_8x32x1_8x32x1_1x32x1x8_8_1x1_intrawave_v3,812.62,1680.76,0.0
256,9398,8192,512,ck,0,0,95.3437,a8w8_blockscale_1x128x128_256x128x128x128_16x16_32x32_2x2_8x32x1_8x32x1_1x32x1x8_8_1x1_intrawave_v3,826.86,1709.43,0.0
256,9292,8192,512,ck,0,0,95.3506,a8w8_blockscale_1x128x128_256x128x128x128_16x16_32x32_2x2_8x32x1_8x32x1_1x32x1x8_8_1x1_intrawave_v3,817.48,1690.52,0.0
256,9422,8192,512,ck,0,0,95.3514,a8w8_blockscale_1x128x128_256x128x128x128_16x16_32x32_2x2_8x32x1_8x32x1_1x32x1x8_8_1x1_intrawave_v3,828.91,1713.54,0.0
256,8144,8192,512,ck,0,0,95.3687,a8w8_blockscale_1x128x128_256x128x128x128_16x16_32x32_2x2_8x32x1_8x32x1_1x32x1x8_8_1x1_intrawave_v3,716.34,1486.81,0.0
256,9458,8192,512,ck,0,0,95.3825,a8w8_blockscale_1x128x128_256x128x128x128_16x16_32x32_2x2_8x32x1_8x32x1_1x32x1x8_8_1x1_intrawave_v3,831.8,1719.36,0.0
256,9457,8192,512,ck,0,0,95.3861,a8w8_blockscale_1x128x128_256x128x128x128_16x16_32x32_2x2_8x32x1_8x32x1_1x32x1x8_8_1x1_intrawave_v3,831.68,1719.12,0.0
256,9467,8192,512,ck,0,0,95.3885,a8w8_blockscale_1x128x128_256x128x128x128_16x16_32x32_2x2_8x32x1_8x32x1_1x32x1x8_8_1x1_intrawave_v3,832.54,1720.84,0.0
256,9271,8192,512,ck,0,0,95.3929,a8w8_blockscale_1x128x128_256x128x128x128_16x16_32x32_2x2_8x32x1_8x32x1_1x32x1x8_8_1x1_intrawave_v3,815.27,1686.05,0.0
256,9434,8192,512,ck,0,0,95.3997,a8w8_blockscale_1x128x128_256x128x128x128_16x16_32x32_2x2_8x32x1_8x32x1_1x32x1x8_8_1x1_intrawave_v3,829.54,1714.8,0.0
256,9258,8192,512,ck,0,0,95.4345,a8w8_blockscale_1x128x128_256x128x128x128_16x16_32x32_2x2_8x32x1_8x32x1_1x32x1x8_8_1x1_intrawave_v3,813.77,1683.01,0.0
256,9416,8192,512,ck,0,0,95.4517,a8w8_blockscale_1x128x128_256x128x128x128_16x16_32x32_2x2_8x32x1_8x32x1_1x32x1x8_8_1x1_intrawave_v3,827.51,1710.68,0.0
256,5440,6144,1536,ck,0,0,95.4601,a8w8_blockscale_1x128x128_256x128x128x128_16x16_32x32_2x2_8x32x1_8x32x1_1x32x1x8_8_1x1_intrawave_v3,1075.6,886.65,0.0
256,9615,8192,512,ck,0,0,95.4653,a8w8_blockscale_1x128x128_256x128x128x128_16x16_32x32_2x2_8x32x1_8x32x1_1x32x1x8_8_1x1_intrawave_v3,844.88,1745.65,0.0
256,9378,8192,512,ck,0,0,95.4709,a8w8_blockscale_1x128x128_256x128x128x128_16x16_32x32_2x2_8x32x1_8x32x1_1x32x1x8_8_1x1_intrawave_v3,824.0,1703.61,0.0
256,9353,8192,512,ck,0,0,95.4785,a8w8_blockscale_1x128x128_256x128x128x128_16x16_32x32_2x2_8x32x1_8x32x1_1x32x1x8_8_1x1_intrawave_v3,821.74,1699.05,0.0
256,9429,8192,512,ck,0,0,95.5101,a8w8_blockscale_1x128x128_256x128x128x128_16x16_32x32_2x2_8x32x1_8x32x1_1x32x1x8_8_1x1_intrawave_v3,828.14,1711.93,0.0
256,9431,8192,512,ck,0,0,95.5213,a8w8_blockscale_1x128x128_256x128x128x128_16x16_32x32_2x2_8x32x1_8x32x1_1x32x1x8_8_1x1_intrawave_v3,828.22,1712.08,0.0
256,5441,6144,1536,ck,0,0,95.5414,a8w8_blockscale_1x128x128_256x128x128x128_16x16_32x32_2x2_8x32x1_8x32x1_1x32x1x8_8_1x1_intrawave_v3,1074.88,886.04,0.0
256,9380,8192,512,ck,0,0,95.5433,a8w8_blockscale_1x128x128_256x128x128x128_16x16_32x32_2x2_8x32x1_8x32x1_1x32x1x8_8_1x1_intrawave_v3,823.55,1702.67,0.0
256,9319,8192,512,ck,0,0,95.6366,a8w8_blockscale_1x128x128_256x128x128x128_16x16_32x32_2x2_8x32x1_8x32x1_1x32x1x8_8_1x1_intrawave_v3,817.4,1690.23,0.0
256,9424,8192,512,ck,0,0,95.6421,a8w8_blockscale_1x128x128_256x128x128x128_16x16_32x32_2x2_8x32x1_8x32x1_1x32x1x8_8_1x1_intrawave_v3,826.56,1708.68,0.0
256,9621,8192,512,ck,0,0,95.6452,a8w8_blockscale_1x128x128_256x128x128x128_16x16_32x32_2x2_8x32x1_8x32x1_1x32x1x8_8_1x1_intrawave_v3,843.81,1743.43,0.0
256,8180,8192,512,ck,14,0,95.6511,a8w8_blockscale_1x128x128_256x64x256x128_16x16_32x32_2x2_8x32x1_8x32x1_1x32x1x8_8_1x1_intrawave_v1,717.39,1488.78,0.0
256,9373,8192,512,ck,0,0,95.6613,a8w8_blockscale_1x128x128_256x128x128x128_16x16_32x32_2x2_8x32x1_8x32x1_1x32x1x8_8_1x1_intrawave_v3,821.93,1699.33,0.0
256,9372,8192,512,ck,0,0,95.7125,a8w8_blockscale_1x128x128_256x128x128x128_16x16_32x32_2x2_8x32x1_8x32x1_1x32x1x8_8_1x1_intrawave_v3,821.4,1698.25,0.0
256,9257,8192,512,ck,0,0,95.739,a8w8_blockscale_1x128x128_256x128x128x128_16x16_32x32_2x2_8x32x1_8x32x1_1x32x1x8_8_1x1_intrawave_v3,811.09,1677.48,0.0
256,5448,6144,1536,ck,0,0,95.7482,a8w8_blockscale_1x128x128_256x128x128x128_16x16_32x32_2x2_8x32x1_8x32x1_1x32x1x8_8_1x1_intrawave_v3,1073.94,885.14,0.0
256,9338,8192,512,ck,0,0,95.8278,a8w8_blockscale_1x128x128_256x128x128x128_16x16_32x32_2x2_8x32x1_8x32x1_1x32x1x8_8_1x1_intrawave_v3,817.43,1690.21,0.0
256,9469,8192,512,ck,0,0,95.8413,a8w8_blockscale_1x128x128_256x128x128x128_16x16_32x32_2x2_8x32x1_8x32x1_1x32x1x8_8_1x1_intrawave_v3,828.78,1713.07,0.0
256,9564,8192,512,ck,0,0,95.8632,a8w8_blockscale_1x128x128_256x128x128x128_16x16_32x32_2x2_8x32x1_8x32x1_1x32x1x8_8_1x1_intrawave_v3,836.91,1729.42,0.0
256,9400,8192,512,ck,0,0,95.8697,a8w8_blockscale_1x128x128_256x128x128x128_16x16_32x32_2x2_8x32x1_8x32x1_1x32x1x8_8_1x1_intrawave_v3,822.5,1700.4,0.0
256,9482,8192,512,ck,0,0,95.8758,a8w8_blockscale_1x128x128_256x128x128x128_16x16_32x32_2x2_8x32x1_8x32x1_1x32x1x8_8_1x1_intrawave_v3,829.62,1714.74,0.0
256,9245,8192,512,ck,0,0,95.8911,a8w8_blockscale_1x128x128_256x128x128x128_16x16_32x32_2x2_8x32x1_8x32x1_1x32x1x8_8_1x1_intrawave_v3,808.76,1672.71,0.0
256,9436,8192,512,ck,0,0,95.8994,a8w8_blockscale_1x128x128_256x128x128x128_16x16_32x32_2x2_8x32x1_8x32x1_1x32x1x8_8_1x1_intrawave_v3,825.4,1706.21,0.0
256,9611,8192,512,ck,0,0,95.9275,a8w8_blockscale_1x128x128_256x128x128x128_16x16_32x32_2x2_8x32x1_8x32x1_1x32x1x8_8_1x1_intrawave_v3,840.46,1736.54,0.0
256,9532,8192,512,ck,0,0,95.9705,a8w8_blockscale_1x128x128_256x128x128x128_16x16_32x32_2x2_8x32x1_8x32x1_1x32x1x8_8_1x1_intrawave_v3,833.17,1721.85,0.0
256,9451,8192,512,ck,0,0,96.0021,a8w8_blockscale_1x128x128_256x128x128x128_16x16_32x32_2x2_8x32x1_8x32x1_1x32x1x8_8_1x1_intrawave_v3,825.82,1707.03,0.0
256,9691,8192,512,ck,0,0,96.0242,a8w8_blockscale_1x128x128_256x128x128x128_16x16_32x32_2x2_8x32x1_8x32x1_1x32x1x8_8_1x1_intrawave_v3,846.6,1748.87,0.0
256,9406,8192,512,ck,0,0,96.0334,a8w8_blockscale_1x128x128_256x128x128x128_16x16_32x32_2x2_8x32x1_8x32x1_1x32x1x8_8_1x1_intrawave_v3,821.62,1698.56,0.0
256,9480,8192,512,ck,0,0,96.0578,a8w8_blockscale_1x128x128_256x128x128x128_16x16_32x32_2x2_8x32x1_8x32x1_1x32x1x8_8_1x1_intrawave_v3,827.88,1711.14,0.0
256,9247,8192,512,ck,0,0,96.0718,a8w8_blockscale_1x128x128_256x128x128x128_16x16_32x32_2x2_8x32x1_8x32x1_1x32x1x8_8_1x1_intrawave_v3,807.41,1669.91,0.0
256,4294,8192,1536,ck,0,0,96.0788,a8w8_blockscale_1x128x128_256x128x128x128_16x16_32x32_2x2_8x32x1_8x32x1_1x32x1x8_8_1x1_intrawave_v3,1124.72,931.85,0.0
256,9576,8192,512,ck,0,0,96.1153,a8w8_blockscale_1x128x128_256x128x128x128_16x16_32x32_2x2_8x32x1_8x32x1_1x32x1x8_8_1x1_intrawave_v3,835.76,1726.99,0.0
256,9289,8192,512,ck,0,0,96.1567,a8w8_blockscale_1x128x128_256x128x128x128_16x16_32x32_2x2_8x32x1_8x32x1_1x32x1x8_8_1x1_intrawave_v3,810.36,1675.82,0.0
256,849,9216,7168,ck,0,0,96.1649,a8w8_blockscale_1x128x128_256x128x128x128_16x16_32x32_2x2_8x32x1_8x32x1_1x32x1x8_8_1x1_intrawave_v3,1166.44,912.96,0.0
256,9466,8192,512,ck,0,0,96.1705,a8w8_blockscale_1x128x128_256x128x128x128_16x16_32x32_2x2_8x32x1_8x32x1_1x32x1x8_8_1x1_intrawave_v3,825.69,1706.68,0.0
256,9450,8192,512,ck,0,0,96.2113,a8w8_blockscale_1x128x128_256x128x128x128_16x16_32x32_2x2_8x32x1_8x32x1_1x32x1x8_8_1x1_intrawave_v3,823.94,1703.14,0.0
256,9517,8192,512,ck,0,0,96.2237,a8w8_blockscale_1x128x128_256x128x128x128_16x16_32x32_2x2_8x32x1_8x32x1_1x32x1x8_8_1x1_intrawave_v3,829.67,1714.69,0.0
256,9462,8192,512,ck,0,0,96.2489,a8w8_blockscale_1x128x128_256x128x128x128_16x16_32x32_2x2_8x32x1_8x32x1_1x32x1x8_8_1x1_intrawave_v3,824.66,1704.58,0.0
256,9381,8192,512,ck,0,0,96.281,a8w8_blockscale_1x128x128_256x128x128x128_16x16_32x32_2x2_8x32x1_8x32x1_1x32x1x8_8_1x1_intrawave_v3,817.33,1689.8,0.0
256,9719,8192,512,ck,0,0,96.2906,a8w8_blockscale_1x128x128_256x128x128x128_16x16_32x32_2x2_8x32x1_8x32x1_1x32x1x8_8_1x1_intrawave_v3,846.7,1748.94,0.0
256,9481,8192,512,ck,0,0,96.3397,a8w8_blockscale_1x128x128_256x128x128x128_16x16_32x32_2x2_8x32x1_8x32x1_1x32x1x8_8_1x1_intrawave_v3,825.54,1706.31,0.0
256,9337,8192,512,ck,0,0,96.3454,a8w8_blockscale_1x128x128_256x128x128x128_16x16_32x32_2x2_8x32x1_8x32x1_1x32x1x8_8_1x1_intrawave_v3,812.95,1680.95,0.0
256,9443,8192,512,ck,0,0,96.3574,a8w8_blockscale_1x128x128_256x128x128x128_16x16_32x32_2x2_8x32x1_8x32x1_1x32x1x8_8_1x1_intrawave_v3,822.08,1699.33,0.0
256,869,9216,7168,ck,0,0,96.3858,a8w8_blockscale_1x128x128_256x128x128x128_16x16_32x32_2x2_8x32x1_8x32x1_1x32x1x8_8_1x1_intrawave_v3,1191.18,916.18,0.0
256,9650,8192,512,ck,0,0,96.4229,a8w8_blockscale_1x128x128_256x128x128x128_16x16_32x32_2x2_8x32x1_8x32x1_1x32x1x8_8_1x1_intrawave_v3,839.53,1734.45,0.0
256,814,9216,7168,ck,0,0,96.4329,a8w8_blockscale_1x128x128_256x128x128x128_16x16_32x32_2x2_8x32x1_8x32x1_1x32x1x8_8_1x1_intrawave_v3,1115.24,901.13,0.0
256,9238,8192,512,ck,0,0,96.4346,a8w8_blockscale_1x128x128_256x128x128x128_16x16_32x32_2x2_8x32x1_8x32x1_1x32x1x8_8_1x1_intrawave_v3,803.59,1662.05,0.0
256,9277,8192,512,ck,0,0,96.4499,a8w8_blockscale_1x128x128_256x128x128x128_16x16_32x32_2x2_8x32x1_8x32x1_1x32x1x8_8_1x1_intrawave_v3,806.86,1668.62,0.0
256,9453,8192,512,ck,0,0,96.4661,a8w8_blockscale_1x128x128_256x128x128x128_16x16_32x32_2x2_8x32x1_8x32x1_1x32x1x8_8_1x1_intrawave_v3,822.02,1699.17,0.0
256,9607,8192,512,ck,0,0,96.4673,a8w8_blockscale_1x128x128_256x128x128x128_16x16_32x32_2x2_8x32x1_8x32x1_1x32x1x8_8_1x1_intrawave_v3,835.41,1726.12,0.0
256,9230,8192,512,ck,0,0,96.4686,a8w8_blockscale_1x128x128_256x128x128x128_16x16_32x32_2x2_8x32x1_8x32x1_1x32x1x8_8_1x1_intrawave_v3,802.61,1660.07,0.0
256,9386,8192,512,ck,0,0,96.4882,a8w8_blockscale_1x128x128_256x128x128x128_16x16_32x32_2x2_8x32x1_8x32x1_1x32x1x8_8_1x1_intrawave_v3,816.01,1687.05,0.0
256,9619,8192,512,ck,0,0,96.4967,a8w8_blockscale_1x128x128_256x128x128x128_16x16_32x32_2x2_8x32x1_8x32x1_1x32x1x8_8_1x1_intrawave_v3,836.19,1727.7,0.0
256,9594,8192,512,ck,0,0,96.515,a8w8_blockscale_1x128x128_256x128x128x128_16x16_32x32_2x2_8x32x1_8x32x1_1x32x1x8_8_1x1_intrawave_v3,833.86,1722.99,0.0
256,9712,8192,512,ck,0,0,96.5234,a8w8_blockscale_1x128x128_256x128x128x128_16x16_32x32_2x2_8x32x1_8x32x1_1x32x1x8_8_1x1_intrawave_v3,844.05,1743.5,0.0
256,830,9216,7168,ck,0,0,96.5347,a8w8_blockscale_1x128x128_256x128x128x128_16x16_32x32_2x2_8x32x1_8x32x1_1x32x1x8_8_1x1_intrawave_v3,1135.97,904.42,0.0
256,9375,8192,512,ck,0,0,96.553,a8w8_blockscale_1x128x128_256x128x128x128_16x16_32x32_2x2_8x32x1_8x32x1_1x32x1x8_8_1x1_intrawave_v3,814.51,1683.99,0.0
256,9251,8192,512,ck,0,0,96.565,a8w8_blockscale_1x128x128_256x128x128x128_16x16_32x32_2x2_8x32x1_8x32x1_1x32x1x8_8_1x1_intrawave_v3,803.63,1662.08,0.0
256,9673,8192,512,ck,0,0,96.5711,a8w8_blockscale_1x128x128_256x128x128x128_16x16_32x32_2x2_8x32x1_8x32x1_1x32x1x8_8_1x1_intrawave_v3,840.24,1735.81,0.0
256,9525,8192,512,ck,0,0,96.6054,a8w8_blockscale_1x128x128_256x128x128x128_16x16_32x32_2x2_8x32x1_8x32x1_1x32x1x8_8_1x1_intrawave_v3,827.09,1709.31,0.0
256,9232,8192,512,ck,0,0,96.6162,a8w8_blockscale_1x128x128_256x128x128x128_16x16_32x32_2x2_8x32x1_8x32x1_1x32x1x8_8_1x1_intrawave_v3,801.56,1657.88,0.0
256,9635,8192,512,ck,0,0,96.6225,a8w8_blockscale_1x128x128_256x128x128x128_16x16_32x32_2x2_8x32x1_8x32x1_1x32x1x8_8_1x1_intrawave_v3,836.49,1728.24,0.0
256,9572,8192,512,ck,0,0,96.6278,a8w8_blockscale_1x128x128_256x128x128x128_16x16_32x32_2x2_8x32x1_8x32x1_1x32x1x8_8_1x1_intrawave_v3,830.98,1717.13,0.0
256,5489,6144,1536,ck,0,0,96.633,a8w8_blockscale_1x128x128_256x128x128x128_16x16_32x32_2x2_8x32x1_8x32x1_1x32x1x8_8_1x1_intrawave_v3,1072.11,882.9,0.0
256,4123,8192,1536,ck,0,0,96.6388,a8w8_blockscale_1x128x128_256x128x128x128_16x16_32x32_2x2_8x32x1_8x32x1_1x32x1x8_8_1x1_intrawave_v3,1073.68,894.74,0.0
256,9445,8192,512,ck,0,0,96.6414,a8w8_blockscale_1x128x128_256x128x128x128_16x16_32x32_2x2_8x32x1_8x32x1_1x32x1x8_8_1x1_intrawave_v3,819.84,1694.69,0.0
256,5540,6144,1536,ck,0,0,96.6736,a8w8_blockscale_1x128x128_256x128x128x128_16x16_32x32_2x2_8x32x1_8x32x1_1x32x1x8_8_1x1_intrawave_v3,1081.62,889.82,0.0
256,9584,8192,512,ck,0,0,96.681,a8w8_blockscale_1x128x128_256x128x128x128_16x16_32x32_2x2_8x32x1_8x32x1_1x32x1x8_8_1x1_intrawave_v3,831.56,1718.29,0.0
256,9651,8192,512,ck,0,0,96.6814,a8w8_blockscale_1x128x128_256x128x128x128_16x16_32x32_2x2_8x32x1_8x32x1_1x32x1x8_8_1x1_intrawave_v3,837.37,1729.99,0.0
256,9228,8192,512,ck,0,0,96.691,a8w8_blockscale_1x128x128_256x128x128x128_16x16_32x32_2x2_8x32x1_8x32x1_1x32x1x8_8_1x1_intrawave_v3,800.59,1655.9,0.0
256,9677,8192,512,ck,0,0,96.6972,a8w8_blockscale_1x128x128_256x128x128x128_16x16_32x32_2x2_8x32x1_8x32x1_1x32x1x8_8_1x1_intrawave_v3,839.49,1734.25,0.0
256,9628,8192,512,ck,0,0,96.7194,a8w8_blockscale_1x128x128_256x128x128x128_16x16_32x32_2x2_8x32x1_8x32x1_1x32x1x8_8_1x1_intrawave_v3,835.05,1725.29,0.0
256,9580,8192,512,ck,0,0,96.7276,a8w8_blockscale_1x128x128_256x128x128x128_16x16_32x32_2x2_8x32x1_8x32x1_1x32x1x8_8_1x1_intrawave_v3,830.82,1716.76,0.0
256,9388,8192,512,ck,0,0,96.7461,a8w8_blockscale_1x128x128_256x128x128x128_16x16_32x32_2x2_8x32x1_8x32x1_1x32x1x8_8_1x1_intrawave_v3,814.01,1682.9,0.0
256,9520,8192,512,ck,0,0,96.7474,a8w8_blockscale_1x128x128_256x128x128x128_16x16_32x32_2x2_8x32x1_8x32x1_1x32x1x8_8_1x1_intrawave_v3,825.44,1705.93,0.0
256,9642,8192,512,ck,0,0,96.751,a8w8_blockscale_1x128x128_256x128x128x128_16x16_32x32_2x2_8x32x1_8x32x1_1x32x1x8_8_1x1_intrawave_v3,835.99,1727.17,0.0
256,9710,8192,512,ck,0,0,96.7705,a8w8_blockscale_1x128x128_256x128x128x128_16x16_32x32_2x2_8x32x1_8x32x1_1x32x1x8_8_1x1_intrawave_v3,841.72,1738.7,0.0
256,809,9216,7168,ck,0,0,96.8026,a8w8_blockscale_1x128x128_256x128x128x128_16x16_32x32_2x2_8x32x1_8x32x1_1x32x1x8_8_1x1_intrawave_v3,1104.16,896.37,0.0
256,9474,8192,512,ck,0,0,96.8294,a8w8_blockscale_1x128x128_256x128x128x128_16x16_32x32_2x2_8x32x1_8x32x1_1x32x1x8_8_1x1_intrawave_v3,820.76,1696.46,0.0
256,9624,8192,512,ck,0,0,96.8349,a8w8_blockscale_1x128x128_256x128x128x128_16x16_32x32_2x2_8x32x1_8x32x1_1x32x1x8_8_1x1_intrawave_v3,833.71,1722.53,0.0
256,9603,8192,512,ck,0,0,96.8535,a8w8_blockscale_1x128x128_256x128x128x128_16x16_32x32_2x2_8x32x1_8x32x1_1x32x1x8_8_1x1_intrawave_v3,831.73,1718.54,0.0
256,4180,8192,1536,ck,0,0,96.8707,a8w8_blockscale_1x128x128_256x128x128x128_16x16_32x32_2x2_8x32x1_8x32x1_1x32x1x8_8_1x1_intrawave_v3,1085.91,903.15,0.0
256,9537,8192,512,ck,0,0,96.8758,a8w8_blockscale_1x128x128_256x128x128x128_16x16_32x32_2x2_8x32x1_8x32x1_1x32x1x8_8_1x1_intrawave_v3,825.82,1706.63,0.0
256,9592,8192,512,ck,0,0,96.877,a8w8_blockscale_1x128x128_256x128x128x128_16x16_32x32_2x2_8x32x1_8x32x1_1x32x1x8_8_1x1_intrawave_v3,830.57,1716.2,0.0
256,9676,8192,512,ck,0,0,96.9366,a8w8_blockscale_1x128x128_256x128x128x128_16x16_32x32_2x2_8x32x1_8x32x1_1x32x1x8_8_1x1_intrawave_v3,837.33,1729.79,0.0
256,9646,8192,512,ck,0,0,96.9581,a8w8_blockscale_1x128x128_256x128x128x128_16x16_32x32_2x2_8x32x1_8x32x1_1x32x1x8_8_1x1_intrawave_v3,834.55,1724.18,0.0
256,9421,8192,512,ck,0,0,96.9888,a8w8_blockscale_1x128x128_256x128x128x128_16x16_32x32_2x2_8x32x1_8x32x1_1x32x1x8_8_1x1_intrawave_v3,814.83,1684.44,0.0
256,9538,8192,512,ck,0,0,97.0114,a8w8_blockscale_1x128x128_256x128x128x128_16x16_32x32_2x2_8x32x1_8x32x1_1x32x1x8_8_1x1_intrawave_v3,824.75,1704.42,0.0
256,9582,8192,512,ck,0,0,97.0134,a8w8_blockscale_1x128x128_256x128x128x128_16x16_32x32_2x2_8x32x1_8x32x1_1x32x1x8_8_1x1_intrawave_v3,828.54,1712.05,0.0
256,9522,8192,512,ck,0,0,97.071,a8w8_blockscale_1x128x128_256x128x128x128_16x16_32x32_2x2_8x32x1_8x32x1_1x32x1x8_8_1x1_intrawave_v3,822.86,1700.59,0.0
256,9639,8192,512,ck,0,0,97.0824,a8w8_blockscale_1x128x128_256x128x128x128_16x16_32x32_2x2_8x32x1_8x32x1_1x32x1x8_8_1x1_intrawave_v3,832.88,1720.75,0.0
256,9548,8192,512,ck,0,0,97.1102,a8w8_blockscale_1x128x128_256x128x128x128_16x16_32x32_2x2_8x32x1_8x32x1_1x32x1x8_8_1x1_intrawave_v3,824.78,1704.43,0.0
256,9519,8192,512,ck,0,0,97.1121,a8w8_blockscale_1x128x128_256x128x128x128_16x16_32x32_2x2_8x32x1_8x32x1_1x32x1x8_8_1x1_intrawave_v3,822.26,1699.35,0.0
256,9484,8192,512,ck,0,0,97.1458,a8w8_blockscale_1x128x128_256x128x128x128_16x16_32x32_2x2_8x32x1_8x32x1_1x32x1x8_8_1x1_intrawave_v3,818.95,1692.67,0.0
256,813,9216,7168,ck,0,0,97.155,a8w8_blockscale_1x128x128_256x128x128x128_16x16_32x32_2x2_8x32x1_8x32x1_1x32x1x8_8_1x1_intrawave_v3,1105.59,894.17,0.0
256,4176,8192,1536,ck,0,0,97.1709,a8w8_blockscale_1x128x128_256x128x128x128_16x16_32x32_2x2_8x32x1_8x32x1_1x32x1x8_8_1x1_intrawave_v3,1081.52,899.62,0.0
256,9690,8192,512,ck,0,0,97.2164,a8w8_blockscale_1x128x128_256x128x128x128_16x16_32x32_2x2_8x32x1_8x32x1_1x32x1x8_8_1x1_intrawave_v3,836.13,1727.25,0.0
256,9689,8192,512,ck,0,0,97.2634,a8w8_blockscale_1x128x128_256x128x128x128_16x16_32x32_2x2_8x32x1_8x32x1_1x32x1x8_8_1x1_intrawave_v3,835.64,1726.24,0.0
256,9679,8192,512,ck,0,0,97.2646,a8w8_blockscale_1x128x128_256x128x128x128_16x16_32x32_2x2_8x32x1_8x32x1_1x32x1x8_8_1x1_intrawave_v3,834.77,1724.48,0.0
256,9727,8192,512,ck,0,0,97.2709,a8w8_blockscale_1x128x128_256x128x128x128_16x16_32x32_2x2_8x32x1_8x32x1_1x32x1x8_8_1x1_intrawave_v3,838.85,1732.7,0.0
256,9390,8192,512,ck,0,0,97.2742,a8w8_blockscale_1x128x128_256x128x128x128_16x16_32x32_2x2_8x32x1_8x32x1_1x32x1x8_8_1x1_intrawave_v3,809.76,1674.11,0.0
256,9577,8192,512,ck,0,0,97.3122,a8w8_blockscale_1x128x128_256x128x128x128_16x16_32x32_2x2_8x32x1_8x32x1_1x32x1x8_8_1x1_intrawave_v3,825.57,1705.92,0.0
256,9555,8192,512,ck,0,0,97.3194,a8w8_blockscale_1x128x128_256x128x128x128_16x16_32x32_2x2_8x32x1_8x32x1_1x32x1x8_8_1x1_intrawave_v3,823.61,1701.98,0.0
256,9549,8192,512,ck,0,0,97.3243,a8w8_blockscale_1x128x128_256x128x128x128_16x16_32x32_2x2_8x32x1_8x32x1_1x32x1x8_8_1x1_intrawave_v3,823.05,1700.85,0.0
256,9693,8192,512,ck,0,0,97.3254,a8w8_blockscale_1x128x128_256x128x128x128_16x16_32x32_2x2_8x32x1_8x32x1_1x32x1x8_8_1x1_intrawave_v3,835.45,1725.83,0.0
256,9550,8192,512,ck,0,0,97.3314,a8w8_blockscale_1x128x128_256x128x128x128_16x16_32x32_2x2_8x32x1_8x32x1_1x32x1x8_8_1x1_intrawave_v3,823.08,1700.9,0.0
256,9685,8192,512,ck,0,0,97.3346,a8w8_blockscale_1x128x128_256x128x128x128_16x16_32x32_2x2_8x32x1_8x32x1_1x32x1x8_8_1x1_intrawave_v3,834.68,1724.28,0.0
256,9652,8192,512,ck,0,0,97.3474,a8w8_blockscale_1x128x128_256x128x128x128_16x16_32x32_2x2_8x32x1_8x32x1_1x32x1x8_8_1x1_intrawave_v3,831.73,1718.33,0.0
256,9686,8192,512,ck,0,0,97.407,a8w8_blockscale_1x128x128_256x128x128x128_16x16_32x32_2x2_8x32x1_8x32x1_1x32x1x8_8_1x1_intrawave_v3,834.15,1723.17,0.0
256,9641,8192,512,ck,0,0,97.4074,a8w8_blockscale_1x128x128_256x128x128x128_16x16_32x32_2x2_8x32x1_8x32x1_1x32x1x8_8_1x1_intrawave_v3,830.27,1715.36,0.0
256,9570,8192,512,ck,0,0,97.4522,a8w8_blockscale_1x128x128_256x128x128x128_16x16_32x32_2x2_8x32x1_8x32x1_1x32x1x8_8_1x1_intrawave_v3,823.78,1702.26,0.0
256,9648,8192,512,ck,0,0,97.4693,a8w8_blockscale_1x128x128_256x128x128x128_16x16_32x32_2x2_8x32x1_8x32x1_1x32x1x8_8_1x1_intrawave_v3,830.35,1715.48,0.0
256,9724,8192,512,ck,0,0,97.4798,a8w8_blockscale_1x128x128_256x128x128x128_16x16_32x32_2x2_8x32x1_8x32x1_1x32x1x8_8_1x1_intrawave_v3,836.8,1728.47,0.0
256,9515,8192,512,ck,0,0,97.4842,a8w8_blockscale_1x128x128_256x128x128x128_16x16_32x32_2x2_8x32x1_8x32x1_1x32x1x8_8_1x1_intrawave_v3,818.77,1692.17,0.0
256,9513,8192,512,ck,0,0,97.6426,a8w8_blockscale_1x128x128_256x128x128x128_16x16_32x32_2x2_8x32x1_8x32x1_1x32x1x8_8_1x1_intrawave_v3,817.27,1689.08,0.0
256,9578,8192,512,ck,0,0,97.6604,a8w8_blockscale_1x128x128_256x128x128x128_16x16_32x32_2x2_8x32x1_8x32x1_1x32x1x8_8_1x1_intrawave_v3,822.71,1700.02,0.0
256,9494,8192,512,ck,0,0,97.6846,a8w8_blockscale_1x128x128_256x128x128x128_16x16_32x32_2x2_8x32x1_8x32x1_1x32x1x8_8_1x1_intrawave_v3,815.29,1685.07,0.0
256,877,9216,7168,ck,0,0,97.785,a8w8_blockscale_1x128x128_256x128x128x128_16x16_32x32_2x2_8x32x1_8x32x1_1x32x1x8_8_1x1_intrawave_v3,1184.94,905.16,0.0
256,9554,8192,512,ck,0,0,97.805,a8w8_blockscale_1x128x128_256x128x128x128_16x16_32x32_2x2_8x32x1_8x32x1_1x32x1x8_8_1x1_intrawave_v3,819.43,1693.36,0.0
256,9218,8192,512,ck,0,0,97.871,a8w8_blockscale_1x128x128_256x128x128x128_16x16_32x32_2x2_8x32x1_8x32x1_1x32x1x8_8_1x1_intrawave_v3,790.08,1634.21,0.0
256,9547,8192,512,ck,0,0,97.8848,a8w8_blockscale_1x128x128_256x128x128x128_16x16_32x32_2x2_8x32x1_8x32x1_1x32x1x8_8_1x1_intrawave_v3,818.17,1690.77,0.0
256,5670,6144,1536,ck,0,0,97.9704,a8w8_blockscale_1x128x128_256x128x128x128_16x16_32x32_2x2_8x32x1_8x32x1_1x32x1x8_8_1x1_intrawave_v3,1092.35,896.39,0.0
256,9610,8192,512,ck,0,0,97.9879,a8w8_blockscale_1x128x128_256x128x128x128_16x16_32x32_2x2_8x32x1_8x32x1_1x32x1x8_8_1x1_intrawave_v3,822.7,1699.85,0.0
256,9523,8192,512,ck,0,0,98.099,a8w8_blockscale_1x128x128_256x128x128x128_16x16_32x32_2x2_8x32x1_8x32x1_1x32x1x8_8_1x1_intrawave_v3,814.33,1682.94,0.0
256,856,9216,7168,ck,0,0,98.1224,a8w8_blockscale_1x128x128_256x128x128x128_16x16_32x32_2x2_8x32x1_8x32x1_1x32x1x8_8_1x1_intrawave_v3,1152.59,896.57,0.0
256,9589,8192,512,ck,0,0,98.1266,a8w8_blockscale_1x128x128_256x128x128x128_16x16_32x32_2x2_8x32x1_8x32x1_1x32x1x8_8_1x1_intrawave_v3,819.74,1693.83,0.0
256,9669,8192,512,ck,0,0,98.1594,a8w8_blockscale_1x128x128_256x128x128x128_16x16_32x32_2x2_8x32x1_8x32x1_1x32x1x8_8_1x1_intrawave_v3,826.3,1707.04,0.0
256,9477,8192,512,ck,0,0,98.243,a8w8_blockscale_1x128x128_256x128x128x128_16x16_32x32_2x2_8x32x1_8x32x1_1x32x1x8_8_1x1_intrawave_v3,809.21,1672.56,0.0
256,9545,8192,512,ck,0,0,98.2994,a8w8_blockscale_1x128x128_256x128x128x128_16x16_32x32_2x2_8x32x1_8x32x1_1x32x1x8_8_1x1_intrawave_v3,814.54,1683.29,0.0
256,5890,6144,1536,ck,0,0,98.3409,a8w8_blockscale_1x128x128_256x128x128x128_16x16_32x32_2x2_8x32x1_8x32x1_1x32x1x8_8_1x1_intrawave_v3,1130.46,923.93,0.0
256,9633,8192,512,ck,0,0,98.3419,a8w8_blockscale_1x128x128_256x128x128x128_16x16_32x32_2x2_8x32x1_8x32x1_1x32x1x8_8_1x1_intrawave_v3,821.7,1697.68,0.0
256,9687,8192,512,ck,0,0,98.4282,a8w8_blockscale_1x128x128_256x128x128x128_16x16_32x32_2x2_8x32x1_8x32x1_1x32x1x8_8_1x1_intrawave_v3,825.58,1705.47,0.0
256,9768,8192,512,ck,0,0,98.4498,a8w8_blockscale_1x128x128_256x128x128x128_16x16_32x32_2x2_8x32x1_8x32x1_1x32x1x8_8_1x1_intrawave_v3,832.3,1718.99,0.0
256,9779,8192,512,ck,0,0,98.5542,a8w8_blockscale_1x128x128_256x128x128x128_16x16_32x32_2x2_8x32x1_8x32x1_1x32x1x8_8_1x1_intrawave_v3,832.36,1719.06,0.0
256,9820,8192,512,ck,0,0,98.5832,a8w8_blockscale_1x128x128_256x128x128x128_16x16_32x32_2x2_8x32x1_8x32x1_1x32x1x8_8_1x1_intrawave_v3,835.6,1725.58,0.0
256,9575,8192,512,ck,0,0,98.5847,a8w8_blockscale_1x128x128_256x128x128x128_16x16_32x32_2x2_8x32x1_8x32x1_1x32x1x8_8_1x1_intrawave_v3,814.74,1683.56,0.0
256,9814,8192,512,ck,0,0,98.6334,a8w8_blockscale_1x128x128_256x128x128x128_16x16_32x32_2x2_8x32x1_8x32x1_1x32x1x8_8_1x1_intrawave_v3,834.66,1723.67,0.0
256,9780,8192,512,ck,0,0,98.65,a8w8_blockscale_1x128x128_256x128x128x128_16x16_32x32_2x2_8x32x1_8x32x1_1x32x1x8_8_1x1_intrawave_v3,831.63,1717.56,0.0
256,16384,512,7168,cktile,11,0,98.713,a8w8_blockscale_cktile_192x256x128_4x2x1_16x16x128_intrawave_0x1x0_1,1218.27,1396.85,0.0
256,9834,8192,512,ck,0,0,98.7146,a8w8_blockscale_1x128x128_256x128x128x128_16x16_32x32_2x2_8x32x1_8x32x1_1x32x1x8_8_1x1_intrawave_v3,835.68,1725.68,0.0
256,9695,8192,512,ck,0,0,98.7354,a8w8_blockscale_1x128x128_256x128x128x128_16x16_32x32_2x2_8x32x1_8x32x1_1x32x1x8_8_1x1_intrawave_v3,823.69,1701.53,0.0
256,9789,8192,512,ck,0,0,98.7726,a8w8_blockscale_1x128x128_256x128x128x128_16x16_32x32_2x2_8x32x1_8x32x1_1x32x1x8_8_1x1_intrawave_v3,831.37,1716.97,0.0
256,9939,8192,512,ck,0,0,98.8966,a8w8_blockscale_1x128x128_256x128x128x128_16x16_32x32_2x2_8x32x1_8x32x1_1x32x1x8_8_1x1_intrawave_v3,843.05,1740.44,0.0
256,9781,8192,512,ck,0,0,98.9162,a8w8_blockscale_1x128x128_256x128x128x128_16x16_32x32_2x2_8x32x1_8x32x1_1x32x1x8_8_1x1_intrawave_v3,829.48,1713.11,0.0
256,9773,8192,512,ck,0,0,98.9478,a8w8_blockscale_1x128x128_256x128x128x128_16x16_32x32_2x2_8x32x1_8x32x1_1x32x1x8_8_1x1_intrawave_v3,828.54,1711.19,0.0
256,9806,8192,512,ck,0,0,98.9654,a8w8_blockscale_1x128x128_256x128x128x128_16x16_32x32_2x2_8x32x1_8x32x1_1x32x1x8_8_1x1_intrawave_v3,831.19,1716.52,0.0
256,9597,8192,512,ck,0,0,98.9698,a8w8_blockscale_1x128x128_256x128x128x128_16x16_32x32_2x2_8x32x1_8x32x1_1x32x1x8_8_1x1_intrawave_v3,813.43,1680.77,0.0
256,9757,8192,512,ck,0,0,99.0686,a8w8_blockscale_1x128x128_256x128x128x128_16x16_32x32_2x2_8x32x1_8x32x1_1x32x1x8_8_1x1_intrawave_v3,826.17,1706.38,0.0
256,9733,8192,512,ck,0,0,99.0918,a8w8_blockscale_1x128x128_256x128x128x128_16x16_32x32_2x2_8x32x1_8x32x1_1x32x1x8_8_1x1_intrawave_v3,823.95,1701.89,0.0
256,9784,8192,512,ck,0,0,99.1206,a8w8_blockscale_1x128x128_256x128x128x128_16x16_32x32_2x2_8x32x1_8x32x1_1x32x1x8_8_1x1_intrawave_v3,828.02,1710.09,0.0
256,9823,8192,512,ck,0,0,99.1238,a8w8_blockscale_1x128x128_256x128x128x128_16x16_32x32_2x2_8x32x1_8x32x1_1x32x1x8_8_1x1_intrawave_v3,831.3,1716.68,0.0
256,9815,8192,512,ck,0,0,99.1382,a8w8_blockscale_1x128x128_256x128x128x128_16x16_32x32_2x2_8x32x1_8x32x1_1x32x1x8_8_1x1_intrawave_v3,830.5,1715.07,0.0
256,1718,7168,4608,ck,14,0,99.1477,a8w8_blockscale_1x128x128_256x64x256x128_16x16_32x32_2x2_8x32x1_8x32x1_1x32x1x8_8_1x1_intrawave_v1,1144.67,661.4,0.0
256,5922,6144,1536,ck,0,0,99.1533,a8w8_blockscale_1x128x128_256x128x128x128_16x16_32x32_2x2_8x32x1_8x32x1_1x32x1x8_8_1x1_intrawave_v3,1127.28,920.83,0.0
256,9808,8192,512,ck,0,0,99.1549,a8w8_blockscale_1x128x128_256x128x128x128_16x16_32x32_2x2_8x32x1_8x32x1_1x32x1x8_8_1x1_intrawave_v3,829.77,1713.58,0.0
256,6008,6144,1536,ck,0,0,99.1596,a8w8_blockscale_1x128x128_256x128x128x128_16x16_32x32_2x2_8x32x1_8x32x1_1x32x1x8_8_1x1_intrawave_v3,1143.58,932.76,0.0
256,9796,8192,512,ck,0,0,99.2162,a8w8_blockscale_1x128x128_256x128x128x128_16x16_32x32_2x2_8x32x1_8x32x1_1x32x1x8_8_1x1_intrawave_v3,828.24,1710.48,0.0
256,9822,8192,512,ck,0,0,99.229,a8w8_blockscale_1x128x128_256x128x128x128_16x16_32x32_2x2_8x32x1_8x32x1_1x32x1x8_8_1x1_intrawave_v3,830.33,1714.69,0.0
256,9886,8192,512,ck,0,0,99.2462,a8w8_blockscale_1x128x128_256x128x128x128_16x16_32x32_2x2_8x32x1_8x32x1_1x32x1x8_8_1x1_intrawave_v3,835.6,1725.29,0.0
256,9718,8192,512,ck,0,0,99.2638,a8w8_blockscale_1x128x128_256x128x128x128_16x16_32x32_2x2_8x32x1_8x32x1_1x32x1x8_8_1x1_intrawave_v3,821.25,1696.39,0.0
256,4522,8192,1536,ck,0,0,99.3024,a8w8_blockscale_1x128x128_256x128x128x128_16x16_32x32_2x2_8x32x1_8x32x1_1x32x1x8_8_1x1_intrawave_v3,1145.99,942.75,0.0
256,9750,8192,512,ck,0,0,99.3122,a8w8_blockscale_1x128x128_256x128x128x128_16x16_32x32_2x2_8x32x1_8x32x1_1x32x1x8_8_1x1_intrawave_v3,823.55,1701.0,0.0
256,9772,8192,512,ck,0,0,99.3558,a8w8_blockscale_1x128x128_256x128x128x128_16x16_32x32_2x2_8x32x1_8x32x1_1x32x1x8_8_1x1_intrawave_v3,825.05,1704.0,0.0
256,9795,8192,512,ck,0,0,99.3754,a8w8_blockscale_1x128x128_256x128x128x128_16x16_32x32_2x2_8x32x1_8x32x1_1x32x1x8_8_1x1_intrawave_v3,826.83,1707.57,0.0
256,9528,8192,512,ck,0,0,99.4174,a8w8_blockscale_1x128x128_256x128x128x128_16x16_32x32_2x2_8x32x1_8x32x1_1x32x1x8_8_1x1_intrawave_v3,803.95,1661.47,0.0
256,9811,8192,512,ck,0,0,99.4586,a8w8_blockscale_1x128x128_256x128x128x128_16x16_32x32_2x2_8x32x1_8x32x1_1x32x1x8_8_1x1_intrawave_v3,827.49,1708.86,0.0
256,9840,8192,512,ck,0,0,99.4982,a8w8_blockscale_1x128x128_256x128x128x128_16x16_32x32_2x2_8x32x1_8x32x1_1x32x1x8_8_1x1_intrawave_v3,829.6,1713.11,0.0
256,9914,8192,512,ck,0,0,99.5089,a8w8_blockscale_1x128x128_256x128x128x128_16x16_32x32_2x2_8x32x1_8x32x1_1x32x1x8_8_1x1_intrawave_v3,835.75,1725.49,0.0
256,9745,8192,512,ck,0,0,99.5114,a8w8_blockscale_1x128x128_256x128x128x128_16x16_32x32_2x2_8x32x1_8x32x1_1x32x1x8_8_1x1_intrawave_v3,821.48,1696.75,0.0
256,9919,8192,512,ck,0,0,99.5315,a8w8_blockscale_1x128x128_256x128x128x128_16x16_32x32_2x2_8x32x1_8x32x1_1x32x1x8_8_1x1_intrawave_v3,835.98,1725.94,0.0
256,9736,8192,512,ck,0,0,99.5366,a8w8_blockscale_1x128x128_256x128x128x128_16x16_32x32_2x2_8x32x1_8x32x1_1x32x1x8_8_1x1_intrawave_v3,820.52,1694.79,0.0
256,9827,8192,512,ck,0,0,99.5458,a8w8_blockscale_1x128x128_256x128x128x128_16x16_32x32_2x2_8x32x1_8x32x1_1x32x1x8_8_1x1_intrawave_v3,828.11,1710.08,0.0
256,9891,8192,512,ck,0,0,99.5526,a8w8_blockscale_1x128x128_256x128x128x128_16x16_32x32_2x2_8x32x1_8x32x1_1x32x1x8_8_1x1_intrawave_v3,833.45,1720.83,0.0
256,9347,8192,512,ck,0,0,99.559,a8w8_blockscale_1x128x128_256x128x128x128_16x16_32x32_2x2_8x32x1_8x32x1_1x32x1x8_8_1x1_intrawave_v3,787.56,1628.39,0.0
256,9923,8192,512,ck,0,0,99.5596,a8w8_blockscale_1x128x128_256x128x128x128_16x16_32x32_2x2_8x32x1_8x32x1_1x32x1x8_8_1x1_intrawave_v3,836.08,1726.14,0.0
256,9732,8192,512,ck,0,0,99.5858,a8w8_blockscale_1x128x128_256x128x128x128_16x16_32x32_2x2_8x32x1_8x32x1_1x32x1x8_8_1x1_intrawave_v3,819.77,1693.28,0.0
256,9906,8192,512,ck,0,0,99.6166,a8w8_blockscale_1x128x128_256x128x128x128_16x16_32x32_2x2_8x32x1_8x32x1_1x32x1x8_8_1x1_intrawave_v3,834.17,1722.26,0.0
256,4507,8192,1536,ck,0,0,99.6284,a8w8_blockscale_1x128x128_256x128x128x128_16x16_32x32_2x2_8x32x1_8x32x1_1x32x1x8_8_1x1_intrawave_v3,1138.45,936.97,0.0
256,9876,8192,512,ck,0,0,99.6942,a8w8_blockscale_1x128x128_256x128x128x128_16x16_32x32_2x2_8x32x1_8x32x1_1x32x1x8_8_1x1_intrawave_v3,831.0,1715.84,0.0
256,9883,8192,512,ck,0,0,99.7158,a8w8_blockscale_1x128x128_256x128x128x128_16x16_32x32_2x2_8x32x1_8x32x1_1x32x1x8_8_1x1_intrawave_v3,831.41,1716.65,0.0
256,9981,8192,512,ck,0,0,99.7298,a8w8_blockscale_1x128x128_256x128x128x128_16x16_32x32_2x2_8x32x1_8x32x1_1x32x1x8_8_1x1_intrawave_v3,839.54,1733.02,0.0
256,9775,8192,512,ck,0,0,99.7342,a8w8_blockscale_1x128x128_256x128x128x128_16x16_32x32_2x2_8x32x1_8x32x1_1x32x1x8_8_1x1_intrawave_v3,822.17,1698.04,0.0
256,1816,7168,4096,ck,0,0,99.7624,a8w8_blockscale_1x128x128_256x128x128x128_16x16_32x32_2x2_8x32x1_8x32x1_1x32x1x8_8_1x1_intrawave_v3,1068.9,629.82,0.0
256,6001,6144,1536,ck,0,0,99.7705,a8w8_blockscale_1x128x128_256x128x128x128_16x16_32x32_2x2_8x32x1_8x32x1_1x32x1x8_8_1x1_intrawave_v3,1135.26,926.08,0.0
256,9968,8192,512,ck,0,0,99.7906,a8w8_blockscale_1x128x128_256x128x128x128_16x16_32x32_2x2_8x32x1_8x32x1_1x32x1x8_8_1x1_intrawave_v3,837.93,1729.76,0.0
256,9810,8192,512,ck,0,0,99.7918,a8w8_blockscale_1x128x128_256x128x128x128_16x16_32x32_2x2_8x32x1_8x32x1_1x32x1x8_8_1x1_intrawave_v3,824.64,1702.99,0.0
256,8987,8192,512,ck,0,0,99.7942,a8w8_blockscale_1x128x128_256x128x128x128_16x16_32x32_2x2_8x32x1_8x32x1_1x32x1x8_8_1x1_intrawave_v3,755.44,1563.6,0.0
256,1808,7168,4096,ck,0,0,99.8116,a8w8_blockscale_1x128x128_256x128x128x128_16x16_32x32_2x2_8x32x1_8x32x1_1x32x1x8_8_1x1_intrawave_v3,1063.67,628.04,0.0
256,9825,8192,512,ck,0,0,99.8386,a8w8_blockscale_1x128x128_256x128x128x128_16x16_32x32_2x2_8x32x1_8x32x1_1x32x1x8_8_1x1_intrawave_v3,825.51,1704.73,0.0
256,9941,8192,512,ck,0,0,99.8582,a8w8_blockscale_1x128x128_256x128x128x128_16x16_32x32_2x2_8x32x1_8x32x1_1x32x1x8_8_1x1_intrawave_v3,835.1,1724.02,0.0
256,9918,8192,512,ck,0,0,99.8643,a8w8_blockscale_1x128x128_256x128x128x128_16x16_32x32_2x2_8x32x1_8x32x1_1x32x1x8_8_1x1_intrawave_v3,833.11,1720.02,0.0
256,1685,7168,4608,ck,14,0,99.8655,a8w8_blockscale_1x128x128_256x64x256x128_16x16_32x32_2x2_8x32x1_8x32x1_1x32x1x8_8_1x1_intrawave_v1,1114.62,650.38,0.0
256,9975,8192,512,ck,0,0,99.8715,a8w8_blockscale_1x128x128_256x128x128x128_16x16_32x32_2x2_8x32x1_8x32x1_1x32x1x8_8_1x1_intrawave_v3,837.84,1729.54,0.0
256,9800,8192,512,ck,0,0,99.8774,a8w8_blockscale_1x128x128_256x128x128x128_16x16_32x32_2x2_8x32x1_8x32x1_1x32x1x8_8_1x1_intrawave_v3,823.09,1699.84,0.0
256,9766,8192,512,ck,0,0,99.8834,a8w8_blockscale_1x128x128_256x128x128x128_16x16_32x32_2x2_8x32x1_8x32x1_1x32x1x8_8_1x1_intrawave_v3,820.19,1693.98,0.0
256,9862,8192,512,ck,0,0,99.8838,a8w8_blockscale_1x128x128_256x128x128x128_16x16_32x32_2x2_8x32x1_8x32x1_1x32x1x8_8_1x1_intrawave_v3,828.25,1710.21,0.0
256,4598,8192,1536,ck,0,0,99.8932,a8w8_blockscale_1x128x128_256x128x128x128_16x16_32x32_2x2_8x32x1_8x32x1_1x32x1x8_8_1x1_intrawave_v3,1158.36,950.81,0.0
256,9917,8192,512,ck,0,0,99.9047,a8w8_blockscale_1x128x128_256x128x128x128_16x16_32x32_2x2_8x32x1_8x32x1_1x32x1x8_8_1x1_intrawave_v3,832.69,1719.16,0.0
256,9753,8192,512,ck,0,0,99.917,a8w8_blockscale_1x128x128_256x128x128x128_16x16_32x32_2x2_8x32x1_8x32x1_1x32x1x8_8_1x1_intrawave_v3,818.82,1691.21,0.0
256,9816,8192,512,ck,0,0,99.9286,a8w8_blockscale_1x128x128_256x128x128x128_16x16_32x32_2x2_8x32x1_8x32x1_1x32x1x8_8_1x1_intrawave_v3,824.01,1701.67,0.0
256,9830,8192,512,ck,0,0,99.9402,a8w8_blockscale_1x128x128_256x128x128x128_16x16_32x32_2x2_8x32x1_8x32x1_1x32x1x8_8_1x1_intrawave_v3,825.09,1703.84,0.0
256,9926,8192,512,ck,0,0,99.9706,a8w8_blockscale_1x128x128_256x128x128x128_16x16_32x32_2x2_8x32x1_8x32x1_1x32x1x8_8_1x1_intrawave_v3,832.9,1719.55,0.0
256,9737,8192,512,ck,0,0,99.9794,a8w8_blockscale_1x128x128_256x128x128x128_16x16_32x32_2x2_8x32x1_8x32x1_1x32x1x8_8_1x1_intrawave_v3,816.97,1687.45,0.0
256,9851,8192,512,ck,0,0,99.9978,a8w8_blockscale_1x128x128_256x128x128x128_16x16_32x32_2x2_8x32x1_8x32x1_1x32x1x8_8_1x1_intrawave_v3,826.38,1706.41,0.0
256,9892,8192,512,ck,0,0,100.005,a8w8_blockscale_1x128x128_256x128x128x128_16x16_32x32_2x2_8x32x1_8x32x1_1x32x1x8_8_1x1_intrawave_v3,829.76,1713.21,0.0
256,9915,8192,512,ck,0,0,100.03,a8w8_blockscale_1x128x128_256x128x128x128_16x16_32x32_2x2_8x32x1_8x32x1_1x32x1x8_8_1x1_intrawave_v3,831.48,1716.67,0.0
256,1809,7168,4096,ck,0,0,100.036,a8w8_blockscale_1x128x128_256x128x128x128_16x16_32x32_2x2_8x32x1_8x32x1_1x32x1x8_8_1x1_intrawave_v3,1061.87,626.81,0.0
256,9864,8192,512,ck,0,0,100.063,a8w8_blockscale_1x128x128_256x128x128x128_16x16_32x32_2x2_8x32x1_8x32x1_1x32x1x8_8_1x1_intrawave_v3,826.93,1707.49,0.0
256,9739,8192,512,ck,0,0,100.0758,a8w8_blockscale_1x128x128_256x128x128x128_16x16_32x32_2x2_8x32x1_8x32x1_1x32x1x8_8_1x1_intrawave_v3,816.35,1686.17,0.0
256,9853,8192,512,ck,0,0,100.0774,a8w8_blockscale_1x128x128_256x128x128x128_16x16_32x32_2x2_8x32x1_8x32x1_1x32x1x8_8_1x1_intrawave_v3,825.89,1705.39,0.0
256,9948,8192,512,ck,0,0,100.094,a8w8_blockscale_1x128x128_256x128x128x128_16x16_32x32_2x2_8x32x1_8x32x1_1x32x1x8_8_1x1_intrawave_v3,833.72,1721.14,0.0
256,9935,8192,512,ck,0,0,100.1199,a8w8_blockscale_1x128x128_256x128x128x128_16x16_32x32_2x2_8x32x1_8x32x1_1x32x1x8_8_1x1_intrawave_v3,832.41,1718.5,0.0
256,9976,8192,512,ck,0,0,100.1322,a8w8_blockscale_1x128x128_256x128x128x128_16x16_32x32_2x2_8x32x1_8x32x1_1x32x1x8_8_1x1_intrawave_v3,835.74,1725.21,0.0
256,9767,8192,512,ck,0,0,100.137,a8w8_blockscale_1x128x128_256x128x128x128_16x16_32x32_2x2_8x32x1_8x32x1_1x32x1x8_8_1x1_intrawave_v3,818.19,1689.86,0.0
256,5753,6144,1536,ck,0,0,100.1684,a8w8_blockscale_1x128x128_256x128x128x128_16x16_32x32_2x2_8x32x1_8x32x1_1x32x1x8_8_1x1_intrawave_v3,1084.02,888.17,0.0
256,4504,8192,1536,ck,0,0,100.1984,a8w8_blockscale_1x128x128_256x128x128x128_16x16_32x32_2x2_8x32x1_8x32x1_1x32x1x8_8_1x1_intrawave_v3,1131.22,931.1,0.0
256,9969,8192,512,ck,0,0,100.2687,a8w8_blockscale_1x128x128_256x128x128x128_16x16_32x32_2x2_8x32x1_8x32x1_1x32x1x8_8_1x1_intrawave_v3,834.02,1721.68,0.0
256,9946,8192,512,ck,0,0,100.2759,a8w8_blockscale_1x128x128_256x128x128x128_16x16_32x32_2x2_8x32x1_8x32x1_1x32x1x8_8_1x1_intrawave_v3,832.04,1717.68,0.0
256,9821,8192,512,ck,0,0,100.4287,a8w8_blockscale_1x128x128_256x128x128x128_16x16_32x32_2x2_8x32x1_8x32x1_1x32x1x8_8_1x1_intrawave_v3,820.33,1694.04,0.0
256,9738,8192,512,ck,0,0,100.4331,a8w8_blockscale_1x128x128_256x128x128x128_16x16_32x32_2x2_8x32x1_8x32x1_1x32x1x8_8_1x1_intrawave_v3,813.36,1680.0,0.0
256,6002,6144,1536,ck,0,0,100.4397,a8w8_blockscale_1x128x128_256x128x128x128_16x16_32x32_2x2_8x32x1_8x32x1_1x32x1x8_8_1x1_intrawave_v3,1127.88,920.04,0.0
256,9473,8192,512,ck,0,0,100.4519,a8w8_blockscale_1x128x128_256x128x128x128_16x16_32x32_2x2_8x32x1_8x32x1_1x32x1x8_8_1x1_intrawave_v3,791.08,1635.11,0.0
256,9763,8192,512,ck,0,0,100.4958,a8w8_blockscale_1x128x128_256x128x128x128_16x16_32x32_2x2_8x32x1_8x32x1_1x32x1x8_8_1x1_intrawave_v3,814.94,1683.15,0.0
256,1817,7168,4096,ck,0,0,100.5346,a8w8_blockscale_1x128x128_256x128x128x128_16x16_32x32_2x2_8x32x1_8x32x1_1x32x1x8_8_1x1_intrawave_v3,1061.27,625.17,0.0
256,9743,8192,512,ck,0,0,100.5814,a8w8_blockscale_1x128x128_256x128x128x128_16x16_32x32_2x2_8x32x1_8x32x1_1x32x1x8_8_1x1_intrawave_v3,812.58,1678.36,0.0
256,6026,6144,1536,ck,0,0,100.5948,a8w8_blockscale_1x128x128_256x128x128x128_16x16_32x32_2x2_8x32x1_8x32x1_1x32x1x8_8_1x1_intrawave_v3,1130.64,921.92,0.0
256,9867,8192,512,ck,0,0,100.6074,a8w8_blockscale_1x128x128_256x128x128x128_16x16_32x32_2x2_8x32x1_8x32x1_1x32x1x8_8_1x1_intrawave_v3,822.71,1698.75,0.0
256,9964,8192,512,ck,0,0,100.6111,a8w8_blockscale_1x128x128_256x128x128x128_16x16_32x32_2x2_8x32x1_8x32x1_1x32x1x8_8_1x1_intrawave_v3,830.76,1714.98,0.0
256,6108,6144,1536,ck,0,0,100.6552,a8w8_blockscale_1x128x128_256x128x128x128_16x16_32x32_2x2_8x32x1_8x32x1_1x32x1x8_8_1x1_intrawave_v3,1145.34,932.63,0.0
256,1821,7168,4096,ck,0,0,100.7028,a8w8_blockscale_1x128x128_256x128x128x128_16x16_32x32_2x2_8x32x1_8x32x1_1x32x1x8_8_1x1_intrawave_v3,1061.83,624.86,0.0
256,9872,8192,512,ck,0,0,100.7647,a8w8_blockscale_1x128x128_256x128x128x128_16x16_32x32_2x2_8x32x1_8x32x1_1x32x1x8_8_1x1_intrawave_v3,821.84,1696.94,0.0
256,9982,8192,512,ck,0,0,100.8127,a8w8_blockscale_1x128x128_256x128x128x128_16x16_32x32_2x2_8x32x1_8x32x1_1x32x1x8_8_1x1_intrawave_v3,830.6,1714.57,0.0
256,9809,8192,512,ck,0,0,100.9586,a8w8_blockscale_1x128x128_256x128x128x128_16x16_32x32_2x2_8x32x1_8x32x1_1x32x1x8_8_1x1_intrawave_v3,815.03,1683.14,0.0
256,1710,7168,4608,ck,14,0,100.9932,a8w8_blockscale_1x128x128_256x64x256x128_16x16_32x32_2x2_8x32x1_8x32x1_1x32x1x8_8_1x1_intrawave_v1,1118.52,647.81,0.0
256,9812,8192,512,ck,0,0,101.0534,a8w8_blockscale_1x128x128_256x128x128x128_16x16_32x32_2x2_8x32x1_8x32x1_1x32x1x8_8_1x1_intrawave_v3,814.51,1682.06,0.0
256,9868,8192,512,ck,0,0,101.0694,a8w8_blockscale_1x128x128_256x128x128x128_16x16_32x32_2x2_8x32x1_8x32x1_1x32x1x8_8_1x1_intrawave_v3,819.03,1691.16,0.0
256,9922,8192,512,ck,0,0,101.0747,a8w8_blockscale_1x128x128_256x128x128x128_16x16_32x32_2x2_8x32x1_8x32x1_1x32x1x8_8_1x1_intrawave_v3,823.47,1700.09,0.0
256,9730,8192,512,ck,0,0,101.1462,a8w8_blockscale_1x128x128_256x128x128x128_16x16_32x32_2x2_8x32x1_8x32x1_1x32x1x8_8_1x1_intrawave_v3,806.96,1666.82,0.0
256,9963,8192,512,ck,0,0,101.2759,a8w8_blockscale_1x128x128_256x128x128x128_16x16_32x32_2x2_8x32x1_8x32x1_1x32x1x8_8_1x1_intrawave_v3,825.23,1703.56,0.0
256,9979,8192,512,ck,0,0,101.3071,a8w8_blockscale_1x128x128_256x128x128x128_16x16_32x32_2x2_8x32x1_8x32x1_1x32x1x8_8_1x1_intrawave_v3,826.3,1705.7,0.0
256,9731,8192,512,ck,0,0,101.3082,a8w8_blockscale_1x128x128_256x128x128x128_16x16_32x32_2x2_8x32x1_8x32x1_1x32x1x8_8_1x1_intrawave_v3,805.75,1664.32,0.0
256,9871,8192,512,ck,0,0,101.419,a8w8_blockscale_1x128x128_256x128x128x128_16x16_32x32_2x2_8x32x1_8x32x1_1x32x1x8_8_1x1_intrawave_v3,816.45,1685.83,0.0
256,9967,8192,512,ck,0,0,101.4671,a8w8_blockscale_1x128x128_256x128x128x128_16x16_32x32_2x2_8x32x1_8x32x1_1x32x1x8_8_1x1_intrawave_v3,824.0,1701.01,0.0
256,9990,8192,512,ck,0,0,101.7797,a8w8_blockscale_1x128x128_256x128x128x128_16x16_32x32_2x2_8x32x1_8x32x1_1x32x1x8_8_1x1_intrawave_v3,823.37,1699.61,0.0
256,10005,8192,512,ck,0,0,101.9815,a8w8_blockscale_1x128x128_256x128x128x128_16x16_32x32_2x2_8x32x1_8x32x1_1x32x1x8_8_1x1_intrawave_v3,822.97,1698.73,0.0
256,6107,6144,1536,ck,0,0,102.0516,a8w8_blockscale_1x128x128_256x128x128x128_16x16_32x32_2x2_8x32x1_8x32x1_1x32x1x8_8_1x1_intrawave_v3,1129.49,919.73,0.0
256,1991,7168,4096,ck,0,0,102.1175,a8w8_blockscale_1x128x128_256x128x128x128_16x16_32x32_2x2_8x32x1_8x32x1_1x32x1x8_8_1x1_intrawave_v3,1144.88,646.88,0.0
256,10003,8192,512,ck,0,0,102.2967,a8w8_blockscale_1x128x128_256x128x128x128_16x16_32x32_2x2_8x32x1_8x32x1_1x32x1x8_8_1x1_intrawave_v3,820.27,1693.16,0.0
256,2004,7168,4096,ck,0,0,102.3746,a8w8_blockscale_1x128x128_256x128x128x128_16x16_32x32_2x2_8x32x1_8x32x1_1x32x1x8_8_1x1_intrawave_v3,1149.46,647.6,0.0
256,1968,7168,4096,ck,0,0,102.3774,a8w8_blockscale_1x128x128_256x128x128x128_16x16_32x32_2x2_8x32x1_8x32x1_1x32x1x8_8_1x1_intrawave_v3,1128.78,641.1,0.0
256,2000,7168,4096,ck,0,0,102.5051,a8w8_blockscale_1x128x128_256x128x128x128_16x16_32x32_2x2_8x32x1_8x32x1_1x32x1x8_8_1x1_intrawave_v3,1145.7,646.06,0.0
256,1978,7168,4096,ck,0,0,102.5358,a8w8_blockscale_1x128x128_256x128x128x128_16x16_32x32_2x2_8x32x1_8x32x1_1x32x1x8_8_1x1_intrawave_v3,1132.76,641.91,0.0
256,9988,8192,512,ck,0,0,102.5803,a8w8_blockscale_1x128x128_256x128x128x128_16x16_32x32_2x2_8x32x1_8x32x1_1x32x1x8_8_1x1_intrawave_v3,816.78,1686.01,0.0
256,9312,8192,512,ck,0,0,102.6102,a8w8_blockscale_1x128x128_256x128x128x128_16x16_32x32_2x2_8x32x1_8x32x1_1x32x1x8_8_1x1_intrawave_v3,761.28,1574.21,0.0
256,2009,7168,4096,ck,0,0,103.105,a8w8_blockscale_1x128x128_256x128x128x128_16x16_32x32_2x2_8x32x1_8x32x1_1x32x1x8_8_1x1_intrawave_v3,1144.16,643.91,0.0
256,1987,7168,4096,ck,0,0,103.1454,a8w8_blockscale_1x128x128_256x128x128x128_16x16_32x32_2x2_8x32x1_8x32x1_1x32x1x8_8_1x1_intrawave_v3,1131.19,639.72,0.0
256,2011,7168,4096,ck,0,0,103.1946,a8w8_blockscale_1x128x128_256x128x128x128_16x16_32x32_2x2_8x32x1_8x32x1_1x32x1x8_8_1x1_intrawave_v3,1144.31,643.71,0.0
256,1944,7168,4096,ck,0,0,103.2213,a8w8_blockscale_1x128x128_256x128x128x128_16x16_32x32_2x2_8x32x1_8x32x1_1x32x1x8_8_1x1_intrawave_v3,1105.9,631.57,0.0
256,2003,7168,4096,ck,0,0,103.2954,a8w8_blockscale_1x128x128_256x128x128x128_16x16_32x32_2x2_8x32x1_8x32x1_1x32x1x8_8_1x1_intrawave_v3,1138.64,641.65,0.0
256,2006,7168,4096,ck,0,0,103.3642,a8w8_blockscale_1x128x128_256x128x128x128_16x16_32x32_2x2_8x32x1_8x32x1_1x32x1x8_8_1x1_intrawave_v3,1139.59,641.76,0.0
256,9857,8192,512,ck,0,0,103.6827,a8w8_blockscale_1x128x128_256x128x128x128_16x16_32x32_2x2_8x32x1_8x32x1_1x32x1x8_8_1x1_intrawave_v3,797.5,1646.74,0.0
256,1980,7168,4096,ck,0,0,103.8139,a8w8_blockscale_1x128x128_256x128x128x128_16x16_32x32_2x2_8x32x1_8x32x1_1x32x1x8_8_1x1_intrawave_v3,1119.95,634.36,0.0
256,2037,7168,4096,ck,0,0,103.8355,a8w8_blockscale_1x128x128_256x128x128x128_16x16_32x32_2x2_8x32x1_8x32x1_1x32x1x8_8_1x1_intrawave_v3,1151.95,644.35,0.0
256,1934,7168,4096,ck,0,0,103.8565,a8w8_blockscale_1x128x128_256x128x128x128_16x16_32x32_2x2_8x32x1_8x32x1_1x32x1x8_8_1x1_intrawave_v3,1093.48,625.94,0.0
256,2032,7168,4096,ck,0,0,103.9302,a8w8_blockscale_1x128x128_256x128x128x128_16x16_32x32_2x2_8x32x1_8x32x1_1x32x1x8_8_1x1_intrawave_v3,1148.07,642.87,0.0
256,2035,7168,4096,ck,0,0,103.9345,a8w8_blockscale_1x128x128_256x128x128x128_16x16_32x32_2x2_8x32x1_8x32x1_1x32x1x8_8_1x1_intrawave_v3,1149.72,643.38,0.0
256,2041,7168,4096,ck,0,0,103.9898,a8w8_blockscale_1x128x128_256x128x128x128_16x16_32x32_2x2_8x32x1_8x32x1_1x32x1x8_8_1x1_intrawave_v3,1152.5,644.1,0.0
256,2002,7168,4096,ck,0,0,104.023,a8w8_blockscale_1x128x128_256x128x128x128_16x16_32x32_2x2_8x32x1_8x32x1_1x32x1x8_8_1x1_intrawave_v3,1130.11,636.98,0.0
256,2012,7168,4096,ck,0,0,104.1378,a8w8_blockscale_1x128x128_256x128x128x128_16x16_32x32_2x2_8x32x1_8x32x1_1x32x1x8_8_1x1_intrawave_v3,1134.51,638.05,0.0
256,2048,7168,4096,ck,0,0,104.8216,a8w8_blockscale_1x128x128_256x128x128x128_16x16_32x32_2x2_8x32x1_8x32x1_1x32x1x8_8_1x1_intrawave_v3,1147.27,640.22,0.0
256,1809,7168,4608,ck,0,0,104.8228,a8w8_blockscale_1x128x128_256x128x128x128_16x16_32x32_2x2_8x32x1_8x32x1_1x32x1x8_8_1x1_intrawave_v3,1140.05,642.03,0.0
256,6212,6144,1536,ck,0,0,104.9181,a8w8_blockscale_1x128x128_256x128x128x128_16x16_32x32_2x2_8x32x1_8x32x1_1x32x1x8_8_1x1_intrawave_v3,1117.52,908.44,0.0
256,2112,7168,4096,ck,0,0,105.1064,a8w8_blockscale_1x128x128_256x128x128x128_16x16_32x32_2x2_8x32x1_8x32x1_1x32x1x8_8_1x1_intrawave_v3,1179.92,649.71,0.0
256,9602,8192,512,ck,0,0,105.1411,a8w8_blockscale_1x128x128_256x128x128x128_16x16_32x32_2x2_8x32x1_8x32x1_1x32x1x8_8_1x1_intrawave_v3,766.09,1582.92,0.0
256,9986,8192,512,ck,0,0,105.3025,a8w8_blockscale_1x128x128_256x128x128x128_16x16_32x32_2x2_8x32x1_8x32x1_1x32x1x8_8_1x1_intrawave_v3,795.5,1642.1,0.0
256,1808,7168,4608,ck,0,0,105.514,a8w8_blockscale_1x128x128_256x128x128x128_16x16_32x32_2x2_8x32x1_8x32x1_1x32x1x8_8_1x1_intrawave_v3,1131.95,637.65,0.0
256,1817,7168,4608,ck,0,0,105.5981,a8w8_blockscale_1x128x128_256x128x128x128_16x16_32x32_2x2_8x32x1_8x32x1_1x32x1x8_8_1x1_intrawave_v3,1136.68,638.76,0.0
256,2163,7168,4096,ck,0,0,105.6676,a8w8_blockscale_1x128x128_256x128x128x128_16x16_32x32_2x2_8x32x1_8x32x1_1x32x1x8_8_1x1_intrawave_v3,1201.99,655.15,0.0
256,2085,7168,4096,ck,0,0,105.7208,a8w8_blockscale_1x128x128_256x128x128x128_16x16_32x32_2x2_8x32x1_8x32x1_1x32x1x8_8_1x1_intrawave_v3,1158.07,641.23,0.0
256,2087,7168,4096,ck,0,0,105.7408,a8w8_blockscale_1x128x128_256x128x128x128_16x16_32x32_2x2_8x32x1_8x32x1_1x32x1x8_8_1x1_intrawave_v3,1158.96,641.45,0.0
256,2146,7168,4096,ck,0,0,105.827,a8w8_blockscale_1x128x128_256x128x128x128_16x16_32x32_2x2_8x32x1_8x32x1_1x32x1x8_8_1x1_intrawave_v3,1190.75,651.21,0.0
256,2091,7168,4096,ck,0,0,105.8376,a8w8_blockscale_1x128x128_256x128x128x128_16x16_32x32_2x2_8x32x1_8x32x1_1x32x1x8_8_1x1_intrawave_v3,1160.12,641.56,0.0
256,2148,7168,4096,ck,0,0,106.088,a8w8_blockscale_1x128x128_256x128x128x128_16x16_32x32_2x2_8x32x1_8x32x1_1x32x1x8_8_1x1_intrawave_v3,1188.93,649.95,0.0
256,2160,7168,4096,ck,0,0,106.1212,a8w8_blockscale_1x128x128_256x128x128x128_16x16_32x32_2x2_8x32x1_8x32x1_1x32x1x8_8_1x1_intrawave_v3,1195.2,651.83,0.0
256,2088,7168,4096,ck,0,0,106.2181,a8w8_blockscale_1x128x128_256x128x128x128_16x16_32x32_2x2_8x32x1_8x32x1_1x32x1x8_8_1x1_intrawave_v3,1154.3,638.74,0.0
256,6280,6144,1536,ck,0,0,106.2316,a8w8_blockscale_1x128x128_256x128x128x128_16x16_32x32_2x2_8x32x1_8x32x1_1x32x1x8_8_1x1_intrawave_v3,1115.78,906.06,0.0
256,2149,7168,4096,ck,0,0,106.2548,a8w8_blockscale_1x128x128_256x128x128x128_16x16_32x32_2x2_8x32x1_8x32x1_1x32x1x8_8_1x1_intrawave_v3,1187.62,649.1,0.0
256,6307,6144,1536,ck,0,0,106.2577,a8w8_blockscale_1x128x128_256x128x128x128_16x16_32x32_2x2_8x32x1_8x32x1_1x32x1x8_8_1x1_intrawave_v3,1120.3,909.35,0.0
256,2111,7168,4096,ck,0,0,106.3093,a8w8_blockscale_1x128x128_256x128x128x128_16x16_32x32_2x2_8x32x1_8x32x1_1x32x1x8_8_1x1_intrawave_v3,1166.02,642.18,0.0
256,6146,6144,1536,ck,0,0,106.3417,a8w8_blockscale_1x128x128_256x128x128x128_16x16_32x32_2x2_8x32x1_8x32x1_1x32x1x8_8_1x1_intrawave_v3,1090.84,887.7,0.0
256,2109,7168,4096,ck,0,0,106.3559,a8w8_blockscale_1x128x128_256x128x128x128_16x16_32x32_2x2_8x32x1_8x32x1_1x32x1x8_8_1x1_intrawave_v3,1164.4,641.56,0.0
256,2086,7168,4096,ck,0,0,106.4024,a8w8_blockscale_1x128x128_256x128x128x128_16x16_32x32_2x2_8x32x1_8x32x1_1x32x1x8_8_1x1_intrawave_v3,1151.2,637.29,0.0
256,2054,7168,4096,ck,0,0,106.422,a8w8_blockscale_1x128x128_256x128x128x128_16x16_32x32_2x2_8x32x1_8x32x1_1x32x1x8_8_1x1_intrawave_v3,1133.33,631.63,0.0
256,2056,7168,4096,ck,0,0,106.4616,a8w8_blockscale_1x128x128_256x128x128x128_16x16_32x32_2x2_8x32x1_8x32x1_1x32x1x8_8_1x1_intrawave_v3,1134.01,631.74,0.0
256,2129,7168,4096,ck,0,0,106.4876,a8w8_blockscale_1x128x128_256x128x128x128_16x16_32x32_2x2_8x32x1_8x32x1_1x32x1x8_8_1x1_intrawave_v3,1173.99,644.22,0.0
256,6341,6144,1536,ck,0,0,106.5124,a8w8_blockscale_1x128x128_256x128x128x128_16x16_32x32_2x2_8x32x1_8x32x1_1x32x1x8_8_1x1_intrawave_v3,1123.65,911.59,0.0
256,2127,7168,4096,ck,0,0,106.6192,a8w8_blockscale_1x128x128_256x128x128x128_16x16_32x32_2x2_8x32x1_8x32x1_1x32x1x8_8_1x1_intrawave_v3,1171.44,643.08,0.0
256,2304,7168,4096,ck,0,0,106.7102,a8w8_blockscale_1x128x128_256x128x128x128_16x16_32x32_2x2_8x32x1_8x32x1_1x32x1x8_8_1x1_intrawave_v3,1267.84,673.11,0.0
256,1816,7168,4608,ck,0,0,106.7108,a8w8_blockscale_1x128x128_256x128x128x128_16x16_32x32_2x2_8x32x1_8x32x1_1x32x1x8_8_1x1_intrawave_v3,1124.21,631.92,0.0
256,20480,512,7168,cktile,11,0,106.7764,a8w8_blockscale_cktile_192x256x128_4x2x1_16x16x128_intrawave_0x1x0_1,1407.84,1605.62,0.0
256,2090,7168,4096,ck,0,0,106.8493,a8w8_blockscale_1x128x128_256x128x128x128_16x16_32x32_2x2_8x32x1_8x32x1_1x32x1x8_8_1x1_intrawave_v3,1148.58,635.32,0.0
256,2161,7168,4096,ck,0,0,106.8628,a8w8_blockscale_1x128x128_256x128x128x128_16x16_32x32_2x2_8x32x1_8x32x1_1x32x1x8_8_1x1_intrawave_v3,1187.45,647.48,0.0
256,1821,7168,4608,ck,0,0,106.8697,a8w8_blockscale_1x128x128_256x128x128x128_16x16_32x32_2x2_8x32x1_8x32x1_1x32x1x8_8_1x1_intrawave_v3,1125.63,631.86,0.0
256,2126,7168,4096,ck,0,0,106.9568,a8w8_blockscale_1x128x128_256x128x128x128_16x16_32x32_2x2_8x32x1_8x32x1_1x32x1x8_8_1x1_intrawave_v3,1167.19,640.88,0.0
256,2130,7168,4096,ck,0,0,107.0196,a8w8_blockscale_1x128x128_256x128x128x128_16x16_32x32_2x2_8x32x1_8x32x1_1x32x1x8_8_1x1_intrawave_v3,1168.7,641.19,0.0
256,2101,7168,4096,ck,0,0,107.1047,a8w8_blockscale_1x128x128_256x128x128x128_16x16_32x32_2x2_8x32x1_8x32x1_1x32x1x8_8_1x1_intrawave_v3,1151.88,635.69,0.0
256,6225,6144,1536,ck,0,0,107.2205,a8w8_blockscale_1x128x128_256x128x128x128_16x16_32x32_2x2_8x32x1_8x32x1_1x32x1x8_8_1x1_intrawave_v3,1095.81,890.61,0.0
256,2150,7168,4096,ck,0,0,107.248,a8w8_blockscale_1x128x128_256x128x128x128_16x16_32x32_2x2_8x32x1_8x32x1_1x32x1x8_8_1x1_intrawave_v3,1177.16,643.27,0.0
256,2185,7168,4096,ck,0,0,107.3068,a8w8_blockscale_1x128x128_256x128x128x128_16x16_32x32_2x2_8x32x1_8x32x1_1x32x1x8_8_1x1_intrawave_v3,1195.67,648.92,0.0
256,1934,7168,4608,ck,0,0,107.4497,a8w8_blockscale_1x128x128_256x128x128x128_16x16_32x32_2x2_8x32x1_8x32x1_1x32x1x8_8_1x1_intrawave_v3,1189.03,648.38,0.0
256,2128,7168,4096,ck,0,0,107.5248,a8w8_blockscale_1x128x128_256x128x128x128_16x16_32x32_2x2_8x32x1_8x32x1_1x32x1x8_8_1x1_intrawave_v3,1162.12,637.84,0.0
256,2282,7168,4096,ck,0,0,107.6705,a8w8_blockscale_1x128x128_256x128x128x128_16x16_32x32_2x2_8x32x1_8x32x1_1x32x1x8_8_1x1_intrawave_v3,1244.53,663.34,0.0
256,2248,7168,4096,ck,0,0,107.7229,a8w8_blockscale_1x128x128_256x128x128x128_16x16_32x32_2x2_8x32x1_8x32x1_1x32x1x8_8_1x1_intrawave_v3,1225.4,657.2,0.0
256,2116,7168,4096,ck,0,0,107.7724,a8w8_blockscale_1x128x128_256x128x128x128_16x16_32x32_2x2_8x32x1_8x32x1_1x32x1x8_8_1x1_intrawave_v3,1152.91,634.32,0.0
256,6304,6144,1536,ck,0,0,107.8565,a8w8_blockscale_1x128x128_256x128x128x128_16x16_32x32_2x2_8x32x1_8x32x1_1x32x1x8_8_1x1_intrawave_v3,1103.17,895.48,0.0
256,2207,7168,4096,ck,0,0,107.9264,a8w8_blockscale_1x128x128_256x128x128x128_16x16_32x32_2x2_8x32x1_8x32x1_1x32x1x8_8_1x1_intrawave_v3,1200.78,648.96,0.0
256,1987,7168,4608,ck,0,0,107.9427,a8w8_blockscale_1x128x128_256x128x128x128_16x16_32x32_2x2_8x32x1_8x32x1_1x32x1x8_8_1x1_intrawave_v3,1216.03,654.72,0.0
256,6435,6144,1536,ck,0,0,107.9721,a8w8_blockscale_1x128x128_256x128x128x128_16x16_32x32_2x2_8x32x1_8x32x1_1x32x1x8_8_1x1_intrawave_v3,1124.89,911.3,0.0
256,6580,6144,1536,ck,0,0,107.9765,a8w8_blockscale_1x128x128_256x128x128x128_16x16_32x32_2x2_8x32x1_8x32x1_1x32x1x8_8_1x1_intrawave_v3,1150.19,929.82,0.0
256,2219,7168,4096,ck,0,0,108.016,a8w8_blockscale_1x128x128_256x128x128x128_16x16_32x32_2x2_8x32x1_8x32x1_1x32x1x8_8_1x1_intrawave_v3,1206.31,650.47,0.0
256,2249,7168,4096,ck,0,0,108.0172,a8w8_blockscale_1x128x128_256x128x128x128_16x16_32x32_2x2_8x32x1_8x32x1_1x32x1x8_8_1x1_intrawave_v3,1222.6,655.58,0.0
256,1978,7168,4608,ck,0,0,108.0175,a8w8_blockscale_1x128x128_256x128x128x128_16x16_32x32_2x2_8x32x1_8x32x1_1x32x1x8_8_1x1_intrawave_v3,1209.69,652.68,0.0
256,2251,7168,4096,ck,0,0,108.0933,a8w8_blockscale_1x128x128_256x128x128x128_16x16_32x32_2x2_8x32x1_8x32x1_1x32x1x8_8_1x1_intrawave_v3,1222.83,655.46,0.0
256,2164,7168,4096,ck,0,0,108.1048,a8w8_blockscale_1x128x128_256x128x128x128_16x16_32x32_2x2_8x32x1_8x32x1_1x32x1x8_8_1x1_intrawave_v3,1175.44,640.55,0.0
256,2215,7168,4096,ck,0,0,108.1428,a8w8_blockscale_1x128x128_256x128x128x128_16x16_32x32_2x2_8x32x1_8x32x1_1x32x1x8_8_1x1_intrawave_v3,1202.72,649.02,0.0
256,2254,7168,4096,ck,0,0,108.1635,a8w8_blockscale_1x128x128_256x128x128x128_16x16_32x32_2x2_8x32x1_8x32x1_1x32x1x8_8_1x1_intrawave_v3,1223.66,655.54,0.0
256,2301,7168,4096,ck,0,0,108.1765,a8w8_blockscale_1x128x128_256x128x128x128_16x16_32x32_2x2_8x32x1_8x32x1_1x32x1x8_8_1x1_intrawave_v3,1249.03,663.47,0.0
256,2000,7168,4608,ck,0,0,108.2816,a8w8_blockscale_1x128x128_256x128x128x128_16x16_32x32_2x2_8x32x1_8x32x1_1x32x1x8_8_1x1_intrawave_v3,1220.16,654.94,0.0
256,1991,7168,4608,ck,0,0,108.2902,a8w8_blockscale_1x128x128_256x128x128x128_16x16_32x32_2x2_8x32x1_8x32x1_1x32x1x8_8_1x1_intrawave_v3,1214.57,653.32,0.0
256,1944,7168,4608,ck,0,0,108.3047,a8w8_blockscale_1x128x128_256x128x128x128_16x16_32x32_2x2_8x32x1_8x32x1_1x32x1x8_8_1x1_intrawave_v3,1185.74,645.01,0.0
256,2235,7168,4096,ck,0,0,108.3611,a8w8_blockscale_1x128x128_256x128x128x128_16x16_32x32_2x2_8x32x1_8x32x1_1x32x1x8_8_1x1_intrawave_v3,1211.13,651.12,0.0
256,2166,7168,4096,ck,0,0,108.3624,a8w8_blockscale_1x128x128_256x128x128x128_16x16_32x32_2x2_8x32x1_8x32x1_1x32x1x8_8_1x1_intrawave_v3,1173.73,639.37,0.0
256,2002,7168,4608,ck,0,0,108.3855,a8w8_blockscale_1x128x128_256x128x128x128_16x16_32x32_2x2_8x32x1_8x32x1_1x32x1x8_8_1x1_intrawave_v3,1220.21,654.66,0.0
256,2216,7168,4096,ck,0,0,108.4028,a8w8_blockscale_1x128x128_256x128x128x128_16x16_32x32_2x2_8x32x1_8x32x1_1x32x1x8_8_1x1_intrawave_v3,1200.38,647.63,0.0
256,2189,7168,4096,ck,0,0,108.5021,a8w8_blockscale_1x128x128_256x128x128x128_16x16_32x32_2x2_8x32x1_8x32x1_1x32x1x8_8_1x1_intrawave_v3,1184.67,642.46,0.0
256,2217,7168,4096,ck,0,0,108.5089,a8w8_blockscale_1x128x128_256x128x128x128_16x16_32x32_2x2_8x32x1_8x32x1_1x32x1x8_8_1x1_intrawave_v3,1199.74,647.17,0.0
256,2226,7168,4096,ck,0,0,108.5121,a8w8_blockscale_1x128x128_256x128x128x128_16x16_32x32_2x2_8x32x1_8x32x1_1x32x1x8_8_1x1_intrawave_v3,1204.58,648.68,0.0
256,2012,7168,4608,ck,0,0,108.515,a8w8_blockscale_1x128x128_256x128x128x128_16x16_32x32_2x2_8x32x1_8x32x1_1x32x1x8_8_1x1_intrawave_v3,1224.84,655.63,0.0
256,9911,8192,512,ck,18,0,108.5397,a8w8_blockscale_1x128x128_256x64x64x256_16x16_32x32_1x1_16x16x1_16x16x1_1x32x1x8_8_1x1_intrawave_v1,765.98,1581.45,0.0
256,6418,6144,1536,ck,0,0,108.5423,a8w8_blockscale_1x128x128_256x128x128x128_16x16_32x32_2x2_8x32x1_8x32x1_1x32x1x8_8_1x1_intrawave_v3,1116.02,904.34,0.0
256,4898,8192,1536,ck,0,0,108.6725,a8w8_blockscale_1x128x128_256x128x128x128_16x16_32x32_2x2_8x32x1_8x32x1_1x32x1x8_8_1x1_intrawave_v3,1134.25,923.46,0.0
256,2003,7168,4608,ck,0,0,108.7027,a8w8_blockscale_1x128x128_256x128x128x128_16x16_32x32_2x2_8x32x1_8x32x1_1x32x1x8_8_1x1_intrawave_v3,1217.25,652.93,0.0
256,6583,6144,1536,ck,0,0,108.7029,a8w8_blockscale_1x128x128_256x128x128x128_16x16_32x32_2x2_8x32x1_8x32x1_1x32x1x8_8_1x1_intrawave_v3,1143.02,923.99,0.0
256,6449,6144,1536,ck,0,0,108.7389,a8w8_blockscale_1x128x128_256x128x128x128_16x16_32x32_2x2_8x32x1_8x32x1_1x32x1x8_8_1x1_intrawave_v3,1119.39,906.65,0.0
256,2188,7168,4096,ck,0,0,108.7456,a8w8_blockscale_1x128x128_256x128x128x128_16x16_32x32_2x2_8x32x1_8x32x1_1x32x1x8_8_1x1_intrawave_v3,1181.47,640.85,0.0
256,1980,7168,4608,ck,0,0,108.7587,a8w8_blockscale_1x128x128_256x128x128x128_16x16_32x32_2x2_8x32x1_8x32x1_1x32x1x8_8_1x1_intrawave_v3,1202.66,648.59,0.0
256,2037,7168,4608,ck,0,0,108.7684,a8w8_blockscale_1x128x128_256x128x128x128_16x16_32x32_2x2_8x32x1_8x32x1_1x32x1x8_8_1x1_intrawave_v3,1237.17,658.45,0.0
256,2252,7168,4096,ck,0,0,108.8697,a8w8_blockscale_1x128x128_256x128x128x128_16x16_32x32_2x2_8x32x1_8x32x1_1x32x1x8_8_1x1_intrawave_v3,1214.64,650.95,0.0
256,2186,7168,4096,ck,0,0,108.8864,a8w8_blockscale_1x128x128_256x128x128x128_16x16_32x32_2x2_8x32x1_8x32x1_1x32x1x8_8_1x1_intrawave_v3,1178.87,639.68,0.0
256,6476,6144,1536,ck,0,0,108.9469,a8w8_blockscale_1x128x128_256x128x128x128_16x16_32x32_2x2_8x32x1_8x32x1_1x32x1x8_8_1x1_intrawave_v3,1121.93,908.35,0.0
256,2004,7168,4608,ck,0,0,108.9859,a8w8_blockscale_1x128x128_256x128x128x128_16x16_32x32_2x2_8x32x1_8x32x1_1x32x1x8_8_1x1_intrawave_v3,1214.7,651.4,0.0
256,2006,7168,4608,ck,0,0,108.9913,a8w8_blockscale_1x128x128_256x128x128x128_16x16_32x32_2x2_8x32x1_8x32x1_1x32x1x8_8_1x1_intrawave_v3,1215.85,651.72,0.0
256,1968,7168,4608,ck,0,0,108.9996,a8w8_blockscale_1x128x128_256x128x128x128_16x16_32x32_2x2_8x32x1_8x32x1_1x32x1x8_8_1x1_intrawave_v3,1192.73,645.07,0.0
256,2250,7168,4096,ck,0,0,109.4073,a8w8_blockscale_1x128x128_256x128x128x128_16x16_32x32_2x2_8x32x1_8x32x1_1x32x1x8_8_1x1_intrawave_v3,1207.6,647.42,0.0
256,5004,8192,1536,ck,0,0,109.4252,a8w8_blockscale_1x128x128_256x128x128x128_16x16_32x32_2x2_8x32x1_8x32x1_1x32x1x8_8_1x1_intrawave_v3,1150.83,934.47,0.0
256,2032,7168,4608,ck,0,0,109.5251,a8w8_blockscale_1x128x128_256x128x128x128_16x16_32x32_2x2_8x32x1_8x32x1_1x32x1x8_8_1x1_intrawave_v3,1225.6,653.04,0.0
256,2035,7168,4608,ck,0,0,109.5724,a8w8_blockscale_1x128x128_256x128x128x128_16x16_32x32_2x2_8x32x1_8x32x1_1x32x1x8_8_1x1_intrawave_v3,1226.88,653.28,0.0
256,2048,7168,4608,ck,0,0,109.7424,a8w8_blockscale_1x128x128_256x128x128x128_16x16_32x32_2x2_8x32x1_8x32x1_1x32x1x8_8_1x1_intrawave_v3,1232.81,654.51,0.0
256,2011,7168,4608,ck,0,0,109.8439,a8w8_blockscale_1x128x128_256x128x128x128_16x16_32x32_2x2_8x32x1_8x32x1_1x32x1x8_8_1x1_intrawave_v3,1209.42,647.52,0.0
256,5002,8192,1536,ck,0,0,109.8498,a8w8_blockscale_1x128x128_256x128x128x128_16x16_32x32_2x2_8x32x1_8x32x1_1x32x1x8_8_1x1_intrawave_v3,1145.92,930.53,0.0
256,2009,7168,4608,ck,0,0,109.9759,a8w8_blockscale_1x128x128_256x128x128x128_16x16_32x32_2x2_8x32x1_8x32x1_1x32x1x8_8_1x1_intrawave_v3,1206.77,646.4,0.0
256,2268,7168,4096,ck,0,0,109.9769,a8w8_blockscale_1x128x128_256x128x128x128_16x16_32x32_2x2_8x32x1_8x32x1_1x32x1x8_8_1x1_intrawave_v3,1210.96,647.08,0.0
256,5003,8192,1536,ck,0,0,110.031,a8w8_blockscale_1x128x128_256x128x128x128_16x16_32x32_2x2_8x32x1_8x32x1_1x32x1x8_8_1x1_intrawave_v3,1144.26,929.16,0.0
256,2041,7168,4608,ck,0,0,110.0915,a8w8_blockscale_1x128x128_256x128x128x128_16x16_32x32_2x2_8x32x1_8x32x1_1x32x1x8_8_1x1_intrawave_v3,1224.7,651.23,0.0
256,5000,8192,1536,ck,0,0,110.133,a8w8_blockscale_1x128x128_256x128x128x128_16x16_32x32_2x2_8x32x1_8x32x1_1x32x1x8_8_1x1_intrawave_v3,1142.52,927.81,0.0
256,5059,8192,1536,ck,0,0,110.1793,a8w8_blockscale_1x128x128_256x128x128x128_16x16_32x32_2x2_8x32x1_8x32x1_1x32x1x8_8_1x1_intrawave_v3,1155.52,937.02,0.0
256,5006,8192,1536,ck,0,0,110.2596,a8w8_blockscale_1x128x128_256x128x128x128_16x16_32x32_2x2_8x32x1_8x32x1_1x32x1x8_8_1x1_intrawave_v3,1142.58,927.72,0.0
256,5007,8192,1536,ck,0,0,110.7921,a8w8_blockscale_1x128x128_256x128x128x128_16x16_32x32_2x2_8x32x1_8x32x1_1x32x1x8_8_1x1_intrawave_v3,1137.31,923.43,0.0
256,5018,8192,1536,ck,0,0,110.8299,a8w8_blockscale_1x128x128_256x128x128x128_16x16_32x32_2x2_8x32x1_8x32x1_1x32x1x8_8_1x1_intrawave_v3,1139.42,924.89,0.0
256,6783,6144,1536,ck,0,0,111.0078,a8w8_blockscale_1x128x128_256x128x128x128_16x16_32x32_2x2_8x32x1_8x32x1_1x32x1x8_8_1x1_intrawave_v3,1153.3,929.71,0.0
256,2126,7168,4608,ck,0,0,112.3112,a8w8_blockscale_1x128x128_256x128x128x128_16x16_32x32_2x2_8x32x1_8x32x1_1x32x1x8_8_1x1_intrawave_v3,1250.49,652.7,0.0
256,2090,7168,4608,ck,0,0,112.3761,a8w8_blockscale_1x128x128_256x128x128x128_16x16_32x32_2x2_8x32x1_8x32x1_1x32x1x8_8_1x1_intrawave_v3,1228.61,646.25,0.0
256,2101,7168,4608,ck,0,0,112.4049,a8w8_blockscale_1x128x128_256x128x128x128_16x16_32x32_2x2_8x32x1_8x32x1_1x32x1x8_8_1x1_intrawave_v3,1234.76,647.94,0.0
256,2087,7168,4608,ck,0,0,112.4429,a8w8_blockscale_1x128x128_256x128x128x128_16x16_32x32_2x2_8x32x1_8x32x1_1x32x1x8_8_1x1_intrawave_v3,1226.11,645.36,0.0
256,2111,7168,4608,ck,0,0,112.6613,a8w8_blockscale_1x128x128_256x128x128x128_16x16_32x32_2x2_8x32x1_8x32x1_1x32x1x8_8_1x1_intrawave_v3,1237.81,648.15,0.0
256,2086,7168,4608,ck,0,0,112.6681,a8w8_blockscale_1x128x128_256x128x128x128_16x16_32x32_2x2_8x32x1_8x32x1_1x32x1x8_8_1x1_intrawave_v3,1223.08,643.9,0.0
256,2088,7168,4608,ck,0,0,112.8989,a8w8_blockscale_1x128x128_256x128x128x128_16x16_32x32_2x2_8x32x1_8x32x1_1x32x1x8_8_1x1_intrawave_v3,1221.75,642.92,0.0
256,2054,7168,4608,ck,0,0,113.0449,a8w8_blockscale_1x128x128_256x128x128x128_16x16_32x32_2x2_8x32x1_8x32x1_1x32x1x8_8_1x1_intrawave_v3,1200.3,636.39,0.0
256,2056,7168,4608,ck,0,0,113.1989,a8w8_blockscale_1x128x128_256x128x128x128_16x16_32x32_2x2_8x32x1_8x32x1_1x32x1x8_8_1x1_intrawave_v3,1199.83,635.86,0.0
256,2129,7168,4608,ck,0,0,113.318,a8w8_blockscale_1x128x128_256x128x128x128_16x16_32x32_2x2_8x32x1_8x32x1_1x32x1x8_8_1x1_intrawave_v3,1241.13,647.4,0.0
256,2166,7168,4608,ck,0,0,113.3613,a8w8_blockscale_1x128x128_256x128x128x128_16x16_32x32_2x2_8x32x1_8x32x1_1x32x1x8_8_1x1_intrawave_v3,1262.22,653.33,0.0
256,6886,6144,1536,ck,0,0,113.4201,a8w8_blockscale_1x128x128_256x128x128x128_16x16_32x32_2x2_8x32x1_8x32x1_1x32x1x8_8_1x1_intrawave_v3,1145.91,922.49,0.0
256,2163,7168,4608,ck,0,0,113.4845,a8w8_blockscale_1x128x128_256x128x128x128_16x16_32x32_2x2_8x32x1_8x32x1_1x32x1x8_8_1x1_intrawave_v3,1259.1,652.12,0.0
256,2085,7168,4608,ck,0,0,113.5148,a8w8_blockscale_1x128x128_256x128x128x128_16x16_32x32_2x2_8x32x1_8x32x1_1x32x1x8_8_1x1_intrawave_v3,1213.37,638.93,0.0
256,2109,7168,4608,ck,0,0,113.5548,a8w8_blockscale_1x128x128_256x128x128x128_16x16_32x32_2x2_8x32x1_8x32x1_1x32x1x8_8_1x1_intrawave_v3,1226.91,642.71,0.0
256,2161,7168,4608,ck,0,0,113.6889,a8w8_blockscale_1x128x128_256x128x128x128_16x16_32x32_2x2_8x32x1_8x32x1_1x32x1x8_8_1x1_intrawave_v3,1255.67,650.62,0.0
256,2160,7168,4608,ck,0,0,113.7149,a8w8_blockscale_1x128x128_256x128x128x128_16x16_32x32_2x2_8x32x1_8x32x1_1x32x1x8_8_1x1_intrawave_v3,1254.81,650.3,0.0
256,6859,6144,1536,ck,0,0,113.7545,a8w8_blockscale_1x128x128_256x128x128x128_16x16_32x32_2x2_8x32x1_8x32x1_1x32x1x8_8_1x1_intrawave_v3,1138.06,916.5,0.0
256,2149,7168,4608,ck,0,0,113.7693,a8w8_blockscale_1x128x128_256x128x128x128_16x16_32x32_2x2_8x32x1_8x32x1_1x32x1x8_8_1x1_intrawave_v3,1247.82,648.16,0.0
256,2130,7168,4608,ck,0,0,113.8173,a8w8_blockscale_1x128x128_256x128x128x128_16x16_32x32_2x2_8x32x1_8x32x1_1x32x1x8_8_1x1_intrawave_v3,1236.27,644.73,0.0
256,2091,7168,4608,ck,0,0,113.912,a8w8_blockscale_1x128x128_256x128x128x128_16x16_32x32_2x2_8x32x1_8x32x1_1x32x1x8_8_1x1_intrawave_v3,1212.62,637.7,0.0
256,2112,7168,4608,ck,0,0,114.0216,a8w8_blockscale_1x128x128_256x128x128x128_16x16_32x32_2x2_8x32x1_8x32x1_1x32x1x8_8_1x1_intrawave_v3,1223.62,640.58,0.0
256,2116,7168,4608,ck,0,0,114.052,a8w8_blockscale_1x128x128_256x128x128x128_16x16_32x32_2x2_8x32x1_8x32x1_1x32x1x8_8_1x1_intrawave_v3,1225.61,641.07,0.0
256,2128,7168,4608,ck,0,0,114.0784,a8w8_blockscale_1x128x128_256x128x128x128_16x16_32x32_2x2_8x32x1_8x32x1_1x32x1x8_8_1x1_intrawave_v3,1232.28,642.92,0.0
256,2150,7168,4608,ck,0,0,114.0849,a8w8_blockscale_1x128x128_256x128x128x128_16x16_32x32_2x2_8x32x1_8x32x1_1x32x1x8_8_1x1_intrawave_v3,1244.95,646.53,0.0
256,2127,7168,4608,ck,0,0,114.1824,a8w8_blockscale_1x128x128_256x128x128x128_16x16_32x32_2x2_8x32x1_8x32x1_1x32x1x8_8_1x1_intrawave_v3,1230.58,642.17,0.0
256,2148,7168,4608,ck,0,0,114.5897,a8w8_blockscale_1x128x128_256x128x128x128_16x16_32x32_2x2_8x32x1_8x32x1_1x32x1x8_8_1x1_intrawave_v3,1238.31,643.35,0.0
256,2216,7168,4608,ck,0,0,114.6209,a8w8_blockscale_1x128x128_256x128x128x128_16x16_32x32_2x2_8x32x1_8x32x1_1x32x1x8_8_1x1_intrawave_v3,1277.16,654.42,0.0
256,2185,7168,4608,ck,0,0,114.8273,a8w8_blockscale_1x128x128_256x128x128x128_16x16_32x32_2x2_8x32x1_8x32x1_1x32x1x8_8_1x1_intrawave_v3,1257.03,648.13,0.0
256,6809,6144,1536,ck,0,0,114.9919,a8w8_blockscale_1x128x128_256x128x128x128_16x16_32x32_2x2_8x32x1_8x32x1_1x32x1x8_8_1x1_intrawave_v3,1117.61,900.63,0.0
256,2146,7168,4608,ck,0,0,115.0518,a8w8_blockscale_1x128x128_256x128x128x128_16x16_32x32_2x2_8x32x1_8x32x1_1x32x1x8_8_1x1_intrawave_v3,1232.19,640.44,0.0
256,2215,7168,4608,ck,0,0,115.2281,a8w8_blockscale_1x128x128_256x128x128x128_16x16_32x32_2x2_8x32x1_8x32x1_1x32x1x8_8_1x1_intrawave_v3,1269.86,650.81,0.0
256,6926,6144,1536,ck,0,0,115.2811,a8w8_blockscale_1x128x128_256x128x128x128_16x16_32x32_2x2_8x32x1_8x32x1_1x32x1x8_8_1x1_intrawave_v3,1133.96,912.4,0.0
256,2254,7168,4608,ck,0,0,115.3712,a8w8_blockscale_1x128x128_256x128x128x128_16x16_32x32_2x2_8x32x1_8x32x1_1x32x1x8_8_1x1_intrawave_v3,1290.62,656.4,0.0
256,6826,6144,1536,ck,0,0,115.4461,a8w8_blockscale_1x128x128_256x128x128x128_16x16_32x32_2x2_8x32x1_8x32x1_1x32x1x8_8_1x1_intrawave_v3,1115.99,899.12,0.0
256,2301,7168,4608,ck,0,0,115.4994,a8w8_blockscale_1x128x128_256x128x128x128_16x16_32x32_2x2_8x32x1_8x32x1_1x32x1x8_8_1x1_intrawave_v3,1316.07,663.38,0.0
256,7054,6144,1536,ck,0,0,115.5666,a8w8_blockscale_1x128x128_256x128x128x128_16x16_32x32_2x2_8x32x1_8x32x1_1x32x1x8_8_1x1_intrawave_v3,1152.06,925.45,0.0
256,2164,7168,4608,ck,0,0,115.6177,a8w8_blockscale_1x128x128_256x128x128x128_16x16_32x32_2x2_8x32x1_8x32x1_1x32x1x8_8_1x1_intrawave_v3,1236.44,640.26,0.0
256,2249,7168,4608,ck,0,0,115.7157,a8w8_blockscale_1x128x128_256x128x128x128_16x16_32x32_2x2_8x32x1_8x32x1_1x32x1x8_8_1x1_intrawave_v3,1283.92,653.63,0.0
256,6819,6144,1536,ck,0,0,115.7809,a8w8_blockscale_1x128x128_256x128x128x128_16x16_32x32_2x2_8x32x1_8x32x1_1x32x1x8_8_1x1_intrawave_v3,1111.62,895.68,0.0
256,6812,6144,1536,ck,0,0,115.7813,a8w8_blockscale_1x128x128_256x128x128x128_16x16_32x32_2x2_8x32x1_8x32x1_1x32x1x8_8_1x1_intrawave_v3,1110.47,894.84,0.0
256,2186,7168,4608,ck,0,0,115.8221,a8w8_blockscale_1x128x128_256x128x128x128_16x16_32x32_2x2_8x32x1_8x32x1_1x32x1x8_8_1x1_intrawave_v3,1246.81,642.72,0.0
256,6856,6144,1536,ck,0,0,115.8445,a8w8_blockscale_1x128x128_256x128x128x128_16x16_32x32_2x2_8x32x1_8x32x1_1x32x1x8_8_1x1_intrawave_v3,1117.04,899.61,0.0
256,6811,6144,1536,ck,0,0,115.8928,a8w8_blockscale_1x128x128_256x128x128x128_16x16_32x32_2x2_8x32x1_8x32x1_1x32x1x8_8_1x1_intrawave_v3,1109.24,893.86,0.0
256,6880,6144,1536,ck,0,0,115.9497,a8w8_blockscale_1x128x128_256x128x128x128_16x16_32x32_2x2_8x32x1_8x32x1_1x32x1x8_8_1x1_intrawave_v3,1119.93,901.65,0.0
256,6884,6144,1536,ck,0,0,116.0097,a8w8_blockscale_1x128x128_256x128x128x128_16x16_32x32_2x2_8x32x1_8x32x1_1x32x1x8_8_1x1_intrawave_v3,1120.0,901.66,0.0
256,2251,7168,4608,ck,0,0,116.0545,a8w8_blockscale_1x128x128_256x128x128x128_16x16_32x32_2x2_8x32x1_8x32x1_1x32x1x8_8_1x1_intrawave_v3,1281.31,652.05,0.0
256,2250,7168,4608,ck,0,0,116.0633,a8w8_blockscale_1x128x128_256x128x128x128_16x16_32x32_2x2_8x32x1_8x32x1_1x32x1x8_8_1x1_intrawave_v3,1280.64,651.84,0.0
256,6814,6144,1536,ck,0,0,116.084,a8w8_blockscale_1x128x128_256x128x128x128_16x16_32x32_2x2_8x32x1_8x32x1_1x32x1x8_8_1x1_intrawave_v3,1107.9,892.75,0.0
256,2252,7168,4608,ck,0,0,116.2793,a8w8_blockscale_1x128x128_256x128x128x128_16x16_32x32_2x2_8x32x1_8x32x1_1x32x1x8_8_1x1_intrawave_v3,1279.4,650.95,0.0
256,2207,7168,4608,ck,0,0,116.2982,a8w8_blockscale_1x128x128_256x128x128x128_16x16_32x32_2x2_8x32x1_8x32x1_1x32x1x8_8_1x1_intrawave_v3,1253.63,643.51,0.0
256,7053,6144,1536,ck,0,0,116.303,a8w8_blockscale_1x128x128_256x128x128x128_16x16_32x32_2x2_8x32x1_8x32x1_1x32x1x8_8_1x1_intrawave_v3,1144.6,919.48,0.0
256,5124,8192,1536,ck,0,0,116.3462,a8w8_blockscale_1x128x128_256x128x128x128_16x16_32x32_2x2_8x32x1_8x32x1_1x32x1x8_8_1x1_intrawave_v3,1108.33,897.36,0.0
256,2219,7168,4608,ck,0,0,116.3774,a8w8_blockscale_1x128x128_256x128x128x128_16x16_32x32_2x2_8x32x1_8x32x1_1x32x1x8_8_1x1_intrawave_v3,1259.59,645.03,0.0
256,6858,6144,1536,ck,0,0,116.4342,a8w8_blockscale_1x128x128_256x128x128x128_16x16_32x32_2x2_8x32x1_8x32x1_1x32x1x8_8_1x1_intrawave_v3,1111.7,895.29,0.0
256,2304,7168,4608,ck,0,0,116.4528,a8w8_blockscale_1x128x128_256x128x128x128_16x16_32x32_2x2_8x32x1_8x32x1_1x32x1x8_8_1x1_intrawave_v3,1306.99,658.44,0.0
256,2217,7168,4608,ck,0,0,116.5485,a8w8_blockscale_1x128x128_256x128x128x128_16x16_32x32_2x2_8x32x1_8x32x1_1x32x1x8_8_1x1_intrawave_v3,1256.61,643.76,0.0
256,6986,6144,1536,ck,0,0,116.5547,a8w8_blockscale_1x128x128_256x128x128x128_16x16_32x32_2x2_8x32x1_8x32x1_1x32x1x8_8_1x1_intrawave_v3,1131.28,909.54,0.0
256,2226,7168,4608,ck,0,0,116.5825,a8w8_blockscale_1x128x128_256x128x128x128_16x16_32x32_2x2_8x32x1_8x32x1_1x32x1x8_8_1x1_intrawave_v3,1261.34,645.03,0.0
256,6931,6144,1536,ck,0,0,116.5913,a8w8_blockscale_1x128x128_256x128x128x128_16x16_32x32_2x2_8x32x1_8x32x1_1x32x1x8_8_1x1_intrawave_v3,1122.02,902.74,0.0
256,2235,7168,4608,ck,0,0,116.6248,a8w8_blockscale_1x128x128_256x128x128x128_16x16_32x32_2x2_8x32x1_8x32x1_1x32x1x8_8_1x1_intrawave_v3,1265.98,646.26,0.0
256,7376,6144,1536,ck,0,0,116.7107,a8w8_blockscale_1x128x128_256x128x128x128_16x16_32x32_2x2_8x32x1_8x32x1_1x32x1x8_8_1x1_intrawave_v3,1192.84,954.52,0.0
256,6827,6144,1536,ck,0,0,116.8617,a8w8_blockscale_1x128x128_256x128x128x128_16x16_32x32_2x2_8x32x1_8x32x1_1x32x1x8_8_1x1_intrawave_v3,1102.63,888.35,0.0
256,5292,8192,1536,ck,0,0,116.8706,a8w8_blockscale_1x128x128_256x128x128x128_16x16_32x32_2x2_8x32x1_8x32x1_1x32x1x8_8_1x1_intrawave_v3,1139.53,919.1,0.0
256,7000,6144,1536,ck,0,0,116.8713,a8w8_blockscale_1x128x128_256x128x128x128_16x16_32x32_2x2_8x32x1_8x32x1_1x32x1x8_8_1x1_intrawave_v3,1130.48,908.74,0.0
256,6817,6144,1536,ck,0,0,116.8908,a8w8_blockscale_1x128x128_256x128x128x128_16x16_32x32_2x2_8x32x1_8x32x1_1x32x1x8_8_1x1_intrawave_v3,1100.74,886.94,0.0
256,2268,7168,4608,ck,0,0,116.9586,a8w8_blockscale_1x128x128_256x128x128x128_16x16_32x32_2x2_8x32x1_8x32x1_1x32x1x8_8_1x1_intrawave_v3,1281.01,649.76,0.0
256,2282,7168,4608,ck,0,0,116.9642,a8w8_blockscale_1x128x128_256x128x128x128_16x16_32x32_2x2_8x32x1_8x32x1_1x32x1x8_8_1x1_intrawave_v3,1288.85,652.0,0.0
256,5258,8192,1536,ck,0,0,116.9953,a8w8_blockscale_1x128x128_256x128x128x128_16x16_32x32_2x2_8x32x1_8x32x1_1x32x1x8_8_1x1_intrawave_v3,1131.0,912.91,0.0
256,6813,6144,1536,ck,0,0,117.0689,a8w8_blockscale_1x128x128_256x128x128x128_16x16_32x32_2x2_8x32x1_8x32x1_1x32x1x8_8_1x1_intrawave_v3,1098.42,885.12,0.0
256,5302,8192,1536,ck,0,0,117.2225,a8w8_blockscale_1x128x128_256x128x128x128_16x16_32x32_2x2_8x32x1_8x32x1_1x32x1x8_8_1x1_intrawave_v3,1138.26,917.87,0.0
256,5283,8192,1536,ck,0,0,117.3065,a8w8_blockscale_1x128x128_256x128x128x128_16x16_32x32_2x2_8x32x1_8x32x1_1x32x1x8_8_1x1_intrawave_v3,1133.36,914.31,0.0
256,6925,6144,1536,ck,0,0,117.3477,a8w8_blockscale_1x128x128_256x128x128x128_16x16_32x32_2x2_8x32x1_8x32x1_1x32x1x8_8_1x1_intrawave_v3,1113.83,896.21,0.0
256,5281,8192,1536,ck,0,0,117.3607,a8w8_blockscale_1x128x128_256x128x128x128_16x16_32x32_2x2_8x32x1_8x32x1_1x32x1x8_8_1x1_intrawave_v3,1132.41,913.58,0.0
256,6818,6144,1536,ck,0,0,117.3913,a8w8_blockscale_1x128x128_256x128x128x128_16x16_32x32_2x2_8x32x1_8x32x1_1x32x1x8_8_1x1_intrawave_v3,1096.21,883.28,0.0
256,2189,7168,4608,ck,0,0,117.5134,a8w8_blockscale_1x128x128_256x128x128x128_16x16_32x32_2x2_8x32x1_8x32x1_1x32x1x8_8_1x1_intrawave_v3,1230.55,633.96,0.0
256,5285,8192,1536,ck,0,0,117.5218,a8w8_blockscale_1x128x128_256x128x128x128_16x16_32x32_2x2_8x32x1_8x32x1_1x32x1x8_8_1x1_intrawave_v3,1131.72,912.94,0.0
256,5269,8192,1536,ck,0,0,117.5597,a8w8_blockscale_1x128x128_256x128x128x128_16x16_32x32_2x2_8x32x1_8x32x1_1x32x1x8_8_1x1_intrawave_v3,1127.93,910.2,0.0
256,5126,8192,1536,ck,0,0,117.5838,a8w8_blockscale_1x128x128_256x128x128x128_16x16_32x32_2x2_8x32x1_8x32x1_1x32x1x8_8_1x1_intrawave_v3,1097.09,888.22,0.0
256,2188,7168,4608,ck,0,0,117.6009,a8w8_blockscale_1x128x128_256x128x128x128_16x16_32x32_2x2_8x32x1_8x32x1_1x32x1x8_8_1x1_intrawave_v3,1229.07,633.33,0.0
256,2248,7168,4608,ck,0,0,117.7082,a8w8_blockscale_1x128x128_256x128x128x128_16x16_32x32_2x2_8x32x1_8x32x1_1x32x1x8_8_1x1_intrawave_v3,1261.62,642.4,0.0
256,5251,8192,1536,ck,0,0,117.8041,a8w8_blockscale_1x128x128_256x128x128x128_16x16_32x32_2x2_8x32x1_8x32x1_1x32x1x8_8_1x1_intrawave_v3,1121.74,905.58,0.0
256,5277,8192,1536,ck,0,0,117.8109,a8w8_blockscale_1x128x128_256x128x128x128_16x16_32x32_2x2_8x32x1_8x32x1_1x32x1x8_8_1x1_intrawave_v3,1127.23,909.48,0.0
256,5295,8192,1536,ck,0,0,117.841,a8w8_blockscale_1x128x128_256x128x128x128_16x16_32x32_2x2_8x32x1_8x32x1_1x32x1x8_8_1x1_intrawave_v3,1130.79,911.99,0.0
256,7001,6144,1536,ck,0,0,117.8457,a8w8_blockscale_1x128x128_256x128x128x128_16x16_32x32_2x2_8x32x1_8x32x1_1x32x1x8_8_1x1_intrawave_v3,1121.29,901.34,0.0
256,7009,6144,1536,ck,0,0,117.8481,a8w8_blockscale_1x128x128_256x128x128x128_16x16_32x32_2x2_8x32x1_8x32x1_1x32x1x8_8_1x1_intrawave_v3,1122.55,902.26,0.0
256,7247,6144,1536,ck,0,0,117.8605,a8w8_blockscale_1x128x128_256x128x128x128_16x16_32x32_2x2_8x32x1_8x32x1_1x32x1x8_8_1x1_intrawave_v3,1160.55,930.08,0.0
256,7287,6144,1536,ck,0,0,117.9236,a8w8_blockscale_1x128x128_256x128x128x128_16x16_32x32_2x2_8x32x1_8x32x1_1x32x1x8_8_1x1_intrawave_v3,1166.33,934.27,0.0
256,5275,8192,1536,ck,0,0,118.0598,a8w8_blockscale_1x128x128_256x128x128x128_16x16_32x32_2x2_8x32x1_8x32x1_1x32x1x8_8_1x1_intrawave_v3,1124.43,907.26,0.0
256,5273,8192,1536,ck,0,0,118.0936,a8w8_blockscale_1x128x128_256x128x128x128_16x16_32x32_2x2_8x32x1_8x32x1_1x32x1x8_8_1x1_intrawave_v3,1123.68,906.7,0.0
256,7050,6144,1536,ck,0,0,118.1002,a8w8_blockscale_1x128x128_256x128x128x128_16x16_32x32_2x2_8x32x1_8x32x1_1x32x1x8_8_1x1_intrawave_v3,1126.71,905.13,0.0
256,5276,8192,1536,ck,0,0,118.1229,a8w8_blockscale_1x128x128_256x128x128x128_16x16_32x32_2x2_8x32x1_8x32x1_1x32x1x8_8_1x1_intrawave_v3,1124.04,906.93,0.0
256,7246,6144,1536,ck,0,0,118.1996,a8w8_blockscale_1x128x128_256x128x128x128_16x16_32x32_2x2_8x32x1_8x32x1_1x32x1x8_8_1x1_intrawave_v3,1157.06,927.29,0.0
256,5368,8192,1536,ck,0,0,118.2412,a8w8_blockscale_1x128x128_256x128x128x128_16x16_32x32_2x2_8x32x1_8x32x1_1x32x1x8_8_1x1_intrawave_v3,1142.5,919.96,0.0
256,6815,6144,1536,ck,0,0,118.3842,a8w8_blockscale_1x128x128_256x128x128x128_16x16_32x32_2x2_8x32x1_8x32x1_1x32x1x8_8_1x1_intrawave_v3,1086.54,875.52,0.0
256,7418,6144,1536,ck,0,0,118.4792,a8w8_blockscale_1x128x128_256x128x128x128_16x16_32x32_2x2_8x32x1_8x32x1_1x32x1x8_8_1x1_intrawave_v3,1181.73,945.18,0.0
256,7233,6144,1536,ck,0,0,118.4809,a8w8_blockscale_1x128x128_256x128x128x128_16x16_32x32_2x2_8x32x1_8x32x1_1x32x1x8_8_1x1_intrawave_v3,1152.24,923.58,0.0
256,5272,8192,1536,ck,0,0,118.591,a8w8_blockscale_1x128x128_256x128x128x128_16x16_32x32_2x2_8x32x1_8x32x1_1x32x1x8_8_1x1_intrawave_v3,1118.75,902.74,0.0
256,5264,8192,1536,ck,0,0,118.6193,a8w8_blockscale_1x128x128_256x128x128x128_16x16_32x32_2x2_8x32x1_8x32x1_1x32x1x8_8_1x1_intrawave_v3,1116.79,901.32,0.0
256,5489,8192,1536,ck,0,0,118.756,a8w8_blockscale_1x128x128_256x128x128x128_16x16_32x32_2x2_8x32x1_8x32x1_1x32x1x8_8_1x1_intrawave_v3,1163.19,934.23,0.0
256,5431,8192,1536,ck,0,0,119.3228,a8w8_blockscale_1x128x128_256x128x128x128_16x16_32x32_2x2_8x32x1_8x32x1_1x32x1x8_8_1x1_intrawave_v3,1145.43,921.08,0.0
256,5447,8192,1536,ck,0,0,119.3444,a8w8_blockscale_1x128x128_256x128x128x128_16x16_32x32_2x2_8x32x1_8x32x1_1x32x1x8_8_1x1_intrawave_v3,1148.59,923.32,0.0
256,7238,6144,1536,ck,0,0,119.5344,a8w8_blockscale_1x128x128_256x128x128x128_16x16_32x32_2x2_8x32x1_8x32x1_1x32x1x8_8_1x1_intrawave_v3,1142.87,916.01,0.0
256,7242,6144,1536,ck,0,0,119.782,a8w8_blockscale_1x128x128_256x128x128x128_16x16_32x32_2x2_8x32x1_8x32x1_1x32x1x8_8_1x1_intrawave_v3,1141.14,914.58,0.0
256,7289,6144,1536,ck,0,0,119.8428,a8w8_blockscale_1x128x128_256x128x128x128_16x16_32x32_2x2_8x32x1_8x32x1_1x32x1x8_8_1x1_intrawave_v3,1147.96,919.54,0.0
256,5440,8192,1536,ck,0,0,119.8552,a8w8_blockscale_1x128x128_256x128x128x128_16x16_32x32_2x2_8x32x1_8x32x1_1x32x1x8_8_1x1_intrawave_v3,1142.23,918.34,0.0
256,7241,6144,1536,ck,0,0,120.172,a8w8_blockscale_1x128x128_256x128x128x128_16x16_32x32_2x2_8x32x1_8x32x1_1x32x1x8_8_1x1_intrawave_v3,1137.28,911.5,0.0
256,5540,8192,1536,ck,0,0,120.7819,a8w8_blockscale_1x128x128_256x128x128x128_16x16_32x32_2x2_8x32x1_8x32x1_1x32x1x8_8_1x1_intrawave_v3,1154.3,926.13,0.0
256,2344,7168,4096,ck,0,0,123.5507,a8w8_blockscale_1x128x128_256x128x128x128_16x16_32x32_2x2_8x32x1_8x32x1_1x32x1x8_8_1x1_intrawave_v3,1114.04,587.33,0.0
256,2390,7168,4096,ck,0,0,123.7846,a8w8_blockscale_1x128x128_256x128x128x128_16x16_32x32_2x2_8x32x1_8x32x1_1x32x1x8_8_1x1_intrawave_v3,1133.76,593.07,0.0
256,2368,7168,4096,ck,0,0,124.138,a8w8_blockscale_1x128x128_256x128x128x128_16x16_32x32_2x2_8x32x1_8x32x1_1x32x1x8_8_1x1_intrawave_v3,1120.12,588.11,0.0
256,2358,7168,4096,ck,0,0,124.2723,a8w8_blockscale_1x128x128_256x128x128x128_16x16_32x32_2x2_8x32x1_8x32x1_1x32x1x8_8_1x1_intrawave_v3,1114.19,585.99,0.0
256,2387,7168,4096,ck,0,0,124.3866,a8w8_blockscale_1x128x128_256x128x128x128_16x16_32x32_2x2_8x32x1_8x32x1_1x32x1x8_8_1x1_intrawave_v3,1126.85,589.75,0.0
256,902,9216,7168,ck,0,0,124.4168,a8w8_blockscale_1x128x128_256x128x128x128_16x16_32x32_2x2_8x32x1_8x32x1_1x32x1x8_8_1x1_intrawave_v3,957.85,716.56,0.0
256,2365,7168,4096,ck,0,0,124.5304,a8w8_blockscale_1x128x128_256x128x128x128_16x16_32x32_2x2_8x32x1_8x32x1_1x32x1x8_8_1x1_intrawave_v3,1115.18,585.82,0.0
256,2369,7168,4096,ck,0,0,124.6327,a8w8_blockscale_1x128x128_256x128x128x128_16x16_32x32_2x2_8x32x1_8x32x1_1x32x1x8_8_1x1_intrawave_v3,1116.15,585.93,0.0
256,2412,7168,4096,ck,0,0,124.7214,a8w8_blockscale_1x128x128_256x128x128x128_16x16_32x32_2x2_8x32x1_8x32x1_1x32x1x8_8_1x1_intrawave_v3,1135.6,591.86,0.0
256,2355,7168,4096,ck,0,0,124.7783,a8w8_blockscale_1x128x128_256x128x128x128_16x16_32x32_2x2_8x32x1_8x32x1_1x32x1x8_8_1x1_intrawave_v3,1108.26,583.17,0.0
256,2356,7168,4096,ck,0,0,124.9423,a8w8_blockscale_1x128x128_256x128x128x128_16x16_32x32_2x2_8x32x1_8x32x1_1x32x1x8_8_1x1_intrawave_v3,1107.27,582.56,0.0
256,2445,7168,4096,ck,0,0,125.0868,a8w8_blockscale_1x128x128_256x128x128x128_16x16_32x32_2x2_8x32x1_8x32x1_1x32x1x8_8_1x1_intrawave_v3,1147.77,595.0,0.0
256,7528,6144,1536,ck,0,0,125.2016,a8w8_blockscale_1x128x128_256x128x128x128_16x16_32x32_2x2_8x32x1_8x32x1_1x32x1x8_8_1x1_intrawave_v3,1134.86,906.57,0.0
256,2403,7168,4096,ck,0,0,125.2758,a8w8_blockscale_1x128x128_256x128x128x128_16x16_32x32_2x2_8x32x1_8x32x1_1x32x1x8_8_1x1_intrawave_v3,1126.35,587.92,0.0
256,2378,7168,4096,ck,0,0,125.3587,a8w8_blockscale_1x128x128_256x128x128x128_16x16_32x32_2x2_8x32x1_8x32x1_1x32x1x8_8_1x1_intrawave_v3,1113.9,583.86,0.0
256,2415,7168,4096,ck,0,0,125.4019,a8w8_blockscale_1x128x128_256x128x128x128_16x16_32x32_2x2_8x32x1_8x32x1_1x32x1x8_8_1x1_intrawave_v3,1130.84,589.09,0.0
256,2441,7168,4096,ck,0,0,125.4632,a8w8_blockscale_1x128x128_256x128x128x128_16x16_32x32_2x2_8x32x1_8x32x1_1x32x1x8_8_1x1_intrawave_v3,1142.46,592.63,0.0
256,7491,6144,1536,ck,0,0,125.5797,a8w8_blockscale_1x128x128_256x128x128x128_16x16_32x32_2x2_8x32x1_8x32x1_1x32x1x8_8_1x1_intrawave_v3,1125.88,899.77,0.0
256,920,9216,7168,ck,0,0,125.7492,a8w8_blockscale_1x128x128_256x128x128x128_16x16_32x32_2x2_8x32x1_8x32x1_1x32x1x8_8_1x1_intrawave_v3,966.61,712.63,0.0
256,2464,7168,4096,ck,0,0,125.8123,a8w8_blockscale_1x128x128_256x128x128x128_16x16_32x32_2x2_8x32x1_8x32x1_1x32x1x8_8_1x1_intrawave_v3,1150.02,594.35,0.0
256,7536,6144,1536,ck,0,0,125.8336,a8w8_blockscale_1x128x128_256x128x128x128_16x16_32x32_2x2_8x32x1_8x32x1_1x32x1x8_8_1x1_intrawave_v3,1130.36,902.9,0.0
256,5670,8192,1536,ck,0,0,125.8787,a8w8_blockscale_1x128x128_256x128x128x128_16x16_32x32_2x2_8x32x1_8x32x1_1x32x1x8_8_1x1_intrawave_v3,1133.55,907.14,0.0
256,7539,6144,1536,ck,0,0,125.8901,a8w8_blockscale_1x128x128_256x128x128x128_16x16_32x32_2x2_8x32x1_8x32x1_1x32x1x8_8_1x1_intrawave_v3,1130.3,902.82,0.0
256,7440,6144,1536,ck,0,0,125.8924,a8w8_blockscale_1x128x128_256x128x128x128_16x16_32x32_2x2_8x32x1_8x32x1_1x32x1x8_8_1x1_intrawave_v3,1115.44,891.93,0.0
256,7844,6144,1536,ck,0,0,125.9425,a8w8_blockscale_1x128x128_256x128x128x128_16x16_32x32_2x2_8x32x1_8x32x1_1x32x1x8_8_1x1_intrawave_v3,1175.54,935.92,0.0
256,2443,7168,4096,ck,0,0,126.0431,a8w8_blockscale_1x128x128_256x128x128x128_16x16_32x32_2x2_8x32x1_8x32x1_1x32x1x8_8_1x1_intrawave_v3,1138.13,590.19,0.0
256,2479,7168,4096,ck,0,0,126.1111,a8w8_blockscale_1x128x128_256x128x128x128_16x16_32x32_2x2_8x32x1_8x32x1_1x32x1x8_8_1x1_intrawave_v3,1154.28,595.13,0.0
256,2515,7168,4096,ck,0,0,126.1446,a8w8_blockscale_1x128x128_256x128x128x128_16x16_32x32_2x2_8x32x1_8x32x1_1x32x1x8_8_1x1_intrawave_v3,1170.73,600.24,0.0
256,2534,7168,4096,ck,0,0,126.4099,a8w8_blockscale_1x128x128_256x128x128x128_16x16_32x32_2x2_8x32x1_8x32x1_1x32x1x8_8_1x1_intrawave_v3,1177.1,601.75,0.0
256,2444,7168,4096,ck,0,0,126.4812,a8w8_blockscale_1x128x128_256x128x128x128_16x16_32x32_2x2_8x32x1_8x32x1_1x32x1x8_8_1x1_intrawave_v3,1134.65,588.29,0.0
256,930,9216,7168,ck,0,0,126.5447,a8w8_blockscale_1x128x128_256x128x128x128_16x16_32x32_2x2_8x32x1_8x32x1_1x32x1x8_8_1x1_intrawave_v3,970.98,710.17,0.0
256,2548,7168,4096,ck,0,0,126.7367,a8w8_blockscale_1x128x128_256x128x128x128_16x16_32x32_2x2_8x32x1_8x32x1_1x32x1x8_8_1x1_intrawave_v3,1180.55,602.23,0.0
256,2544,7168,4096,ck,0,0,126.9542,a8w8_blockscale_1x128x128_256x128x128x128_16x16_32x32_2x2_8x32x1_8x32x1_1x32x1x8_8_1x1_intrawave_v3,1176.68,600.62,0.0
256,910,9216,7168,ck,0,0,127.0161,a8w8_blockscale_1x128x128_256x128x128x128_16x16_32x32_2x2_8x32x1_8x32x1_1x32x1x8_8_1x1_intrawave_v3,946.57,703.5,0.0
256,2486,7168,4096,ck,0,0,127.0915,a8w8_blockscale_1x128x128_256x128x128x128_16x16_32x32_2x2_8x32x1_8x32x1_1x32x1x8_8_1x1_intrawave_v3,1148.61,591.56,0.0
256,7838,6144,1536,ck,0,0,127.2509,a8w8_blockscale_1x128x128_256x128x128x128_16x16_32x32_2x2_8x32x1_8x32x1_1x32x1x8_8_1x1_intrawave_v3,1162.56,925.65,0.0
256,8016,6144,1536,ck,0,0,127.2722,a8w8_blockscale_1x128x128_256x128x128x128_16x16_32x32_2x2_8x32x1_8x32x1_1x32x1x8_8_1x1_intrawave_v3,1188.77,944.83,0.0
256,5890,8192,1536,ck,0,0,127.5176,a8w8_blockscale_1x128x128_256x128x128x128_16x16_32x32_2x2_8x32x1_8x32x1_1x32x1x8_8_1x1_intrawave_v3,1162.4,926.4,0.0
256,7966,6144,1536,ck,0,0,127.5995,a8w8_blockscale_1x128x128_256x128x128x128_16x16_32x32_2x2_8x32x1_8x32x1_1x32x1x8_8_1x1_intrawave_v3,1178.32,936.99,0.0
256,7963,6144,1536,ck,0,0,127.8704,a8w8_blockscale_1x128x128_256x128x128x128_16x16_32x32_2x2_8x32x1_8x32x1_1x32x1x8_8_1x1_intrawave_v3,1175.38,934.68,0.0
256,8055,6144,1536,ck,0,0,127.8925,a8w8_blockscale_1x128x128_256x128x128x128_16x16_32x32_2x2_8x32x1_8x32x1_1x32x1x8_8_1x1_intrawave_v3,1188.76,944.46,0.0
256,7834,6144,1536,ck,0,0,127.9225,a8w8_blockscale_1x128x128_256x128x128x128_16x16_32x32_2x2_8x32x1_8x32x1_1x32x1x8_8_1x1_intrawave_v3,1155.87,920.36,0.0
256,7780,6144,1536,ck,0,0,127.9718,a8w8_blockscale_1x128x128_256x128x128x128_16x16_32x32_2x2_8x32x1_8x32x1_1x32x1x8_8_1x1_intrawave_v3,1147.46,914.17,0.0
256,7656,6144,1536,ck,0,0,128.0302,a8w8_blockscale_1x128x128_256x128x128x128_16x16_32x32_2x2_8x32x1_8x32x1_1x32x1x8_8_1x1_intrawave_v3,1128.66,900.36,0.0
256,6002,8192,1536,ck,0,0,128.4072,a8w8_blockscale_1x128x128_256x128x128x128_16x16_32x32_2x2_8x32x1_8x32x1_1x32x1x8_8_1x1_intrawave_v3,1176.3,935.61,0.0
256,6008,8192,1536,ck,0,0,128.5983,a8w8_blockscale_1x128x128_256x128x128x128_16x16_32x32_2x2_8x32x1_8x32x1_1x32x1x8_8_1x1_intrawave_v3,1175.73,935.05,0.0
256,2597,7168,4096,ck,0,0,128.7191,a8w8_blockscale_1x128x128_256x128x128x128_16x16_32x32_2x2_8x32x1_8x32x1_1x32x1x8_8_1x1_intrawave_v3,1184.72,599.97,0.0
256,2594,7168,4096,ck,0,0,128.7211,a8w8_blockscale_1x128x128_256x128x128x128_16x16_32x32_2x2_8x32x1_8x32x1_1x32x1x8_8_1x1_intrawave_v3,1183.34,599.53,0.0
256,7809,6144,1536,ck,0,0,128.8018,a8w8_blockscale_1x128x128_256x128x128x128_16x16_32x32_2x2_8x32x1_8x32x1_1x32x1x8_8_1x1_intrawave_v3,1144.32,911.39,0.0
256,8019,6144,1536,ck,0,0,128.8037,a8w8_blockscale_1x128x128_256x128x128x128_16x16_32x32_2x2_8x32x1_8x32x1_1x32x1x8_8_1x1_intrawave_v3,1175.07,933.92,0.0
256,6001,8192,1536,ck,0,0,129.1009,a8w8_blockscale_1x128x128_256x128x128x128_16x16_32x32_2x2_8x32x1_8x32x1_1x32x1x8_8_1x1_intrawave_v3,1169.78,930.44,0.0
256,7990,6144,1536,ck,0,0,129.1133,a8w8_blockscale_1x128x128_256x128x128x128_16x16_32x32_2x2_8x32x1_8x32x1_1x32x1x8_8_1x1_intrawave_v3,1168.01,928.57,0.0
256,8011,6144,1536,ck,0,0,129.1265,a8w8_blockscale_1x128x128_256x128x128x128_16x16_32x32_2x2_8x32x1_8x32x1_1x32x1x8_8_1x1_intrawave_v3,1170.96,930.72,0.0
256,1007,9216,7168,ck,0,0,129.145,a8w8_blockscale_1x128x128_256x128x128x128_16x16_32x32_2x2_8x32x1_8x32x1_1x32x1x8_8_1x1_intrawave_v3,1030.2,711.13,0.0
256,8046,6144,1536,ck,0,0,129.2153,a8w8_blockscale_1x128x128_256x128x128x128_16x16_32x32_2x2_8x32x1_8x32x1_1x32x1x8_8_1x1_intrawave_v3,1175.27,933.83,0.0
256,2593,7168,4096,ck,0,0,129.3358,a8w8_blockscale_1x128x128_256x128x128x128_16x16_32x32_2x2_8x32x1_8x32x1_1x32x1x8_8_1x1_intrawave_v3,1177.26,596.54,0.0
256,8004,6144,1536,ck,0,0,129.3529,a8w8_blockscale_1x128x128_256x128x128x128_16x16_32x32_2x2_8x32x1_8x32x1_1x32x1x8_8_1x1_intrawave_v3,1167.89,928.35,0.0
256,8015,6144,1536,ck,0,0,129.3573,a8w8_blockscale_1x128x128_256x128x128x128_16x16_32x32_2x2_8x32x1_8x32x1_1x32x1x8_8_1x1_intrawave_v3,1169.46,929.49,0.0
256,7871,6144,1536,ck,0,0,129.5365,a8w8_blockscale_1x128x128_256x128x128x128_16x16_32x32_2x2_8x32x1_8x32x1_1x32x1x8_8_1x1_intrawave_v3,1146.86,912.84,0.0
256,8018,6144,1536,ck,0,0,129.5958,a8w8_blockscale_1x128x128_256x128x128x128_16x16_32x32_2x2_8x32x1_8x32x1_1x32x1x8_8_1x1_intrawave_v3,1167.74,928.1,0.0
256,1000,9216,7168,ck,0,0,129.6367,a8w8_blockscale_1x128x128_256x128x128x128_16x16_32x32_2x2_8x32x1_8x32x1_1x32x1x8_8_1x1_intrawave_v3,1019.16,707.06,0.0
256,6026,8192,1536,ck,0,0,129.7323,a8w8_blockscale_1x128x128_256x128x128x128_16x16_32x32_2x2_8x32x1_8x32x1_1x32x1x8_8_1x1_intrawave_v3,1168.94,929.37,0.0
256,2570,7168,4096,ck,0,0,129.7339,a8w8_blockscale_1x128x128_256x128x128x128_16x16_32x32_2x2_8x32x1_8x32x1_1x32x1x8_8_1x1_intrawave_v3,1163.24,591.44,0.0
256,2567,7168,4096,ck,0,0,129.7644,a8w8_blockscale_1x128x128_256x128x128x128_16x16_32x32_2x2_8x32x1_8x32x1_1x32x1x8_8_1x1_intrawave_v3,1161.6,590.88,0.0
256,8040,6144,1536,ck,0,0,129.8253,a8w8_blockscale_1x128x128_256x128x128x128_16x16_32x32_2x2_8x32x1_8x32x1_1x32x1x8_8_1x1_intrawave_v3,1168.88,928.8,0.0
256,8048,6144,1536,ck,0,0,129.8278,a8w8_blockscale_1x128x128_256x128x128x128_16x16_32x32_2x2_8x32x1_8x32x1_1x32x1x8_8_1x1_intrawave_v3,1170.02,929.64,0.0
256,1009,9216,7168,ck,0,0,129.8497,a8w8_blockscale_1x128x128_256x128x128x128_16x16_32x32_2x2_8x32x1_8x32x1_1x32x1x8_8_1x1_intrawave_v3,1026.65,707.67,0.0
256,8010,6144,1536,ck,0,0,129.8773,a8w8_blockscale_1x128x128_256x128x128x128_16x16_32x32_2x2_8x32x1_8x32x1_1x32x1x8_8_1x1_intrawave_v3,1164.05,925.24,0.0
256,8001,6144,1536,ck,0,0,130.0505,a8w8_blockscale_1x128x128_256x128x128x128_16x16_32x32_2x2_8x32x1_8x32x1_1x32x1x8_8_1x1_intrawave_v3,1161.19,923.05,0.0
256,8123,6144,1536,ck,0,0,130.0654,a8w8_blockscale_1x128x128_256x128x128x128_16x16_32x32_2x2_8x32x1_8x32x1_1x32x1x8_8_1x1_intrawave_v3,1178.76,935.91,0.0
256,8043,6144,1536,ck,0,0,130.2366,a8w8_blockscale_1x128x128_256x128x128x128_16x16_32x32_2x2_8x32x1_8x32x1_1x32x1x8_8_1x1_intrawave_v3,1165.62,926.19,0.0
256,8122,6144,1536,ck,0,0,130.5618,a8w8_blockscale_1x128x128_256x128x128x128_16x16_32x32_2x2_8x32x1_8x32x1_1x32x1x8_8_1x1_intrawave_v3,1174.14,932.25,0.0
256,2658,7168,4096,ck,0,0,130.6323,a8w8_blockscale_1x128x128_256x128x128x128_16x16_32x32_2x2_8x32x1_8x32x1_1x32x1x8_8_1x1_intrawave_v3,1194.79,599.79,0.0
256,2636,7168,4096,ck,0,0,130.7139,a8w8_blockscale_1x128x128_256x128x128x128_16x16_32x32_2x2_8x32x1_8x32x1_1x32x1x8_8_1x1_intrawave_v3,1184.16,596.32,0.0
256,8192,6144,1536,ck,0,0,130.7334,a8w8_blockscale_1x128x128_256x128x128x128_16x16_32x32_2x2_8x32x1_8x32x1_1x32x1x8_8_1x1_intrawave_v3,1182.7,938.42,0.0
256,8047,6144,1536,ck,0,0,130.7934,a8w8_blockscale_1x128x128_256x128x128x128_16x16_32x32_2x2_8x32x1_8x32x1_1x32x1x8_8_1x1_intrawave_v3,1161.24,922.67,0.0
256,1001,9216,7168,ck,0,0,130.8451,a8w8_blockscale_1x128x128_256x128x128x128_16x16_32x32_2x2_8x32x1_8x32x1_1x32x1x8_8_1x1_intrawave_v3,1010.76,700.72,0.0
256,8007,6144,1536,ck,0,0,130.8514,a8w8_blockscale_1x128x128_256x128x128x128_16x16_32x32_2x2_8x32x1_8x32x1_1x32x1x8_8_1x1_intrawave_v3,1154.95,918.03,0.0
256,8120,6144,1536,ck,0,0,131.0229,a8w8_blockscale_1x128x128_256x128x128x128_16x16_32x32_2x2_8x32x1_8x32x1_1x32x1x8_8_1x1_intrawave_v3,1169.72,928.75,0.0
256,8051,6144,1536,ck,0,0,131.0357,a8w8_blockscale_1x128x128_256x128x128x128_16x16_32x32_2x2_8x32x1_8x32x1_1x32x1x8_8_1x1_intrawave_v3,1159.67,921.38,0.0
256,8008,6144,1536,ck,0,0,131.0765,a8w8_blockscale_1x128x128_256x128x128x128_16x16_32x32_2x2_8x32x1_8x32x1_1x32x1x8_8_1x1_intrawave_v3,1153.11,916.56,0.0
256,8103,6144,1536,ck,0,0,131.2244,a8w8_blockscale_1x128x128_256x128x128x128_16x16_32x32_2x2_8x32x1_8x32x1_1x32x1x8_8_1x1_intrawave_v3,1165.48,925.54,0.0
256,6107,8192,1536,ck,0,0,131.2567,a8w8_blockscale_1x128x128_256x128x128x128_16x16_32x32_2x2_8x32x1_8x32x1_1x32x1x8_8_1x1_intrawave_v3,1170.89,929.63,0.0
256,1015,9216,7168,ck,0,0,131.4031,a8w8_blockscale_1x128x128_256x128x128x128_16x16_32x32_2x2_8x32x1_8x32x1_1x32x1x8_8_1x1_intrawave_v3,1020.54,700.47,0.0
256,8112,6144,1536,ck,0,0,131.4974,a8w8_blockscale_1x128x128_256x128x128x128_16x16_32x32_2x2_8x32x1_8x32x1_1x32x1x8_8_1x1_intrawave_v3,1164.35,924.56,0.0
256,8104,6144,1536,ck,0,0,131.6081,a8w8_blockscale_1x128x128_256x128x128x128_16x16_32x32_2x2_8x32x1_8x32x1_1x32x1x8_8_1x1_intrawave_v3,1162.22,922.94,0.0
256,1003,9216,7168,ck,0,0,131.6912,a8w8_blockscale_1x128x128_256x128x128x128_16x16_32x32_2x2_8x32x1_8x32x1_1x32x1x8_8_1x1_intrawave_v3,1006.27,696.61,0.0
256,2734,7168,4096,ck,0,0,131.867,a8w8_blockscale_1x128x128_256x128x128x128_16x16_32x32_2x2_8x32x1_8x32x1_1x32x1x8_8_1x1_intrawave_v3,1217.45,604.8,0.0
256,6108,8192,1536,ck,0,0,131.8751,a8w8_blockscale_1x128x128_256x128x128x128_16x16_32x32_2x2_8x32x1_8x32x1_1x32x1x8_8_1x1_intrawave_v3,1165.59,925.41,0.0
256,1023,9216,7168,ck,0,0,131.8852,a8w8_blockscale_1x128x128_256x128x128x128_16x16_32x32_2x2_8x32x1_8x32x1_1x32x1x8_8_1x1_intrawave_v3,1024.83,699.47,0.0
256,1087,9216,7168,ck,0,0,132.3223,a8w8_blockscale_1x128x128_256x128x128x128_16x16_32x32_2x2_8x32x1_8x32x1_1x32x1x8_8_1x1_intrawave_v3,1085.34,709.54,0.0
256,8090,6144,1536,ck,0,0,132.3463,a8w8_blockscale_1x128x128_256x128x128x128_16x16_32x32_2x2_8x32x1_8x32x1_1x32x1x8_8_1x1_intrawave_v3,1153.74,916.33,0.0
256,1047,9216,7168,ck,0,0,132.3707,a8w8_blockscale_1x128x128_256x128x128x128_16x16_32x32_2x2_8x32x1_8x32x1_1x32x1x8_8_1x1_intrawave_v3,1045.02,701.54,0.0
256,8182,6144,1536,ck,0,0,132.523,a8w8_blockscale_1x128x128_256x128x128x128_16x16_32x32_2x2_8x32x1_8x32x1_1x32x1x8_8_1x1_intrawave_v3,1165.31,924.71,0.0
256,2747,7168,4096,ck,0,0,132.5348,a8w8_blockscale_1x128x128_256x128x128x128_16x16_32x32_2x2_8x32x1_8x32x1_1x32x1x8_8_1x1_intrawave_v3,1217.07,603.56,0.0
256,2403,7168,4608,ck,0,0,132.6199,a8w8_blockscale_1x128x128_256x128x128x128_16x16_32x32_2x2_8x32x1_8x32x1_1x32x1x8_8_1x1_intrawave_v3,1196.98,592.31,0.0
256,2387,7168,4608,ck,0,0,132.7023,a8w8_blockscale_1x128x128_256x128x128x128_16x16_32x32_2x2_8x32x1_8x32x1_1x32x1x8_8_1x1_intrawave_v3,1188.27,589.66,0.0
256,1040,9216,7168,ck,0,0,132.7478,a8w8_blockscale_1x128x128_256x128x128x128_16x16_32x32_2x2_8x32x1_8x32x1_1x32x1x8_8_1x1_intrawave_v3,1035.09,698.2,0.0
256,2358,7168,4608,ck,0,0,132.7797,a8w8_blockscale_1x128x128_256x128x128x128_16x16_32x32_2x2_8x32x1_8x32x1_1x32x1x8_8_1x1_intrawave_v3,1173.15,585.18,0.0
256,2368,7168,4608,ck,0,0,132.8104,a8w8_blockscale_1x128x128_256x128x128x128_16x16_32x32_2x2_8x32x1_8x32x1_1x32x1x8_8_1x1_intrawave_v3,1177.85,586.47,0.0
256,2365,7168,4608,ck,0,0,132.8652,a8w8_blockscale_1x128x128_256x128x128x128_16x16_32x32_2x2_8x32x1_8x32x1_1x32x1x8_8_1x1_intrawave_v3,1175.87,585.8,0.0
256,2740,7168,4096,ck,0,0,132.8715,a8w8_blockscale_1x128x128_256x128x128x128_16x16_32x32_2x2_8x32x1_8x32x1_1x32x1x8_8_1x1_intrawave_v3,1210.9,601.06,0.0
256,2748,7168,4096,ck,0,0,132.9103,a8w8_blockscale_1x128x128_256x128x128x128_16x16_32x32_2x2_8x32x1_8x32x1_1x32x1x8_8_1x1_intrawave_v3,1214.08,601.99,0.0
256,2729,7168,4096,ck,0,0,132.9349,a8w8_blockscale_1x128x128_256x128x128x128_16x16_32x32_2x2_8x32x1_8x32x1_1x32x1x8_8_1x1_intrawave_v3,1205.46,599.25,0.0
256,2355,7168,4608,ck,0,0,133.0351,a8w8_blockscale_1x128x128_256x128x128x128_16x16_32x32_2x2_8x32x1_8x32x1_1x32x1x8_8_1x1_intrawave_v3,1169.41,583.63,0.0
256,2369,7168,4608,ck,0,0,133.064,a8w8_blockscale_1x128x128_256x128x128x128_16x16_32x32_2x2_8x32x1_8x32x1_1x32x1x8_8_1x1_intrawave_v3,1176.1,585.5,0.0
256,2390,7168,4608,ck,0,0,133.086,a8w8_blockscale_1x128x128_256x128x128x128_16x16_32x32_2x2_8x32x1_8x32x1_1x32x1x8_8_1x1_intrawave_v3,1186.33,588.39,0.0
256,1112,9216,7168,ck,0,0,133.127,a8w8_blockscale_1x128x128_256x128x128x128_16x16_32x32_2x2_8x32x1_8x32x1_1x32x1x8_8_1x1_intrawave_v3,1103.59,710.05,0.0
256,2378,7168,4608,ck,0,0,133.2459,a8w8_blockscale_1x128x128_256x128x128x128_16x16_32x32_2x2_8x32x1_8x32x1_1x32x1x8_8_1x1_intrawave_v3,1178.96,585.98,0.0
256,2356,7168,4608,ck,0,0,133.2784,a8w8_blockscale_1x128x128_256x128x128x128_16x16_32x32_2x2_8x32x1_8x32x1_1x32x1x8_8_1x1_intrawave_v3,1167.77,582.71,0.0
256,2344,7168,4608,ck,0,0,133.2959,a8w8_blockscale_1x128x128_256x128x128x128_16x16_32x32_2x2_8x32x1_8x32x1_1x32x1x8_8_1x1_intrawave_v3,1161.67,580.92,0.0
256,2713,7168,4096,ck,0,0,133.3504,a8w8_blockscale_1x128x128_256x128x128x128_16x16_32x32_2x2_8x32x1_8x32x1_1x32x1x8_8_1x1_intrawave_v3,1194.66,595.17,0.0
256,2794,7168,4096,ck,0,0,133.4689,a8w8_blockscale_1x128x128_256x128x128x128_16x16_32x32_2x2_8x32x1_8x32x1_1x32x1x8_8_1x1_intrawave_v3,1229.23,605.83,0.0
256,2412,7168,4608,ck,0,0,133.4765,a8w8_blockscale_1x128x128_256x128x128x128_16x16_32x32_2x2_8x32x1_8x32x1_1x32x1x8_8_1x1_intrawave_v3,1193.75,589.79,0.0
256,2757,7168,4096,ck,0,0,133.5538,a8w8_blockscale_1x128x128_256x128x128x128_16x16_32x32_2x2_8x32x1_8x32x1_1x32x1x8_8_1x1_intrawave_v3,1212.18,600.34,0.0
256,1132,9216,7168,ck,0,0,133.6591,a8w8_blockscale_1x128x128_256x128x128x128_16x16_32x32_2x2_8x32x1_8x32x1_1x32x1x8_8_1x1_intrawave_v3,1118.97,711.06,0.0
256,1144,9216,7168,ck,0,0,134.0889,a8w8_blockscale_1x128x128_256x128x128x128_16x16_32x32_2x2_8x32x1_8x32x1_1x32x1x8_8_1x1_intrawave_v3,1127.21,711.07,0.0
256,2415,7168,4608,ck,0,0,134.3067,a8w8_blockscale_1x128x128_256x128x128x128_16x16_32x32_2x2_8x32x1_8x32x1_1x32x1x8_8_1x1_intrawave_v3,1187.85,586.57,0.0
256,2441,7168,4608,ck,0,0,134.5313,a8w8_blockscale_1x128x128_256x128x128x128_16x16_32x32_2x2_8x32x1_8x32x1_1x32x1x8_8_1x1_intrawave_v3,1198.63,589.25,0.0
256,2445,7168,4608,ck,0,0,134.5615,a8w8_blockscale_1x128x128_256x128x128x128_16x16_32x32_2x2_8x32x1_8x32x1_1x32x1x8_8_1x1_intrawave_v3,1200.32,589.68,0.0
256,2479,7168,4608,ck,0,0,134.734,a8w8_blockscale_1x128x128_256x128x128x128_16x16_32x32_2x2_8x32x1_8x32x1_1x32x1x8_8_1x1_intrawave_v3,1215.46,593.71,0.0
256,2486,7168,4608,ck,0,0,134.7364,a8w8_blockscale_1x128x128_256x128x128x128_16x16_32x32_2x2_8x32x1_8x32x1_1x32x1x8_8_1x1_intrawave_v3,1218.87,594.68,0.0
256,2444,7168,4608,ck,0,0,134.7416,a8w8_blockscale_1x128x128_256x128x128x128_16x16_32x32_2x2_8x32x1_8x32x1_1x32x1x8_8_1x1_intrawave_v3,1198.23,588.75,0.0
256,2515,7168,4608,ck,0,0,134.878,a8w8_blockscale_1x128x128_256x128x128x128_16x16_32x32_2x2_8x32x1_8x32x1_1x32x1x8_8_1x1_intrawave_v3,1231.79,598.13,0.0
256,2443,7168,4608,ck,0,0,134.8876,a8w8_blockscale_1x128x128_256x128x128x128_16x16_32x32_2x2_8x32x1_8x32x1_1x32x1x8_8_1x1_intrawave_v3,1196.44,587.97,0.0
256,2548,7168,4608,ck,0,0,135.0864,a8w8_blockscale_1x128x128_256x128x128x128_16x16_32x32_2x2_8x32x1_8x32x1_1x32x1x8_8_1x1_intrawave_v3,1246.03,601.83,0.0
256,2464,7168,4608,ck,0,0,135.1219,a8w8_blockscale_1x128x128_256x128x128x128_16x16_32x32_2x2_8x32x1_8x32x1_1x32x1x8_8_1x1_intrawave_v3,1204.63,589.9,0.0
256,2544,7168,4608,ck,0,0,135.2985,a8w8_blockscale_1x128x128_256x128x128x128_16x16_32x32_2x2_8x32x1_8x32x1_1x32x1x8_8_1x1_intrawave_v3,1242.12,600.33,0.0
256,2534,7168,4608,ck,0,0,135.5888,a8w8_blockscale_1x128x128_256x128x128x128_16x16_32x32_2x2_8x32x1_8x32x1_1x32x1x8_8_1x1_intrawave_v3,1234.59,597.65,0.0
256,6146,8192,1536,ck,0,0,136.5316,a8w8_blockscale_1x128x128_256x128x128x128_16x16_32x32_2x2_8x32x1_8x32x1_1x32x1x8_8_1x1_intrawave_v3,1132.85,898.83,0.0
256,6225,8192,1536,ck,0,0,136.6487,a8w8_blockscale_1x128x128_256x128x128x128_16x16_32x32_2x2_8x32x1_8x32x1_1x32x1x8_8_1x1_intrawave_v3,1146.42,908.42,0.0
256,6304,8192,1536,ck,0,0,136.7692,a8w8_blockscale_1x128x128_256x128x128x128_16x16_32x32_2x2_8x32x1_8x32x1_1x32x1x8_8_1x1_intrawave_v3,1159.95,917.97,0.0
256,2658,7168,4608,ck,0,0,136.8376,a8w8_blockscale_1x128x128_256x128x128x128_16x16_32x32_2x2_8x32x1_8x32x1_1x32x1x8_8_1x1_intrawave_v3,1283.19,609.36,0.0
256,2597,7168,4608,ck,0,0,136.8528,a8w8_blockscale_1x128x128_256x128x128x128_16x16_32x32_2x2_8x32x1_8x32x1_1x32x1x8_8_1x1_intrawave_v3,1253.6,600.85,0.0
256,2594,7168,4608,ck,0,0,137.3179,a8w8_blockscale_1x128x128_256x128x128x128_16x16_32x32_2x2_8x32x1_8x32x1_1x32x1x8_8_1x1_intrawave_v3,1247.91,598.4,0.0
256,6307,8192,1536,ck,0,0,137.3179,a8w8_blockscale_1x128x128_256x128x128x128_16x16_32x32_2x2_8x32x1_8x32x1_1x32x1x8_8_1x1_intrawave_v3,1155.86,914.7,0.0
256,2567,7168,4608,ck,0,0,137.5872,a8w8_blockscale_1x128x128_256x128x128x128_16x16_32x32_2x2_8x32x1_8x32x1_1x32x1x8_8_1x1_intrawave_v3,1232.5,593.51,0.0
256,6418,8192,1536,ck,0,0,138.1404,a8w8_blockscale_1x128x128_256x128x128x128_16x16_32x32_2x2_8x32x1_8x32x1_1x32x1x8_8_1x1_intrawave_v3,1169.2,923.65,0.0
256,2570,7168,4608,ck,0,0,138.2069,a8w8_blockscale_1x128x128_256x128x128x128_16x16_32x32_2x2_8x32x1_8x32x1_1x32x1x8_8_1x1_intrawave_v3,1228.41,591.26,0.0
256,2593,7168,4608,ck,0,0,138.225,a8w8_blockscale_1x128x128_256x128x128x128_16x16_32x32_2x2_8x32x1_8x32x1_1x32x1x8_8_1x1_intrawave_v3,1239.24,594.33,0.0
256,2636,7168,4608,ck,0,0,138.5139,a8w8_blockscale_1x128x128_256x128x128x128_16x16_32x32_2x2_8x32x1_8x32x1_1x32x1x8_8_1x1_intrawave_v3,1257.17,598.98,0.0
256,6583,8192,1536,ck,0,0,138.5772,a8w8_blockscale_1x128x128_256x128x128x128_16x16_32x32_2x2_8x32x1_8x32x1_1x32x1x8_8_1x1_intrawave_v3,1195.48,942.08,0.0
256,6476,8192,1536,ck,0,0,138.6112,a8w8_blockscale_1x128x128_256x128x128x128_16x16_32x32_2x2_8x32x1_8x32x1_1x32x1x8_8_1x1_intrawave_v3,1175.76,928.01,0.0
256,6449,8192,1536,ck,0,0,138.7099,a8w8_blockscale_1x128x128_256x128x128x128_16x16_32x32_2x2_8x32x1_8x32x1_1x32x1x8_8_1x1_intrawave_v3,1170.03,923.86,0.0
256,2734,7168,4608,ck,0,0,139.1499,a8w8_blockscale_1x128x128_256x128x128x128_16x16_32x32_2x2_8x32x1_8x32x1_1x32x1x8_8_1x1_intrawave_v3,1297.94,609.58,0.0
256,2757,7168,4608,ck,0,0,139.2523,a8w8_blockscale_1x128x128_256x128x128x128_16x16_32x32_2x2_8x32x1_8x32x1_1x32x1x8_8_1x1_intrawave_v3,1307.9,612.26,0.0
256,2748,7168,4608,ck,0,0,139.6964,a8w8_blockscale_1x128x128_256x128x128x128_16x16_32x32_2x2_8x32x1_8x32x1_1x32x1x8_8_1x1_intrawave_v3,1299.49,609.09,0.0
256,2747,7168,4608,ck,0,0,139.8376,a8w8_blockscale_1x128x128_256x128x128x128_16x16_32x32_2x2_8x32x1_8x32x1_1x32x1x8_8_1x1_intrawave_v3,1297.7,608.34,0.0
256,2729,7168,4608,ck,0,0,140.4398,a8w8_blockscale_1x128x128_256x128x128x128_16x16_32x32_2x2_8x32x1_8x32x1_1x32x1x8_8_1x1_intrawave_v3,1283.67,603.31,0.0
256,2841,7168,4096,ck,14,0,140.6828,a8w8_blockscale_1x128x128_256x64x256x128_16x16_32x32_2x2_8x32x1_8x32x1_1x32x1x8_8_1x1_intrawave_v1,1185.82,580.92,0.0
256,2740,7168,4608,ck,0,0,140.8793,a8w8_blockscale_1x128x128_256x128x128x128_16x16_32x32_2x2_8x32x1_8x32x1_1x32x1x8_8_1x1_intrawave_v3,1284.82,602.9,0.0
256,2794,7168,4608,ck,0,0,141.4497,a8w8_blockscale_1x128x128_256x128x128x128_16x16_32x32_2x2_8x32x1_8x32x1_1x32x1x8_8_1x1_intrawave_v3,1304.86,607.7,0.0
256,2861,7168,4096,ck,14,0,142.0283,a8w8_blockscale_1x128x128_256x64x256x128_16x16_32x32_2x2_8x32x1_8x32x1_1x32x1x8_8_1x1_intrawave_v1,1182.85,578.01,0.0
256,2713,7168,4608,ck,0,0,142.178,a8w8_blockscale_1x128x128_256x128x128x128_16x16_32x32_2x2_8x32x1_8x32x1_1x32x1x8_8_1x1_intrawave_v3,1260.54,593.8,0.0
256,2843,7168,4096,ck,14,0,142.1781,a8w8_blockscale_1x128x128_256x64x256x128_16x16_32x32_2x2_8x32x1_8x32x1_1x32x1x8_8_1x1_intrawave_v1,1174.17,575.07,0.0
256,2876,7168,4096,ck,14,0,143.0707,a8w8_blockscale_1x128x128_256x64x256x128_16x16_32x32_2x2_8x32x1_8x32x1_1x32x1x8_8_1x1_intrawave_v1,1180.39,575.73,0.0
256,1185,9216,7168,ck,0,0,143.868,a8w8_blockscale_1x128x128_256x128x128x128_16x16_32x32_2x2_8x32x1_8x32x1_1x32x1x8_8_1x1_intrawave_v3,1088.24,670.03,0.0
256,6813,8192,1536,ck,0,0,145.8084,a8w8_blockscale_1x128x128_256x128x128x128_16x16_32x32_2x2_8x32x1_8x32x1_1x32x1x8_8_1x1_intrawave_v3,1175.89,923.62,0.0
256,3019,7168,4096,ck,0,0,146.0218,a8w8_blockscale_1x128x128_256x128x128x128_16x16_32x32_2x2_8x32x1_8x32x1_1x32x1x8_8_1x1_intrawave_v3,1214.04,582.15,0.0
256,2889,7168,4096,ck,0,0,146.1931,a8w8_blockscale_1x128x128_256x128x128x128_16x16_32x32_2x2_8x32x1_8x32x1_1x32x1x8_8_1x1_intrawave_v3,1160.4,565.08,0.0
256,3000,7168,4096,ck,0,0,146.4856,a8w8_blockscale_1x128x128_256x128x128x128_16x16_32x32_2x2_8x32x1_8x32x1_1x32x1x8_8_1x1_intrawave_v3,1202.58,577.91,0.0
256,2952,7168,4096,ck,0,0,146.516,a8w8_blockscale_1x128x128_256x128x128x128_16x16_32x32_2x2_8x32x1_8x32x1_1x32x1x8_8_1x1_intrawave_v3,1183.09,571.76,0.0
256,2918,7168,4096,ck,0,0,146.5408,a8w8_blockscale_1x128x128_256x128x128x128_16x16_32x32_2x2_8x32x1_8x32x1_1x32x1x8_8_1x1_intrawave_v3,1169.27,567.38,0.0
256,6811,8192,1536,ck,0,0,146.6464,a8w8_blockscale_1x128x128_256x128x128x128_16x16_32x32_2x2_8x32x1_8x32x1_1x32x1x8_8_1x1_intrawave_v3,1168.83,918.1,0.0
256,6809,8192,1536,ck,0,0,146.8876,a8w8_blockscale_1x128x128_256x128x128x128_16x16_32x32_2x2_8x32x1_8x32x1_1x32x1x8_8_1x1_intrawave_v3,1166.57,916.35,0.0
256,2947,7168,4096,ck,0,0,146.898,a8w8_blockscale_1x128x128_256x128x128x128_16x16_32x32_2x2_8x32x1_8x32x1_1x32x1x8_8_1x1_intrawave_v3,1178.02,569.64,0.0
256,6818,8192,1536,ck,0,0,147.0629,a8w8_blockscale_1x128x128_256x128x128x128_16x16_32x32_2x2_8x32x1_8x32x1_1x32x1x8_8_1x1_intrawave_v3,1166.72,916.35,0.0
256,1265,9216,7168,ck,14,0,147.1173,a8w8_blockscale_1x128x128_256x64x256x128_16x16_32x32_2x2_8x32x1_8x32x1_1x32x1x8_8_1x1_intrawave_v1,1136.05,669.16,0.0
256,1255,9216,7168,ck,14,0,147.1178,a8w8_blockscale_1x128x128_256x64x256x128_16x16_32x32_2x2_8x32x1_8x32x1_1x32x1x8_8_1x1_intrawave_v1,1127.06,667.41,0.0
256,6812,8192,1536,ck,0,0,147.2781,a8w8_blockscale_1x128x128_256x128x128x128_16x16_32x32_2x2_8x32x1_8x32x1_1x32x1x8_8_1x1_intrawave_v3,1163.99,914.28,0.0
256,3005,7168,4096,ck,0,0,147.3628,a8w8_blockscale_1x128x128_256x128x128x128_16x16_32x32_2x2_8x32x1_8x32x1_1x32x1x8_8_1x1_intrawave_v3,1197.41,575.1,0.0
256,6819,8192,1536,ck,0,0,147.3928,a8w8_blockscale_1x128x128_256x128x128x128_16x16_32x32_2x2_8x32x1_8x32x1_1x32x1x8_8_1x1_intrawave_v3,1164.28,914.42,0.0
256,7001,8192,1536,ck,0,0,147.4794,a8w8_blockscale_1x128x128_256x128x128x128_16x16_32x32_2x2_8x32x1_8x32x1_1x32x1x8_8_1x1_intrawave_v3,1194.65,936.0,0.0
256,2964,7168,4096,ck,0,0,147.5256,a8w8_blockscale_1x128x128_256x128x128x128_16x16_32x32_2x2_8x32x1_8x32x1_1x32x1x8_8_1x1_intrawave_v3,1179.77,569.34,0.0
256,6814,8192,1536,ck,0,0,147.5318,a8w8_blockscale_1x128x128_256x128x128x128_16x16_32x32_2x2_8x32x1_8x32x1_1x32x1x8_8_1x1_intrawave_v3,1162.33,912.95,0.0
256,6815,8192,1536,ck,0,0,147.5994,a8w8_blockscale_1x128x128_256x128x128x128_16x16_32x32_2x2_8x32x1_8x32x1_1x32x1x8_8_1x1_intrawave_v3,1161.96,912.66,0.0
256,2946,7168,4096,ck,0,0,147.9252,a8w8_blockscale_1x128x128_256x128x128x128_16x16_32x32_2x2_8x32x1_8x32x1_1x32x1x8_8_1x1_intrawave_v3,1169.44,565.56,0.0
256,6817,8192,1536,ck,0,0,148.0345,a8w8_blockscale_1x128x128_256x128x128x128_16x16_32x32_2x2_8x32x1_8x32x1_1x32x1x8_8_1x1_intrawave_v3,1158.89,910.22,0.0
256,3004,7168,4096,ck,0,0,148.1213,a8w8_blockscale_1x128x128_256x128x128x128_16x16_32x32_2x2_8x32x1_8x32x1_1x32x1x8_8_1x1_intrawave_v3,1190.89,572.03,0.0
256,2955,7168,4096,ck,0,0,148.1796,a8w8_blockscale_1x128x128_256x128x128x128_16x16_32x32_2x2_8x32x1_8x32x1_1x32x1x8_8_1x1_intrawave_v3,1171.0,565.71,0.0
256,7000,8192,1536,ck,0,0,148.358,a8w8_blockscale_1x128x128_256x128x128x128_16x16_32x32_2x2_8x32x1_8x32x1_1x32x1x8_8_1x1_intrawave_v3,1187.4,930.34,0.0
256,7009,8192,1536,ck,0,0,148.8444,a8w8_blockscale_1x128x128_256x128x128x128_16x16_32x32_2x2_8x32x1_8x32x1_1x32x1x8_8_1x1_intrawave_v3,1185.04,928.38,0.0
256,7050,8192,1536,ck,0,0,149.0829,a8w8_blockscale_1x128x128_256x128x128x128_16x16_32x32_2x2_8x32x1_8x32x1_1x32x1x8_8_1x1_intrawave_v3,1190.07,931.82,0.0
256,3258,7168,4096,ck,0,0,151.8289,a8w8_blockscale_1x128x128_256x128x128x128_16x16_32x32_2x2_8x32x1_8x32x1_1x32x1x8_8_1x1_intrawave_v3,1260.04,588.9,0.0
256,2843,7168,4608,ck,14,0,151.9285,a8w8_blockscale_1x128x128_256x64x256x128_16x16_32x32_2x2_8x32x1_8x32x1_1x32x1x8_8_1x1_intrawave_v1,1236.17,571.9,0.0
256,2876,7168,4608,ck,0,0,153.0816,a8w8_blockscale_1x128x128_256x128x128x128_16x16_32x32_2x2_8x32x1_8x32x1_1x32x1x8_8_1x1_intrawave_v3,1241.1,571.68,0.0
256,2841,7168,4608,ck,14,0,153.129,a8w8_blockscale_1x128x128_256x64x256x128_16x16_32x32_2x2_8x32x1_8x32x1_1x32x1x8_8_1x1_intrawave_v1,1225.62,567.17,0.0
256,2889,7168,4608,ck,0,0,153.408,a8w8_blockscale_1x128x128_256x128x128x128_16x16_32x32_2x2_8x32x1_8x32x1_1x32x1x8_8_1x1_intrawave_v3,1244.06,572.07,0.0
256,2861,7168,4608,ck,14,0,153.53,a8w8_blockscale_1x128x128_256x64x256x128_16x16_32x32_2x2_8x32x1_8x32x1_1x32x1x8_8_1x1_intrawave_v1,1231.02,568.16,0.0
256,2947,7168,4608,ck,0,0,154.0906,a8w8_blockscale_1x128x128_256x128x128x128_16x16_32x32_2x2_8x32x1_8x32x1_1x32x1x8_8_1x1_intrawave_v3,1263.41,576.66,0.0
256,7238,8192,1536,ck,0,0,154.3396,a8w8_blockscale_1x128x128_256x128x128x128_16x16_32x32_2x2_8x32x1_8x32x1_1x32x1x8_8_1x1_intrawave_v3,1180.19,921.91,0.0
256,3000,7168,4608,ck,0,0,154.5837,a8w8_blockscale_1x128x128_256x128x128x128_16x16_32x32_2x2_8x32x1_8x32x1_1x32x1x8_8_1x1_intrawave_v3,1282.03,581.32,0.0
256,2955,7168,4608,ck,0,0,154.5886,a8w8_blockscale_1x128x128_256x128x128x128_16x16_32x32_2x2_8x32x1_8x32x1_1x32x1x8_8_1x1_intrawave_v3,1262.76,575.78,0.0
256,7440,8192,1536,ck,0,0,154.5935,a8w8_blockscale_1x128x128_256x128x128x128_16x16_32x32_2x2_8x32x1_8x32x1_1x32x1x8_8_1x1_intrawave_v3,1211.14,943.82,0.0
256,2946,7168,4608,ck,0,0,154.6949,a8w8_blockscale_1x128x128_256x128x128x128_16x16_32x32_2x2_8x32x1_8x32x1_1x32x1x8_8_1x1_intrawave_v3,1258.05,574.29,0.0
256,7241,8192,1536,ck,0,0,154.8012,a8w8_blockscale_1x128x128_256x128x128x128_16x16_32x32_2x2_8x32x1_8x32x1_1x32x1x8_8_1x1_intrawave_v3,1177.16,919.51,0.0
256,7242,8192,1536,ck,0,0,154.8643,a8w8_blockscale_1x128x128_256x128x128x128_16x16_32x32_2x2_8x32x1_8x32x1_1x32x1x8_8_1x1_intrawave_v3,1176.84,919.25,0.0
256,3005,7168,4608,ck,0,0,154.9148,a8w8_blockscale_1x128x128_256x128x128x128_16x16_32x32_2x2_8x32x1_8x32x1_1x32x1x8_8_1x1_intrawave_v3,1281.42,580.69,0.0
256,2918,7168,4608,ck,0,0,154.9837,a8w8_blockscale_1x128x128_256x128x128x128_16x16_32x32_2x2_8x32x1_8x32x1_1x32x1x8_8_1x1_intrawave_v3,1243.77,569.79,0.0
256,3451,7168,4096,ck,0,0,155.0927,a8w8_blockscale_1x128x128_256x128x128x128_16x16_32x32_2x2_8x32x1_8x32x1_1x32x1x8_8_1x1_intrawave_v3,1306.6,599.44,0.0
256,3004,7168,4608,ck,0,0,155.4227,a8w8_blockscale_1x128x128_256x128x128x128_16x16_32x32_2x2_8x32x1_8x32x1_1x32x1x8_8_1x1_intrawave_v3,1276.81,578.67,0.0
256,2952,7168,4608,ck,0,0,155.4737,a8w8_blockscale_1x128x128_256x128x128x128_16x16_32x32_2x2_8x32x1_8x32x1_1x32x1x8_8_1x1_intrawave_v3,1254.3,572.14,0.0
256,3019,7168,4608,ck,0,0,155.6538,a8w8_blockscale_1x128x128_256x128x128x128_16x16_32x32_2x2_8x32x1_8x32x1_1x32x1x8_8_1x1_intrawave_v3,1281.28,579.63,0.0
256,7289,8192,1536,ck,0,0,156.5144,a8w8_blockscale_1x128x128_256x128x128x128_16x16_32x32_2x2_8x32x1_8x32x1_1x32x1x8_8_1x1_intrawave_v3,1171.99,914.94,0.0
256,2964,7168,4608,ck,0,0,156.5277,a8w8_blockscale_1x128x128_256x128x128x128_16x16_32x32_2x2_8x32x1_8x32x1_1x32x1x8_8_1x1_intrawave_v3,1250.91,569.74,0.0
256,1333,9216,7168,ck,14,0,156.9715,a8w8_blockscale_1x128x128_256x64x256x128_16x16_32x32_2x2_8x32x1_8x32x1_1x32x1x8_8_1x1_intrawave_v1,1121.97,638.24,0.0
256,1334,9216,7168,ck,14,0,157.4529,a8w8_blockscale_1x128x128_256x64x256x128_16x16_32x32_2x2_8x32x1_8x32x1_1x32x1x8_8_1x1_intrawave_v1,1119.38,636.45,0.0
256,7536,8192,1536,ck,0,0,157.4856,a8w8_blockscale_1x128x128_256x128x128x128_16x16_32x32_2x2_8x32x1_8x32x1_1x32x1x8_8_1x1_intrawave_v3,1204.23,937.41,0.0
256,7539,8192,1536,ck,0,0,157.5901,a8w8_blockscale_1x128x128_256x128x128x128_16x16_32x32_2x2_8x32x1_8x32x1_1x32x1x8_8_1x1_intrawave_v3,1203.92,937.13,0.0
256,7656,8192,1536,ck,0,0,158.3825,a8w8_blockscale_1x128x128_256x128x128x128_16x16_32x32_2x2_8x32x1_8x32x1_1x32x1x8_8_1x1_intrawave_v3,1216.48,945.68,0.0
256,3258,7168,4608,ck,0,0,161.0546,a8w8_blockscale_1x128x128_256x128x128x128_16x16_32x32_2x2_8x32x1_8x32x1_1x32x1x8_8_1x1_intrawave_v3,1336.34,588.31,0.0
256,3451,7168,4608,ck,0,0,163.9306,a8w8_blockscale_1x128x128_256x128x128x128_16x16_32x32_2x2_8x32x1_8x32x1_1x32x1x8_8_1x1_intrawave_v3,1390.67,600.29,0.0
256,8001,8192,1536,ck,0,0,164.1964,a8w8_blockscale_1x128x128_256x128x128x128_16x16_32x32_2x2_8x32x1_8x32x1_1x32x1x8_8_1x1_intrawave_v3,1226.29,949.84,0.0
256,8015,8192,1536,ck,0,0,165.0449,a8w8_blockscale_1x128x128_256x128x128x128_16x16_32x32_2x2_8x32x1_8x32x1_1x32x1x8_8_1x1_intrawave_v3,1222.12,946.48,0.0
256,7809,8192,1536,ck,0,0,165.2369,a8w8_blockscale_1x128x128_256x128x128x128_16x16_32x32_2x2_8x32x1_8x32x1_1x32x1x8_8_1x1_intrawave_v3,1189.32,923.04,0.0
256,8048,8192,1536,ck,0,0,165.256,a8w8_blockscale_1x128x128_256x128x128x128_16x16_32x32_2x2_8x32x1_8x32x1_1x32x1x8_8_1x1_intrawave_v3,1225.58,948.85,0.0
256,8047,8192,1536,ck,0,0,165.4053,a8w8_blockscale_1x128x128_256x128x128x128_16x16_32x32_2x2_8x32x1_8x32x1_1x32x1x8_8_1x1_intrawave_v3,1224.32,947.88,0.0
256,8018,8192,1536,ck,0,0,165.6303,a8w8_blockscale_1x128x128_256x128x128x128_16x16_32x32_2x2_8x32x1_8x32x1_1x32x1x8_8_1x1_intrawave_v3,1218.25,943.46,0.0
256,8007,8192,1536,ck,0,0,165.6697,a8w8_blockscale_1x128x128_256x128x128x128_16x16_32x32_2x2_8x32x1_8x32x1_1x32x1x8_8_1x1_intrawave_v3,1216.29,942.05,0.0
256,7871,8192,1536,ck,0,0,166.1381,a8w8_blockscale_1x128x128_256x128x128x128_16x16_32x32_2x2_8x32x1_8x32x1_1x32x1x8_8_1x1_intrawave_v3,1192.26,924.72,0.0
256,8051,8192,1536,ck,0,0,166.2406,a8w8_blockscale_1x128x128_256x128x128x128_16x16_32x32_2x2_8x32x1_8x32x1_1x32x1x8_8_1x1_intrawave_v3,1218.78,943.55,0.0
256,8010,8192,1536,ck,0,0,166.6802,a8w8_blockscale_1x128x128_256x128x128x128_16x16_32x32_2x2_8x32x1_8x32x1_1x32x1x8_8_1x1_intrawave_v3,1209.37,936.66,0.0
256,8008,8192,1536,ck,0,0,166.7702,a8w8_blockscale_1x128x128_256x128x128x128_16x16_32x32_2x2_8x32x1_8x32x1_1x32x1x8_8_1x1_intrawave_v3,1208.42,935.94,0.0
256,8040,8192,1536,ck,0,0,167.9237,a8w8_blockscale_1x128x128_256x128x128x128_16x16_32x32_2x2_8x32x1_8x32x1_1x32x1x8_8_1x1_intrawave_v3,1204.91,932.92,0.0
256,7990,8192,1536,ck,0,0,168.066,a8w8_blockscale_1x128x128_256x128x128x128_16x16_32x32_2x2_8x32x1_8x32x1_1x32x1x8_8_1x1_intrawave_v3,1196.4,926.8,0.0
256,8043,8192,1536,ck,0,0,168.2282,a8w8_blockscale_1x128x128_256x128x128x128_16x16_32x32_2x2_8x32x1_8x32x1_1x32x1x8_8_1x1_intrawave_v3,1203.18,931.55,0.0
256,1490,9216,7168,ck,0,0,169.3577,a8w8_blockscale_1x128x128_256x128x128x128_16x16_32x32_2x2_8x32x1_8x32x1_1x32x1x8_8_1x1_intrawave_v3,1162.39,615.29,0.0
256,1517,9216,7168,ck,0,0,169.9488,a8w8_blockscale_1x128x128_256x128x128x128_16x16_32x32_2x2_8x32x1_8x32x1_1x32x1x8_8_1x1_intrawave_v3,1179.34,617.22,0.0
256,1485,9216,7168,ck,0,0,170.3247,a8w8_blockscale_1x128x128_256x128x128x128_16x16_32x32_2x2_8x32x1_8x32x1_1x32x1x8_8_1x1_intrawave_v3,1151.91,611.05,0.0
256,3620,7168,4096,ck,0,0,171.6563,a8w8_blockscale_1x128x128_256x128x128x128_16x16_32x32_2x2_8x32x1_8x32x1_1x32x1x8_8_1x1_intrawave_v3,1238.33,559.75,0.0
256,8090,8192,1536,ck,0,0,171.8302,a8w8_blockscale_1x128x128_256x128x128x128_16x16_32x32_2x2_8x32x1_8x32x1_1x32x1x8_8_1x1_intrawave_v3,1184.84,916.93,0.0
256,3617,7168,4096,ck,0,0,172.4877,a8w8_blockscale_1x128x128_256x128x128x128_16x16_32x32_2x2_8x32x1_8x32x1_1x32x1x8_8_1x1_intrawave_v3,1231.34,556.73,0.0
256,3632,7168,4096,ck,0,0,173.3518,a8w8_blockscale_1x128x128_256x128x128x128_16x16_32x32_2x2_8x32x1_8x32x1_1x32x1x8_8_1x1_intrawave_v3,1230.28,555.55,0.0
256,3587,7168,4096,ck,0,0,173.7124,a8w8_blockscale_1x128x128_256x128x128x128_16x16_32x32_2x2_8x32x1_8x32x1_1x32x1x8_8_1x1_intrawave_v3,1212.52,549.62,0.0
256,3655,7168,4096,ck,0,0,173.748,a8w8_blockscale_1x128x128_256x128x128x128_16x16_32x32_2x2_8x32x1_8x32x1_1x32x1x8_8_1x1_intrawave_v3,1235.25,556.72,0.0
256,8182,8192,1536,ck,0,0,173.933,a8w8_blockscale_1x128x128_256x128x128x128_16x16_32x32_2x2_8x32x1_8x32x1_1x32x1x8_8_1x1_intrawave_v3,1183.83,915.32,0.0
256,1580,9216,7168,ck,0,0,174.5725,a8w8_blockscale_1x128x128_256x128x128x128_16x16_32x32_2x2_8x32x1_8x32x1_1x32x1x8_8_1x1_intrawave_v3,1195.78,610.11,0.0
256,3831,7168,4096,ck,0,0,174.6234,a8w8_blockscale_1x128x128_256x128x128x128_16x16_32x32_2x2_8x32x1_8x32x1_1x32x1x8_8_1x1_intrawave_v3,1288.24,572.51,0.0
256,8192,8192,1536,ck,0,0,174.7159,a8w8_blockscale_1x128x128_256x128x128x128_16x16_32x32_2x2_8x32x1_8x32x1_1x32x1x8_8_1x1_intrawave_v3,1179.96,912.24,0.0
256,1623,9216,7168,ck,0,0,174.9197,a8w8_blockscale_1x128x128_256x128x128x128_16x16_32x32_2x2_8x32x1_8x32x1_1x32x1x8_8_1x1_intrawave_v3,1225.89,615.19,0.0
256,1548,9216,7168,ck,0,0,175.6106,a8w8_blockscale_1x128x128_256x128x128x128_16x16_32x32_2x2_8x32x1_8x32x1_1x32x1x8_8_1x1_intrawave_v3,1164.64,601.84,0.0
256,1590,9216,7168,ck,0,0,175.7698,a8w8_blockscale_1x128x128_256x128x128x128_16x16_32x32_2x2_8x32x1_8x32x1_1x32x1x8_8_1x1_intrawave_v3,1195.15,607.41,0.0
256,1553,9216,7168,ck,0,0,175.8667,a8w8_blockscale_1x128x128_256x128x128x128_16x16_32x32_2x2_8x32x1_8x32x1_1x32x1x8_8_1x1_intrawave_v3,1166.7,601.69,0.0
256,1599,9216,7168,ck,0,0,176.0069,a8w8_blockscale_1x128x128_256x128x128x128_16x16_32x32_2x2_8x32x1_8x32x1_1x32x1x8_8_1x1_intrawave_v3,1200.3,607.9,0.0
256,1639,9216,7168,ck,0,0,176.3435,a8w8_blockscale_1x128x128_256x128x128x128_16x16_32x32_2x2_8x32x1_8x32x1_1x32x1x8_8_1x1_intrawave_v3,1227.98,612.55,0.0
256,3840,7168,4096,ck,0,0,176.8292,a8w8_blockscale_1x128x128_256x128x128x128_16x16_32x32_2x2_8x32x1_8x32x1_1x32x1x8_8_1x1_intrawave_v3,1275.16,566.3,0.0
256,3749,7168,4096,ck,0,0,177.004,a8w8_blockscale_1x128x128_256x128x128x128_16x16_32x32_2x2_8x32x1_8x32x1_1x32x1x8_8_1x1_intrawave_v3,1243.71,556.27,0.0
256,3824,7168,4096,ck,0,0,177.2754,a8w8_blockscale_1x128x128_256x128x128x128_16x16_32x32_2x2_8x32x1_8x32x1_1x32x1x8_8_1x1_intrawave_v3,1266.65,563.21,0.0
256,1601,9216,7168,ck,0,0,177.4687,a8w8_blockscale_1x128x128_256x128x128x128_16x16_32x32_2x2_8x32x1_8x32x1_1x32x1x8_8_1x1_intrawave_v3,1191.9,603.18,0.0
256,1710,9216,7168,ck,0,0,178.5256,a8w8_blockscale_1x128x128_256x128x128x128_16x16_32x32_2x2_8x32x1_8x32x1_1x32x1x8_8_1x1_intrawave_v3,1265.51,615.24,0.0
256,4000,7168,4096,ck,0,0,179.8231,a8w8_blockscale_1x128x128_256x128x128x128_16x16_32x32_2x2_8x32x1_8x32x1_1x32x1x8_8_1x1_intrawave_v3,1306.18,573.28,0.0
256,3894,7168,4096,ck,0,0,179.8646,a8w8_blockscale_1x128x128_256x128x128x128_16x16_32x32_2x2_8x32x1_8x32x1_1x32x1x8_8_1x1_intrawave_v3,1271.27,562.28,0.0
256,1718,9216,7168,ck,0,0,180.177,a8w8_blockscale_1x128x128_256x128x128x128_16x16_32x32_2x2_8x32x1_8x32x1_1x32x1x8_8_1x1_intrawave_v3,1259.78,610.74,0.0
256,3971,7168,4096,ck,0,0,180.5249,a8w8_blockscale_1x128x128_256x128x128x128_16x16_32x32_2x2_8x32x1_8x32x1_1x32x1x8_8_1x1_intrawave_v3,1291.67,568.09,0.0
256,3925,7168,4096,ck,0,0,181.0343,a8w8_blockscale_1x128x128_256x128x128x128_16x16_32x32_2x2_8x32x1_8x32x1_1x32x1x8_8_1x1_intrawave_v3,1273.11,561.8,0.0
256,4050,7168,4096,ck,0,0,181.5033,a8w8_blockscale_1x128x128_256x128x128x128_16x16_32x32_2x2_8x32x1_8x32x1_1x32x1x8_8_1x1_intrawave_v3,1310.26,573.05,0.0
256,1685,9216,7168,ck,0,0,181.9633,a8w8_blockscale_1x128x128_256x128x128x128_16x16_32x32_2x2_8x32x1_8x32x1_1x32x1x8_8_1x1_intrawave_v3,1223.45,600.1,0.0
256,4046,7168,4096,ck,0,0,181.9651,a8w8_blockscale_1x128x128_256x128x128x128_16x16_32x32_2x2_8x32x1_8x32x1_1x32x1x8_8_1x1_intrawave_v3,1305.65,571.19,0.0
256,4002,7168,4096,ck,0,0,182.6409,a8w8_blockscale_1x128x128_256x128x128x128_16x16_32x32_2x2_8x32x1_8x32x1_1x32x1x8_8_1x1_intrawave_v3,1286.67,564.63,0.0
256,3620,7168,4608,ck,0,0,183.6145,a8w8_blockscale_1x128x128_256x128x128x128_16x16_32x32_2x2_8x32x1_8x32x1_1x32x1x8_8_1x1_intrawave_v3,1302.39,553.37,0.0
256,3840,7168,4608,ck,0,0,183.8447,a8w8_blockscale_1x128x128_256x128x128x128_16x16_32x32_2x2_8x32x1_8x32x1_1x32x1x8_8_1x1_intrawave_v3,1379.81,575.35,0.0
256,3617,7168,4608,ck,0,0,184.1786,a8w8_blockscale_1x128x128_256x128x128x128_16x16_32x32_2x2_8x32x1_8x32x1_1x32x1x8_8_1x1_intrawave_v3,1297.33,551.37,0.0
256,3655,7168,4608,ck,0,0,184.5089,a8w8_blockscale_1x128x128_256x128x128x128_16x16_32x32_2x2_8x32x1_8x32x1_1x32x1x8_8_1x1_intrawave_v3,1308.61,554.28,0.0
256,3587,7168,4608,ck,0,0,184.9196,a8w8_blockscale_1x128x128_256x128x128x128_16x16_32x32_2x2_8x32x1_8x32x1_1x32x1x8_8_1x1_intrawave_v3,1281.41,546.09,0.0
256,3632,7168,4608,ck,0,0,185.2903,a8w8_blockscale_1x128x128_256x128x128x128_16x16_32x32_2x2_8x32x1_8x32x1_1x32x1x8_8_1x1_intrawave_v3,1294.89,549.6,0.0
256,3824,7168,4608,ck,0,0,185.7975,a8w8_blockscale_1x128x128_256x128x128x128_16x16_32x32_2x2_8x32x1_8x32x1_1x32x1x8_8_1x1_intrawave_v3,1359.62,567.67,0.0
256,3749,7168,4608,ck,0,0,186.4223,a8w8_blockscale_1x128x128_256x128x128x128_16x16_32x32_2x2_8x32x1_8x32x1_1x32x1x8_8_1x1_intrawave_v3,1328.49,558.15,0.0
256,3971,7168,4608,ck,0,0,188.7739,a8w8_blockscale_1x128x128_256x128x128x128_16x16_32x32_2x2_8x32x1_8x32x1_1x32x1x8_8_1x1_intrawave_v3,1389.63,573.47,0.0
256,3831,7168,4608,ck,0,0,189.3449,a8w8_blockscale_1x128x128_256x128x128x128_16x16_32x32_2x2_8x32x1_8x32x1_1x32x1x8_8_1x1_intrawave_v3,1336.59,557.74,0.0
256,3925,7168,4608,ck,0,0,189.7271,a8w8_blockscale_1x128x128_256x128x128x128_16x16_32x32_2x2_8x32x1_8x32x1_1x32x1x8_8_1x1_intrawave_v3,1366.63,566.0,0.0
256,4050,7168,4608,ck,0,0,190.0997,a8w8_blockscale_1x128x128_256x128x128x128_16x16_32x32_2x2_8x32x1_8x32x1_1x32x1x8_8_1x1_intrawave_v3,1407.39,577.35,0.0
256,4002,7168,4608,ck,0,0,190.8133,a8w8_blockscale_1x128x128_256x128x128x128_16x16_32x32_2x2_8x32x1_8x32x1_1x32x1x8_8_1x1_intrawave_v3,1385.51,570.42,0.0
256,3894,7168,4608,ck,0,0,190.9686,a8w8_blockscale_1x128x128_256x128x128x128_16x16_32x32_2x2_8x32x1_8x32x1_1x32x1x8_8_1x1_intrawave_v3,1347.02,559.24,0.0
256,4000,7168,4608,ck,0,0,191.2086,a8w8_blockscale_1x128x128_256x128x128x128_16x16_32x32_2x2_8x32x1_8x32x1_1x32x1x8_8_1x1_intrawave_v3,1381.95,569.04,0.0
256,4046,7168,4608,ck,0,0,193.1147,a8w8_blockscale_1x128x128_256x128x128x128_16x16_32x32_2x2_8x32x1_8x32x1_1x32x1x8_8_1x1_intrawave_v3,1384.05,567.94,0.0
256,4176,7168,4096,ck,0,0,193.694,a8w8_blockscale_1x128x128_256x128x128x128_16x16_32x32_2x2_8x32x1_8x32x1_1x32x1x8_8_1x1_intrawave_v3,1266.0,548.97,0.0
256,4123,7168,4096,ck,0,0,193.8406,a8w8_blockscale_1x128x128_256x128x128x128_16x16_32x32_2x2_8x32x1_8x32x1_1x32x1x8_8_1x1_intrawave_v3,1248.98,543.51,0.0
256,4294,7168,4096,ck,0,0,196.1113,a8w8_blockscale_1x128x128_256x128x128x128_16x16_32x32_2x2_8x32x1_8x32x1_1x32x1x8_8_1x1_intrawave_v3,1285.72,553.29,0.0
256,4180,7168,4096,ck,0,0,196.5289,a8w8_blockscale_1x128x128_256x128x128x128_16x16_32x32_2x2_8x32x1_8x32x1_1x32x1x8_8_1x1_intrawave_v3,1248.93,541.43,0.0
256,4504,7168,4096,ck,0,0,196.534,a8w8_blockscale_1x128x128_256x128x128x128_16x16_32x32_2x2_8x32x1_8x32x1_1x32x1x8_8_1x1_intrawave_v3,1345.7,571.8,0.0
256,4507,7168,4096,ck,0,0,197.7924,a8w8_blockscale_1x128x128_256x128x128x128_16x16_32x32_2x2_8x32x1_8x32x1_1x32x1x8_8_1x1_intrawave_v3,1338.03,568.44,0.0
256,4598,7168,4096,ck,0,0,198.795,a8w8_blockscale_1x128x128_256x128x128x128_16x16_32x32_2x2_8x32x1_8x32x1_1x32x1x8_8_1x1_intrawave_v3,1358.16,574.01,0.0
256,4522,7168,4096,ck,0,0,199.2996,a8w8_blockscale_1x128x128_256x128x128x128_16x16_32x32_2x2_8x32x1_8x32x1_1x32x1x8_8_1x1_intrawave_v3,1332.33,565.53,0.0
256,4123,7168,4608,ck,0,0,205.0158,a8w8_blockscale_1x128x128_256x128x128x128_16x16_32x32_2x2_8x32x1_8x32x1_1x32x1x8_8_1x1_intrawave_v3,1328.52,542.09,0.0
256,4180,7168,4608,ck,0,0,205.1085,a8w8_blockscale_1x128x128_256x128x128x128_16x16_32x32_2x2_8x32x1_8x32x1_1x32x1x8_8_1x1_intrawave_v3,1346.27,547.11,0.0
256,4294,7168,4608,ck,0,0,207.1032,a8w8_blockscale_1x128x128_256x128x128x128_16x16_32x32_2x2_8x32x1_8x32x1_1x32x1x8_8_1x1_intrawave_v3,1369.67,552.26,0.0
256,1968,9216,7168,ck,0,0,207.4619,a8w8_blockscale_1x128x128_256x128x128x128_16x16_32x32_2x2_8x32x1_8x32x1_1x32x1x8_8_1x1_intrawave_v3,1253.31,561.26,0.0
256,1809,9216,7168,ck,0,0,207.7974,a8w8_blockscale_1x128x128_256x128x128x128_16x16_32x32_2x2_8x32x1_8x32x1_1x32x1x8_8_1x1_intrawave_v3,1150.19,540.77,0.0
256,4176,7168,4608,ck,0,0,207.8134,a8w8_blockscale_1x128x128_256x128x128x128_16x16_32x32_2x2_8x32x1_8x32x1_1x32x1x8_8_1x1_intrawave_v3,1327.48,539.62,0.0
256,1817,9216,7168,ck,0,0,208.0519,a8w8_blockscale_1x128x128_256x128x128x128_16x16_32x32_2x2_8x32x1_8x32x1_1x32x1x8_8_1x1_intrawave_v3,1153.86,541.09,0.0
256,1816,9216,7168,ck,0,0,208.2015,a8w8_blockscale_1x128x128_256x128x128x128_16x16_32x32_2x2_8x32x1_8x32x1_1x32x1x8_8_1x1_intrawave_v3,1152.4,540.58,0.0
256,1980,9216,7168,ck,0,0,208.217,a8w8_blockscale_1x128x128_256x128x128x128_16x16_32x32_2x2_8x32x1_8x32x1_1x32x1x8_8_1x1_intrawave_v3,1256.38,560.7,0.0
256,1987,9216,7168,ck,0,0,208.3071,a8w8_blockscale_1x128x128_256x128x128x128_16x16_32x32_2x2_8x32x1_8x32x1_1x32x1x8_8_1x1_intrawave_v3,1260.27,561.32,0.0
256,1934,9216,7168,ck,0,0,208.3706,a8w8_blockscale_1x128x128_256x128x128x128_16x16_32x32_2x2_8x32x1_8x32x1_1x32x1x8_8_1x1_intrawave_v3,1226.28,554.64,0.0
256,2003,9216,7168,ck,0,0,208.4775,a8w8_blockscale_1x128x128_256x128x128x128_16x16_32x32_2x2_8x32x1_8x32x1_1x32x1x8_8_1x1_intrawave_v3,1269.38,562.83,0.0
256,2006,9216,7168,ck,0,0,208.5596,a8w8_blockscale_1x128x128_256x128x128x128_16x16_32x32_2x2_8x32x1_8x32x1_1x32x1x8_8_1x1_intrawave_v3,1270.78,562.98,0.0
256,1821,9216,7168,ck,0,0,208.6149,a8w8_blockscale_1x128x128_256x128x128x128_16x16_32x32_2x2_8x32x1_8x32x1_1x32x1x8_8_1x1_intrawave_v3,1153.28,540.12,0.0
256,1944,9216,7168,ck,0,0,209.3967,a8w8_blockscale_1x128x128_256x128x128x128_16x16_32x32_2x2_8x32x1_8x32x1_1x32x1x8_8_1x1_intrawave_v3,1226.58,553.14,0.0
256,1978,9216,7168,ck,0,0,209.4967,a8w8_blockscale_1x128x128_256x128x128x128_16x16_32x32_2x2_8x32x1_8x32x1_1x32x1x8_8_1x1_intrawave_v3,1247.44,557.04,0.0
256,2009,9216,7168,ck,0,0,209.5154,a8w8_blockscale_1x128x128_256x128x128x128_16x16_32x32_2x2_8x32x1_8x32x1_1x32x1x8_8_1x1_intrawave_v3,1266.88,560.77,0.0
256,2000,9216,7168,ck,0,0,209.529,a8w8_blockscale_1x128x128_256x128x128x128_16x16_32x32_2x2_8x32x1_8x32x1_1x32x1x8_8_1x1_intrawave_v3,1261.12,559.64,0.0
256,2011,9216,7168,ck,0,0,209.7597,a8w8_blockscale_1x128x128_256x128x128x128_16x16_32x32_2x2_8x32x1_8x32x1_1x32x1x8_8_1x1_intrawave_v3,1266.66,560.36,0.0
256,1991,9216,7168,ck,0,0,209.8252,a8w8_blockscale_1x128x128_256x128x128x128_16x16_32x32_2x2_8x32x1_8x32x1_1x32x1x8_8_1x1_intrawave_v3,1253.67,557.75,0.0
256,2004,9216,7168,ck,0,0,209.9913,a8w8_blockscale_1x128x128_256x128x128x128_16x16_32x32_2x2_8x32x1_8x32x1_1x32x1x8_8_1x1_intrawave_v3,1260.86,558.89,0.0
256,2002,9216,7168,ck,0,0,210.1899,a8w8_blockscale_1x128x128_256x128x128x128_16x16_32x32_2x2_8x32x1_8x32x1_1x32x1x8_8_1x1_intrawave_v3,1258.41,558.12,0.0
256,1808,9216,7168,ck,0,0,210.6219,a8w8_blockscale_1x128x128_256x128x128x128_16x16_32x32_2x2_8x32x1_8x32x1_1x32x1x8_8_1x1_intrawave_v3,1134.14,533.4,0.0
256,2012,9216,7168,ck,0,0,211.1831,a8w8_blockscale_1x128x128_256x128x128x128_16x16_32x32_2x2_8x32x1_8x32x1_1x32x1x8_8_1x1_intrawave_v3,1258.75,556.71,0.0
256,2041,9216,7168,ck,0,0,211.5481,a8w8_blockscale_1x128x128_256x128x128x128_16x16_32x32_2x2_8x32x1_8x32x1_1x32x1x8_8_1x1_intrawave_v3,1274.69,559.26,0.0
256,4504,7168,4608,ck,0,0,211.9551,a8w8_blockscale_1x128x128_256x128x128x128_16x16_32x32_2x2_8x32x1_8x32x1_1x32x1x8_8_1x1_intrawave_v3,1403.77,558.39,0.0
256,2035,9216,7168,ck,0,0,212.0795,a8w8_blockscale_1x128x128_256x128x128x128_16x16_32x32_2x2_8x32x1_8x32x1_1x32x1x8_8_1x1_intrawave_v3,1267.76,557.13,0.0
256,4507,7168,4608,ck,0,0,212.3385,a8w8_blockscale_1x128x128_256x128x128x128_16x16_32x32_2x2_8x32x1_8x32x1_1x32x1x8_8_1x1_intrawave_v3,1402.17,557.65,0.0
256,2048,9216,7168,ck,0,0,212.3652,a8w8_blockscale_1x128x128_256x128x128x128_16x16_32x32_2x2_8x32x1_8x32x1_1x32x1x8_8_1x1_intrawave_v3,1274.14,557.95,0.0
256,2037,9216,7168,ck,0,0,212.5392,a8w8_blockscale_1x128x128_256x128x128x128_16x16_32x32_2x2_8x32x1_8x32x1_1x32x1x8_8_1x1_intrawave_v3,1266.26,556.17,0.0
256,4598,7168,4608,ck,0,0,212.7456,a8w8_blockscale_1x128x128_256x128x128x128_16x16_32x32_2x2_8x32x1_8x32x1_1x32x1x8_8_1x1_intrawave_v3,1427.74,564.69,0.0
256,2032,9216,7168,ck,0,0,212.8779,a8w8_blockscale_1x128x128_256x128x128x128_16x16_32x32_2x2_8x32x1_8x32x1_1x32x1x8_8_1x1_intrawave_v3,1261.14,554.68,0.0
256,4522,7168,4608,ck,0,0,212.9764,a8w8_blockscale_1x128x128_256x128x128x128_16x16_32x32_2x2_8x32x1_8x32x1_1x32x1x8_8_1x1_intrawave_v3,1402.62,557.31,0.0
256,2086,9216,7168,ck,0,0,217.2606,a8w8_blockscale_1x128x128_256x128x128x128_16x16_32x32_2x2_8x32x1_8x32x1_1x32x1x8_8_1x1_intrawave_v3,1268.54,549.86,0.0
256,2116,9216,7168,ck,0,0,217.9422,a8w8_blockscale_1x128x128_256x128x128x128_16x16_32x32_2x2_8x32x1_8x32x1_1x32x1x8_8_1x1_intrawave_v3,1282.76,551.66,0.0
256,4898,7168,4096,ck,0,0,217.9825,a8w8_blockscale_1x128x128_256x128x128x128_16x16_32x32_2x2_8x32x1_8x32x1_1x32x1x8_8_1x1_intrawave_v3,1319.43,548.85,0.0
256,2090,9216,7168,ck,0,0,218.745,a8w8_blockscale_1x128x128_256x128x128x128_16x16_32x32_2x2_8x32x1_8x32x1_1x32x1x8_8_1x1_intrawave_v3,1262.35,546.59,0.0
256,2112,9216,7168,ck,0,0,218.7835,a8w8_blockscale_1x128x128_256x128x128x128_16x16_32x32_2x2_8x32x1_8x32x1_1x32x1x8_8_1x1_intrawave_v3,1275.41,549.07,0.0
256,2056,9216,7168,ck,0,0,219.2249,a8w8_blockscale_1x128x128_256x128x128x128_16x16_32x32_2x2_8x32x1_8x32x1_1x32x1x8_8_1x1_intrawave_v3,1239.09,541.43,0.0
256,2128,9216,7168,ck,0,0,219.3088,a8w8_blockscale_1x128x128_256x128x128x128_16x16_32x32_2x2_8x32x1_8x32x1_1x32x1x8_8_1x1_intrawave_v3,1281.99,549.62,0.0
256,5007,7168,4096,ck,0,0,219.3844,a8w8_blockscale_1x128x128_256x128x128x128_16x16_32x32_2x2_8x32x1_8x32x1_1x32x1x8_8_1x1_intrawave_v3,1340.17,554.5,0.0
256,2127,9216,7168,ck,0,0,219.4109,a8w8_blockscale_1x128x128_256x128x128x128_16x16_32x32_2x2_8x32x1_8x32x1_1x32x1x8_8_1x1_intrawave_v3,1280.8,549.25,0.0
256,2150,9216,7168,ck,0,0,219.7529,a8w8_blockscale_1x128x128_256x128x128x128_16x16_32x32_2x2_8x32x1_8x32x1_1x32x1x8_8_1x1_intrawave_v3,1292.63,551.07,0.0
256,2149,9216,7168,ck,0,0,219.7533,a8w8_blockscale_1x128x128_256x128x128x128_16x16_32x32_2x2_8x32x1_8x32x1_1x32x1x8_8_1x1_intrawave_v3,1292.03,550.96,0.0
256,5002,7168,4096,ck,0,0,219.9842,a8w8_blockscale_1x128x128_256x128x128x128_16x16_32x32_2x2_8x32x1_8x32x1_1x32x1x8_8_1x1_intrawave_v3,1335.18,552.57,0.0
256,5000,7168,4096,ck,0,0,220.1608,a8w8_blockscale_1x128x128_256x128x128x128_16x16_32x32_2x2_8x32x1_8x32x1_1x32x1x8_8_1x1_intrawave_v3,1333.58,551.96,0.0
256,2163,9216,7168,ck,0,0,220.458,a8w8_blockscale_1x128x128_256x128x128x128_16x16_32x32_2x2_8x32x1_8x32x1_1x32x1x8_8_1x1_intrawave_v3,1296.29,550.82,0.0
256,2129,9216,7168,ck,0,0,220.5512,a8w8_blockscale_1x128x128_256x128x128x128_16x16_32x32_2x2_8x32x1_8x32x1_1x32x1x8_8_1x1_intrawave_v3,1275.37,546.64,0.0
256,5059,7168,4096,ck,0,0,220.6411,a8w8_blockscale_1x128x128_256x128x128x128_16x16_32x32_2x2_8x32x1_8x32x1_1x32x1x8_8_1x1_intrawave_v3,1346.38,555.69,0.0
256,2054,9216,7168,ck,0,0,220.6656,a8w8_blockscale_1x128x128_256x128x128x128_16x16_32x32_2x2_8x32x1_8x32x1_1x32x1x8_8_1x1_intrawave_v3,1229.81,537.66,0.0
256,5003,7168,4096,ck,0,0,220.9222,a8w8_blockscale_1x128x128_256x128x128x128_16x16_32x32_2x2_8x32x1_8x32x1_1x32x1x8_8_1x1_intrawave_v3,1329.78,550.31,0.0
256,2160,9216,7168,ck,0,0,220.9951,a8w8_blockscale_1x128x128_256x128x128x128_16x16_32x32_2x2_8x32x1_8x32x1_1x32x1x8_8_1x1_intrawave_v3,1291.34,549.14,0.0
256,2085,9216,7168,ck,0,0,221.1929,a8w8_blockscale_1x128x128_256x128x128x128_16x16_32x32_2x2_8x32x1_8x32x1_1x32x1x8_8_1x1_intrawave_v3,1245.39,539.96,0.0
256,5006,7168,4096,ck,0,0,221.203,a8w8_blockscale_1x128x128_256x128x128x128_16x16_32x32_2x2_8x32x1_8x32x1_1x32x1x8_8_1x1_intrawave_v3,1328.89,549.86,0.0
256,2166,9216,7168,ck,0,0,221.2551,a8w8_blockscale_1x128x128_256x128x128x128_16x16_32x32_2x2_8x32x1_8x32x1_1x32x1x8_8_1x1_intrawave_v3,1293.41,549.18,0.0
256,2164,9216,7168,ck,0,0,221.3611,a8w8_blockscale_1x128x128_256x128x128x128_16x16_32x32_2x2_8x32x1_8x32x1_1x32x1x8_8_1x1_intrawave_v3,1291.6,548.69,0.0
256,5004,7168,4096,ck,0,0,221.4763,a8w8_blockscale_1x128x128_256x128x128x128_16x16_32x32_2x2_8x32x1_8x32x1_1x32x1x8_8_1x1_intrawave_v3,1326.72,549.02,0.0
256,2111,9216,7168,ck,0,0,221.556,a8w8_blockscale_1x128x128_256x128x128x128_16x16_32x32_2x2_8x32x1_8x32x1_1x32x1x8_8_1x1_intrawave_v3,1258.85,542.08,0.0
256,2126,9216,7168,ck,0,0,221.9945,a8w8_blockscale_1x128x128_256x128x128x128_16x16_32x32_2x2_8x32x1_8x32x1_1x32x1x8_8_1x1_intrawave_v3,1265.29,542.74,0.0
256,2091,9216,7168,ck,0,0,221.9998,a8w8_blockscale_1x128x128_256x128x128x128_16x16_32x32_2x2_8x32x1_8x32x1_1x32x1x8_8_1x1_intrawave_v3,1244.43,538.69,0.0
256,5018,7168,4096,ck,0,0,222.0101,a8w8_blockscale_1x128x128_256x128x128x128_16x16_32x32_2x2_8x32x1_8x32x1_1x32x1x8_8_1x1_intrawave_v3,1327.23,548.86,0.0
256,2146,9216,7168,ck,0,0,222.1345,a8w8_blockscale_1x128x128_256x128x128x128_16x16_32x32_2x2_8x32x1_8x32x1_1x32x1x8_8_1x1_intrawave_v3,1276.39,544.71,0.0
256,2130,9216,7168,ck,0,0,222.3264,a8w8_blockscale_1x128x128_256x128x128x128_16x16_32x32_2x2_8x32x1_8x32x1_1x32x1x8_8_1x1_intrawave_v3,1265.78,542.39,0.0
256,2148,9216,7168,ck,0,0,223.1346,a8w8_blockscale_1x128x128_256x128x128x128_16x16_32x32_2x2_8x32x1_8x32x1_1x32x1x8_8_1x1_intrawave_v3,1271.86,542.49,0.0
256,2088,9216,7168,ck,0,0,223.1846,a8w8_blockscale_1x128x128_256x128x128x128_16x16_32x32_2x2_8x32x1_8x32x1_1x32x1x8_8_1x1_intrawave_v3,1236.05,535.49,0.0
256,2087,9216,7168,ck,0,0,223.464,a8w8_blockscale_1x128x128_256x128x128x128_16x16_32x32_2x2_8x32x1_8x32x1_1x32x1x8_8_1x1_intrawave_v3,1233.92,534.71,0.0
256,2109,9216,7168,ck,0,0,223.6397,a8w8_blockscale_1x128x128_256x128x128x128_16x16_32x32_2x2_8x32x1_8x32x1_1x32x1x8_8_1x1_intrawave_v3,1245.94,536.8,0.0
256,5126,7168,4096,ck,0,0,223.6558,a8w8_blockscale_1x128x128_256x128x128x128_16x16_32x32_2x2_8x32x1_8x32x1_1x32x1x8_8_1x1_intrawave_v3,1345.82,553.72,0.0
256,2161,9216,7168,ck,0,0,223.9079,a8w8_blockscale_1x128x128_256x128x128x128_16x16_32x32_2x2_8x32x1_8x32x1_1x32x1x8_8_1x1_intrawave_v3,1275.13,542.11,0.0
256,2101,9216,7168,ck,0,0,224.262,a8w8_blockscale_1x128x128_256x128x128x128_16x16_32x32_2x2_8x32x1_8x32x1_1x32x1x8_8_1x1_intrawave_v3,1237.77,534.4,0.0
256,5124,7168,4096,ck,0,0,225.22,a8w8_blockscale_1x128x128_256x128x128x128_16x16_32x32_2x2_8x32x1_8x32x1_1x32x1x8_8_1x1_intrawave_v3,1335.95,549.71,0.0
256,4898,7168,4608,ck,0,0,231.2475,a8w8_blockscale_1x128x128_256x128x128x128_16x16_32x32_2x2_8x32x1_8x32x1_1x32x1x8_8_1x1_intrawave_v3,1399.21,544.08,0.0
256,2216,9216,7168,ck,14,0,231.3894,a8w8_blockscale_1x128x128_256x64x256x128_16x16_32x32_2x2_8x32x1_8x32x1_1x32x1x8_8_1x1_intrawave_v1,1265.31,530.66,0.0
256,2185,9216,7168,ck,14,0,231.6539,a8w8_blockscale_1x128x128_256x64x256x128_16x16_32x32_2x2_8x32x1_8x32x1_1x32x1x8_8_1x1_intrawave_v1,1246.18,526.63,0.0
256,2188,9216,7168,ck,14,0,231.7748,a8w8_blockscale_1x128x128_256x64x256x128_16x16_32x32_2x2_8x32x1_8x32x1_1x32x1x8_8_1x1_intrawave_v1,1247.24,526.69,0.0
256,2189,9216,7168,ck,14,0,232.1341,a8w8_blockscale_1x128x128_256x64x256x128_16x16_32x32_2x2_8x32x1_8x32x1_1x32x1x8_8_1x1_intrawave_v1,1245.88,525.98,0.0
256,2207,9216,7168,ck,14,0,232.3235,a8w8_blockscale_1x128x128_256x64x256x128_16x16_32x32_2x2_8x32x1_8x32x1_1x32x1x8_8_1x1_intrawave_v1,1255.1,527.54,0.0
256,2186,9216,7168,ck,14,0,232.3384,a8w8_blockscale_1x128x128_256x64x256x128_16x16_32x32_2x2_8x32x1_8x32x1_1x32x1x8_8_1x1_intrawave_v1,1243.08,525.19,0.0
256,2226,9216,7168,ck,14,0,232.4408,a8w8_blockscale_1x128x128_256x64x256x128_16x16_32x32_2x2_8x32x1_8x32x1_1x32x1x8_8_1x1_intrawave_v1,1265.27,529.36,0.0
256,5018,7168,4608,ck,0,0,232.7417,a8w8_blockscale_1x128x128_256x128x128x128_16x16_32x32_2x2_8x32x1_8x32x1_1x32x1x8_8_1x1_intrawave_v3,1424.29,550.36,0.0
256,5007,7168,4608,ck,0,0,233.1578,a8w8_blockscale_1x128x128_256x128x128x128_16x16_32x32_2x2_8x32x1_8x32x1_1x32x1x8_8_1x1_intrawave_v3,1418.63,548.48,0.0
256,5004,7168,4608,ck,0,0,233.2932,a8w8_blockscale_1x128x128_256x128x128x128_16x16_32x32_2x2_8x32x1_8x32x1_1x32x1x8_8_1x1_intrawave_v3,1416.95,547.92,0.0
256,5002,7168,4608,ck,0,0,233.3618,a8w8_blockscale_1x128x128_256x128x128x128_16x16_32x32_2x2_8x32x1_8x32x1_1x32x1x8_8_1x1_intrawave_v3,1415.97,547.6,0.0
256,2219,9216,7168,ck,14,0,233.407,a8w8_blockscale_1x128x128_256x64x256x128_16x16_32x32_2x2_8x32x1_8x32x1_1x32x1x8_8_1x1_intrawave_v1,1256.07,526.41,0.0
256,5000,7168,4608,ck,0,0,233.4528,a8w8_blockscale_1x128x128_256x128x128x128_16x16_32x32_2x2_8x32x1_8x32x1_1x32x1x8_8_1x1_intrawave_v3,1414.85,547.22,0.0
256,5006,7168,4608,ck,0,0,233.5539,a8w8_blockscale_1x128x128_256x128x128x128_16x16_32x32_2x2_8x32x1_8x32x1_1x32x1x8_8_1x1_intrawave_v3,1415.94,547.47,0.0
256,5059,7168,4608,ck,0,0,234.1643,a8w8_blockscale_1x128x128_256x128x128x128_16x16_32x32_2x2_8x32x1_8x32x1_1x32x1x8_8_1x1_intrawave_v3,1427.2,550.33,0.0
256,2217,9216,7168,ck,14,0,234.4229,a8w8_blockscale_1x128x128_256x64x256x128_16x16_32x32_2x2_8x32x1_8x32x1_1x32x1x8_8_1x1_intrawave_v1,1249.5,523.91,0.0
256,2215,9216,7168,ck,14,0,234.8805,a8w8_blockscale_1x128x128_256x64x256x128_16x16_32x32_2x2_8x32x1_8x32x1_1x32x1x8_8_1x1_intrawave_v1,1245.94,522.67,0.0
256,5003,7168,4608,ck,0,0,235.0418,a8w8_blockscale_1x128x128_256x128x128x128_16x16_32x32_2x2_8x32x1_8x32x1_1x32x1x8_8_1x1_intrawave_v3,1406.13,543.76,0.0
256,2235,9216,7168,ck,14,0,235.1142,a8w8_blockscale_1x128x128_256x64x256x128_16x16_32x32_2x2_8x32x1_8x32x1_1x32x1x8_8_1x1_intrawave_v1,1255.94,524.33,0.0
256,5273,7168,4096,ck,0,0,235.1464,a8w8_blockscale_1x128x128_256x128x128x128_16x16_32x32_2x2_8x32x1_8x32x1_1x32x1x8_8_1x1_intrawave_v3,1316.76,538.18,0.0
256,5264,7168,4096,ck,0,0,235.3025,a8w8_blockscale_1x128x128_256x128x128x128_16x16_32x32_2x2_8x32x1_8x32x1_1x32x1x8_8_1x1_intrawave_v3,1313.64,537.12,0.0
256,5285,7168,4096,ck,0,0,235.5462,a8w8_blockscale_1x128x128_256x128x128x128_16x16_32x32_2x2_8x32x1_8x32x1_1x32x1x8_8_1x1_intrawave_v3,1317.52,538.21,0.0
256,5258,7168,4096,ck,0,0,235.6696,a8w8_blockscale_1x128x128_256x128x128x128_16x16_32x32_2x2_8x32x1_8x32x1_1x32x1x8_8_1x1_intrawave_v3,1310.1,535.82,0.0
256,5277,7168,4096,ck,0,0,236.5116,a8w8_blockscale_1x128x128_256x128x128x128_16x16_32x32_2x2_8x32x1_8x32x1_1x32x1x8_8_1x1_intrawave_v3,1310.15,535.39,0.0
256,5269,7168,4096,ck,0,0,236.5779,a8w8_blockscale_1x128x128_256x128x128x128_16x16_32x32_2x2_8x32x1_8x32x1_1x32x1x8_8_1x1_intrawave_v3,1307.8,534.62,0.0
256,5251,7168,4096,ck,0,0,237.2367,a8w8_blockscale_1x128x128_256x128x128x128_16x16_32x32_2x2_8x32x1_8x32x1_1x32x1x8_8_1x1_intrawave_v3,1299.71,531.73,0.0
256,5368,7168,4096,ck,0,0,237.2762,a8w8_blockscale_1x128x128_256x128x128x128_16x16_32x32_2x2_8x32x1_8x32x1_1x32x1x8_8_1x1_intrawave_v3,1328.45,540.73,0.0
256,5276,7168,4096,ck,0,0,237.455,a8w8_blockscale_1x128x128_256x128x128x128_16x16_32x32_2x2_8x32x1_8x32x1_1x32x1x8_8_1x1_intrawave_v3,1304.7,533.18,0.0
256,5283,7168,4096,ck,0,0,237.5182,a8w8_blockscale_1x128x128_256x128x128x128_16x16_32x32_2x2_8x32x1_8x32x1_1x32x1x8_8_1x1_intrawave_v3,1306.09,533.59,0.0
256,5302,7168,4096,ck,0,0,237.5521,a8w8_blockscale_1x128x128_256x128x128x128_16x16_32x32_2x2_8x32x1_8x32x1_1x32x1x8_8_1x1_intrawave_v3,1310.6,534.98,0.0
256,5281,7168,4096,ck,0,0,237.644,a8w8_blockscale_1x128x128_256x128x128x128_16x16_32x32_2x2_8x32x1_8x32x1_1x32x1x8_8_1x1_intrawave_v3,1304.9,533.15,0.0
256,5292,7168,4096,ck,0,0,237.864,a8w8_blockscale_1x128x128_256x128x128x128_16x16_32x32_2x2_8x32x1_8x32x1_1x32x1x8_8_1x1_intrawave_v3,1306.41,533.51,0.0
256,5275,7168,4096,ck,0,0,238.0852,a8w8_blockscale_1x128x128_256x128x128x128_16x16_32x32_2x2_8x32x1_8x32x1_1x32x1x8_8_1x1_intrawave_v3,1301.0,531.7,0.0
256,5272,7168,4096,ck,0,0,238.1019,a8w8_blockscale_1x128x128_256x128x128x128_16x16_32x32_2x2_8x32x1_8x32x1_1x32x1x8_8_1x1_intrawave_v3,1300.17,531.43,0.0
256,5295,7168,4096,ck,0,0,238.4914,a8w8_blockscale_1x128x128_256x128x128x128_16x16_32x32_2x2_8x32x1_8x32x1_1x32x1x8_8_1x1_intrawave_v3,1303.71,532.34,0.0
256,5126,7168,4608,ck,0,0,238.7245,a8w8_blockscale_1x128x128_256x128x128x128_16x16_32x32_2x2_8x32x1_8x32x1_1x32x1x8_8_1x1_intrawave_v3,1418.48,545.14,0.0
256,5489,7168,4096,ck,0,0,239.0588,a8w8_blockscale_1x128x128_256x128x128x128_16x16_32x32_2x2_8x32x1_8x32x1_1x32x1x8_8_1x1_intrawave_v3,1348.27,546.03,0.0
256,5447,7168,4096,ck,0,0,239.3245,a8w8_blockscale_1x128x128_256x128x128x128_16x16_32x32_2x2_8x32x1_8x32x1_1x32x1x8_8_1x1_intrawave_v3,1336.47,542.19,0.0
256,5431,7168,4096,ck,0,0,239.5891,a8w8_blockscale_1x128x128_256x128x128x128_16x16_32x32_2x2_8x32x1_8x32x1_1x32x1x8_8_1x1_intrawave_v3,1331.07,540.36,0.0
256,5440,7168,4096,ck,0,0,239.8922,a8w8_blockscale_1x128x128_256x128x128x128_16x16_32x32_2x2_8x32x1_8x32x1_1x32x1x8_8_1x1_intrawave_v3,1331.59,540.37,0.0
256,5124,7168,4608,ck,0,0,241.1946,a8w8_blockscale_1x128x128_256x128x128x128_16x16_32x32_2x2_8x32x1_8x32x1_1x32x1x8_8_1x1_intrawave_v3,1403.4,539.4,0.0
256,5540,7168,4096,ck,0,0,241.4133,a8w8_blockscale_1x128x128_256x128x128x128_16x16_32x32_2x2_8x32x1_8x32x1_1x32x1x8_8_1x1_intrawave_v3,1347.52,544.6,0.0
256,2268,9216,7168,ck,0,0,241.4991,a8w8_blockscale_1x128x128_256x128x128x128_16x16_32x32_2x2_8x32x1_8x32x1_1x32x1x8_8_1x1_intrawave_v3,1240.79,513.96,0.0
256,2304,9216,7168,ck,0,0,241.6271,a8w8_blockscale_1x128x128_256x128x128x128_16x16_32x32_2x2_8x32x1_8x32x1_1x32x1x8_8_1x1_intrawave_v3,1259.82,517.5,0.0
256,5670,7168,4096,ck,0,0,242.4782,a8w8_blockscale_1x128x128_256x128x128x128_16x16_32x32_2x2_8x32x1_8x32x1_1x32x1x8_8_1x1_intrawave_v3,1373.09,552.09,0.0
256,2248,9216,7168,ck,0,0,242.4909,a8w8_blockscale_1x128x128_256x128x128x128_16x16_32x32_2x2_8x32x1_8x32x1_1x32x1x8_8_1x1_intrawave_v3,1224.82,509.75,0.0
256,2250,9216,7168,ck,0,0,242.6436,a8w8_blockscale_1x128x128_256x128x128x128_16x16_32x32_2x2_8x32x1_8x32x1_1x32x1x8_8_1x1_intrawave_v3,1225.14,509.64,0.0
256,2254,9216,7168,ck,0,0,242.8451,a8w8_blockscale_1x128x128_256x128x128x128_16x16_32x32_2x2_8x32x1_8x32x1_1x32x1x8_8_1x1_intrawave_v3,1226.3,509.64,0.0
256,2301,9216,7168,ck,0,0,242.8625,a8w8_blockscale_1x128x128_256x128x128x128_16x16_32x32_2x2_8x32x1_8x32x1_1x32x1x8_8_1x1_intrawave_v3,1251.78,514.55,0.0
256,2251,9216,7168,ck,0,0,242.8958,a8w8_blockscale_1x128x128_256x128x128x128_16x16_32x32_2x2_8x32x1_8x32x1_1x32x1x8_8_1x1_intrawave_v3,1224.41,509.21,0.0
256,2369,9216,7168,ck,0,0,243.3738,a8w8_blockscale_1x128x128_256x128x128x128_16x16_32x32_2x2_8x32x1_8x32x1_1x32x1x8_8_1x1_intrawave_v3,1286.06,520.63,0.0
256,2282,9216,7168,ck,0,0,243.5317,a8w8_blockscale_1x128x128_256x128x128x128_16x16_32x32_2x2_8x32x1_8x32x1_1x32x1x8_8_1x1_intrawave_v3,1238.03,511.14,0.0
256,2252,9216,7168,ck,0,0,244.2526,a8w8_blockscale_1x128x128_256x128x128x128_16x16_32x32_2x2_8x32x1_8x32x1_1x32x1x8_8_1x1_intrawave_v3,1218.15,506.49,0.0
256,2249,9216,7168,ck,0,0,244.5454,a8w8_blockscale_1x128x128_256x128x128x128_16x16_32x32_2x2_8x32x1_8x32x1_1x32x1x8_8_1x1_intrawave_v3,1215.07,505.57,0.0
256,2356,9216,7168,ck,0,0,244.8418,a8w8_blockscale_1x128x128_256x128x128x128_16x16_32x32_2x2_8x32x1_8x32x1_1x32x1x8_8_1x1_intrawave_v3,1271.34,516.15,0.0
256,2365,9216,7168,ck,0,0,244.9708,a8w8_blockscale_1x128x128_256x128x128x128_16x16_32x32_2x2_8x32x1_8x32x1_1x32x1x8_8_1x1_intrawave_v3,1275.52,516.81,0.0
256,2390,9216,7168,ck,0,0,245.0038,a8w8_blockscale_1x128x128_256x128x128x128_16x16_32x32_2x2_8x32x1_8x32x1_1x32x1x8_8_1x1_intrawave_v3,1288.83,519.36,0.0
256,2344,9216,7168,ck,0,0,245.2082,a8w8_blockscale_1x128x128_256x128x128x128_16x16_32x32_2x2_8x32x1_8x32x1_1x32x1x8_8_1x1_intrawave_v3,1262.97,514.12,0.0
256,2412,9216,7168,ck,0,0,245.5688,a8w8_blockscale_1x128x128_256x128x128x128_16x16_32x32_2x2_8x32x1_8x32x1_1x32x1x8_8_1x1_intrawave_v3,1297.7,520.45,0.0
256,2355,9216,7168,ck,0,0,245.5758,a8w8_blockscale_1x128x128_256x128x128x128_16x16_32x32_2x2_8x32x1_8x32x1_1x32x1x8_8_1x1_intrawave_v3,1267.0,514.5,0.0
256,2358,9216,7168,ck,0,0,245.655,a8w8_blockscale_1x128x128_256x128x128x128_16x16_32x32_2x2_8x32x1_8x32x1_1x32x1x8_8_1x1_intrawave_v3,1268.2,514.64,0.0
256,2415,9216,7168,ck,0,0,245.6594,a8w8_blockscale_1x128x128_256x128x128x128_16x16_32x32_2x2_8x32x1_8x32x1_1x32x1x8_8_1x1_intrawave_v3,1298.84,520.58,0.0
256,2378,9216,7168,ck,0,0,245.661,a8w8_blockscale_1x128x128_256x128x128x128_16x16_32x32_2x2_8x32x1_8x32x1_1x32x1x8_8_1x1_intrawave_v3,1278.93,516.72,0.0
256,2368,9216,7168,ck,0,0,246.3307,a8w8_blockscale_1x128x128_256x128x128x128_16x16_32x32_2x2_8x32x1_8x32x1_1x32x1x8_8_1x1_intrawave_v3,1270.09,514.27,0.0
256,2403,9216,7168,ck,0,0,246.4518,a8w8_blockscale_1x128x128_256x128x128x128_16x16_32x32_2x2_8x32x1_8x32x1_1x32x1x8_8_1x1_intrawave_v3,1288.23,517.66,0.0
256,2387,9216,7168,ck,0,0,246.7509,a8w8_blockscale_1x128x128_256x128x128x128_16x16_32x32_2x2_8x32x1_8x32x1_1x32x1x8_8_1x1_intrawave_v3,1278.1,515.37,0.0
256,2464,9216,7168,ck,0,0,247.9928,a8w8_blockscale_1x128x128_256x128x128x128_16x16_32x32_2x2_8x32x1_8x32x1_1x32x1x8_8_1x1_intrawave_v3,1312.72,520.74,0.0
256,2479,9216,7168,ck,0,0,248.0155,a8w8_blockscale_1x128x128_256x128x128x128_16x16_32x32_2x2_8x32x1_8x32x1_1x32x1x8_8_1x1_intrawave_v3,1320.59,522.24,0.0
256,2444,9216,7168,ck,0,0,248.5211,a8w8_blockscale_1x128x128_256x128x128x128_16x16_32x32_2x2_8x32x1_8x32x1_1x32x1x8_8_1x1_intrawave_v3,1299.3,517.57,0.0
256,2441,9216,7168,ck,0,0,248.5748,a8w8_blockscale_1x128x128_256x128x128x128_16x16_32x32_2x2_8x32x1_8x32x1_1x32x1x8_8_1x1_intrawave_v3,1297.42,517.15,0.0
256,2486,9216,7168,ck,0,0,248.6115,a8w8_blockscale_1x128x128_256x128x128x128_16x16_32x32_2x2_8x32x1_8x32x1_1x32x1x8_8_1x1_intrawave_v3,1321.14,521.71,0.0
256,2445,9216,7168,ck,0,0,248.6282,a8w8_blockscale_1x128x128_256x128x128x128_16x16_32x32_2x2_8x32x1_8x32x1_1x32x1x8_8_1x1_intrawave_v3,1299.27,517.45,0.0
256,2443,9216,7168,ck,0,0,249.0646,a8w8_blockscale_1x128x128_256x128x128x128_16x16_32x32_2x2_8x32x1_8x32x1_1x32x1x8_8_1x1_intrawave_v3,1295.93,516.34,0.0
256,2534,9216,7168,ck,0,0,249.335,a8w8_blockscale_1x128x128_256x128x128x128_16x16_32x32_2x2_8x32x1_8x32x1_1x32x1x8_8_1x1_intrawave_v3,1342.75,525.12,0.0
256,2544,9216,7168,ck,0,0,249.8818,a8w8_blockscale_1x128x128_256x128x128x128_16x16_32x32_2x2_8x32x1_8x32x1_1x32x1x8_8_1x1_intrawave_v3,1345.09,524.99,0.0
256,5275,7168,4608,ck,0,0,250.2272,a8w8_blockscale_1x128x128_256x128x128x128_16x16_32x32_2x2_8x32x1_8x32x1_1x32x1x8_8_1x1_intrawave_v3,1392.61,531.36,0.0
256,2548,9216,7168,ck,0,0,250.3585,a8w8_blockscale_1x128x128_256x128x128x128_16x16_32x32_2x2_8x32x1_8x32x1_1x32x1x8_8_1x1_intrawave_v3,1344.64,524.4,0.0
256,5264,7168,4608,ck,0,0,250.3999,a8w8_blockscale_1x128x128_256x128x128x128_16x16_32x32_2x2_8x32x1_8x32x1_1x32x1x8_8_1x1_intrawave_v3,1388.74,530.16,0.0
256,2515,9216,7168,ck,0,0,250.4888,a8w8_blockscale_1x128x128_256x128x128x128_16x16_32x32_2x2_8x32x1_8x32x1_1x32x1x8_8_1x1_intrawave_v3,1326.54,520.76,0.0
256,5251,7168,4608,ck,0,0,250.8508,a8w8_blockscale_1x128x128_256x128x128x128_16x16_32x32_2x2_8x32x1_8x32x1_1x32x1x8_8_1x1_intrawave_v3,1382.82,528.22,0.0
256,5368,7168,4608,ck,0,0,251.674,a8w8_blockscale_1x128x128_256x128x128x128_16x16_32x32_2x2_8x32x1_8x32x1_1x32x1x8_8_1x1_intrawave_v3,1409.01,535.3,0.0
256,5283,7168,4608,ck,0,0,251.8314,a8w8_blockscale_1x128x128_256x128x128x128_16x16_32x32_2x2_8x32x1_8x32x1_1x32x1x8_8_1x1_intrawave_v3,1385.83,528.57,0.0
256,5272,7168,4608,ck,0,0,251.9343,a8w8_blockscale_1x128x128_256x128x128x128_16x16_32x32_2x2_8x32x1_8x32x1_1x32x1x8_8_1x1_intrawave_v3,1382.38,527.53,0.0
256,5258,7168,4608,ck,0,0,252.1092,a8w8_blockscale_1x128x128_256x128x128x128_16x16_32x32_2x2_8x32x1_8x32x1_1x32x1x8_8_1x1_intrawave_v3,1377.76,526.11,0.0
256,5269,7168,4608,ck,0,0,252.3084,a8w8_blockscale_1x128x128_256x128x128x128_16x16_32x32_2x2_8x32x1_8x32x1_1x32x1x8_8_1x1_intrawave_v3,1379.55,526.52,0.0
256,5273,7168,4608,ck,0,0,252.3773,a8w8_blockscale_1x128x128_256x128x128x128_16x16_32x32_2x2_8x32x1_8x32x1_1x32x1x8_8_1x1_intrawave_v3,1380.22,526.68,0.0
256,5285,7168,4608,ck,0,0,252.6477,a8w8_blockscale_1x128x128_256x128x128x128_16x16_32x32_2x2_8x32x1_8x32x1_1x32x1x8_8_1x1_intrawave_v3,1381.88,527.02,0.0
256,5281,7168,4608,ck,0,0,252.7198,a8w8_blockscale_1x128x128_256x128x128x128_16x16_32x32_2x2_8x32x1_8x32x1_1x32x1x8_8_1x1_intrawave_v3,1380.44,526.57,0.0
256,5277,7168,4608,ck,0,0,253.0007,a8w8_blockscale_1x128x128_256x128x128x128_16x16_32x32_2x2_8x32x1_8x32x1_1x32x1x8_8_1x1_intrawave_v3,1377.86,525.68,0.0
256,5302,7168,4608,ck,0,0,253.0537,a8w8_blockscale_1x128x128_256x128x128x128_16x16_32x32_2x2_8x32x1_8x32x1_1x32x1x8_8_1x1_intrawave_v3,1384.1,527.44,0.0
256,5276,7168,4608,ck,0,0,253.1867,a8w8_blockscale_1x128x128_256x128x128x128_16x16_32x32_2x2_8x32x1_8x32x1_1x32x1x8_8_1x1_intrawave_v3,1376.59,525.22,0.0
256,5292,7168,4608,ck,0,0,253.256,a8w8_blockscale_1x128x128_256x128x128x128_16x16_32x32_2x2_8x32x1_8x32x1_1x32x1x8_8_1x1_intrawave_v3,1380.39,526.27,0.0
256,5447,7168,4608,ck,0,0,254.2202,a8w8_blockscale_1x128x128_256x128x128x128_16x16_32x32_2x2_8x32x1_8x32x1_1x32x1x8_8_1x1_intrawave_v3,1415.43,535.83,0.0
256,5489,7168,4608,ck,0,0,254.8781,a8w8_blockscale_1x128x128_256x128x128x128_16x16_32x32_2x2_8x32x1_8x32x1_1x32x1x8_8_1x1_intrawave_v3,1422.66,537.57,0.0
256,5295,7168,4608,ck,0,0,254.8801,a8w8_blockscale_1x128x128_256x128x128x128_16x16_32x32_2x2_8x32x1_8x32x1_1x32x1x8_8_1x1_intrawave_v3,1372.37,523.14,0.0
256,5431,7168,4608,ck,0,0,255.0461,a8w8_blockscale_1x128x128_256x128x128x128_16x16_32x32_2x2_8x32x1_8x32x1_1x32x1x8_8_1x1_intrawave_v3,1406.7,532.9,0.0
256,2593,9216,7168,ck,0,0,256.1904,a8w8_blockscale_1x128x128_256x128x128x128_16x16_32x32_2x2_8x32x1_8x32x1_1x32x1x8_8_1x1_intrawave_v3,1337.24,516.96,0.0
256,2570,9216,7168,ck,0,0,256.2854,a8w8_blockscale_1x128x128_256x128x128x128_16x16_32x32_2x2_8x32x1_8x32x1_1x32x1x8_8_1x1_intrawave_v3,1324.89,514.47,0.0
256,2597,9216,7168,ck,0,0,256.4285,a8w8_blockscale_1x128x128_256x128x128x128_16x16_32x32_2x2_8x32x1_8x32x1_1x32x1x8_8_1x1_intrawave_v3,1338.06,516.88,0.0
256,2594,9216,7168,ck,0,0,256.585,a8w8_blockscale_1x128x128_256x128x128x128_16x16_32x32_2x2_8x32x1_8x32x1_1x32x1x8_8_1x1_intrawave_v3,1335.7,516.27,0.0
256,2567,9216,7168,ck,0,0,256.8749,a8w8_blockscale_1x128x128_256x128x128x128_16x16_32x32_2x2_8x32x1_8x32x1_1x32x1x8_8_1x1_intrawave_v3,1320.31,512.99,0.0
256,5440,7168,4608,ck,0,0,257.1156,a8w8_blockscale_1x128x128_256x128x128x128_16x16_32x32_2x2_8x32x1_8x32x1_1x32x1x8_8_1x1_intrawave_v3,1397.69,529.28,0.0
256,2636,9216,7168,ck,0,0,257.9432,a8w8_blockscale_1x128x128_256x128x128x128_16x16_32x32_2x2_8x32x1_8x32x1_1x32x1x8_8_1x1_intrawave_v3,1350.18,517.72,0.0
256,5540,7168,4608,ck,0,0,258.1902,a8w8_blockscale_1x128x128_256x128x128x128_16x16_32x32_2x2_8x32x1_8x32x1_1x32x1x8_8_1x1_intrawave_v3,1417.46,534.41,0.0
256,2658,9216,7168,ck,0,0,258.6366,a8w8_blockscale_1x128x128_256x128x128x128_16x16_32x32_2x2_8x32x1_8x32x1_1x32x1x8_8_1x1_intrawave_v3,1357.8,518.51,0.0
256,5670,7168,4608,ck,0,0,259.9393,a8w8_blockscale_1x128x128_256x128x128x128_16x16_32x32_2x2_8x32x1_8x32x1_1x32x1x8_8_1x1_intrawave_v3,1440.96,540.29,0.0
256,6002,7168,4096,ck,0,0,260.6957,a8w8_blockscale_1x128x128_256x128x128x128_16x16_32x32_2x2_8x32x1_8x32x1_1x32x1x8_8_1x1_intrawave_v3,1351.92,536.98,0.0
256,5890,7168,4096,ck,0,0,261.3936,a8w8_blockscale_1x128x128_256x128x128x128_16x16_32x32_2x2_8x32x1_8x32x1_1x32x1x8_8_1x1_intrawave_v3,1323.15,527.65,0.0
256,6008,7168,4096,ck,0,0,261.5848,a8w8_blockscale_1x128x128_256x128x128x128_16x16_32x32_2x2_8x32x1_8x32x1_1x32x1x8_8_1x1_intrawave_v3,1348.67,535.58,0.0
256,6001,7168,4096,ck,0,0,261.8305,a8w8_blockscale_1x128x128_256x128x128x128_16x16_32x32_2x2_8x32x1_8x32x1_1x32x1x8_8_1x1_intrawave_v3,1345.83,534.58,0.0
256,6026,7168,4096,ck,0,0,263.8031,a8w8_blockscale_1x128x128_256x128x128x128_16x16_32x32_2x2_8x32x1_8x32x1_1x32x1x8_8_1x1_intrawave_v3,1341.33,532.33,0.0
256,6107,7168,4096,ck,0,0,264.0981,a8w8_blockscale_1x128x128_256x128x128x128_16x16_32x32_2x2_8x32x1_8x32x1_1x32x1x8_8_1x1_intrawave_v3,1357.85,537.39,0.0
256,6108,7168,4096,ck,0,0,264.3546,a8w8_blockscale_1x128x128_256x128x128x128_16x16_32x32_2x2_8x32x1_8x32x1_1x32x1x8_8_1x1_intrawave_v3,1356.75,536.94,0.0
256,6225,7168,4096,ck,0,0,266.6027,a8w8_blockscale_1x128x128_256x128x128x128_16x16_32x32_2x2_8x32x1_8x32x1_1x32x1x8_8_1x1_intrawave_v3,1371.08,540.5,0.0
256,6146,7168,4096,ck,0,0,266.7079,a8w8_blockscale_1x128x128_256x128x128x128_16x16_32x32_2x2_8x32x1_8x32x1_1x32x1x8_8_1x1_intrawave_v3,1353.15,534.83,0.0
256,6304,7168,4096,ck,0,0,267.6781,a8w8_blockscale_1x128x128_256x128x128x128_16x16_32x32_2x2_8x32x1_8x32x1_1x32x1x8_8_1x1_intrawave_v3,1382.9,543.77,0.0
256,6307,7168,4096,ck,0,0,269.7639,a8w8_blockscale_1x128x128_256x128x128x128_16x16_32x32_2x2_8x32x1_8x32x1_1x32x1x8_8_1x1_intrawave_v3,1372.86,539.77,0.0
256,6002,7168,4608,ck,0,0,274.4139,a8w8_blockscale_1x128x128_256x128x128x128_16x16_32x32_2x2_8x32x1_8x32x1_1x32x1x8_8_1x1_intrawave_v3,1444.88,534.71,0.0
256,5890,7168,4608,ck,0,0,274.7153,a8w8_blockscale_1x128x128_256x128x128x128_16x16_32x32_2x2_8x32x1_8x32x1_1x32x1x8_8_1x1_intrawave_v3,1416.36,526.4,0.0
256,6008,7168,4608,ck,0,0,275.9823,a8w8_blockscale_1x128x128_256x128x128x128_16x16_32x32_2x2_8x32x1_8x32x1_1x32x1x8_8_1x1_intrawave_v3,1438.1,532.08,0.0
256,6001,7168,4608,ck,0,0,275.9929,a8w8_blockscale_1x128x128_256x128x128x128_16x16_32x32_2x2_8x32x1_8x32x1_1x32x1x8_8_1x1_intrawave_v3,1436.37,531.58,0.0
256,6026,7168,4608,ck,0,0,278.2775,a8w8_blockscale_1x128x128_256x128x128x128_16x16_32x32_2x2_8x32x1_8x32x1_1x32x1x8_8_1x1_intrawave_v3,1430.51,528.92,0.0
256,6108,7168,4608,ck,0,0,278.9141,a8w8_blockscale_1x128x128_256x128x128x128_16x16_32x32_2x2_8x32x1_8x32x1_1x32x1x8_8_1x1_intrawave_v3,1446.67,533.28,0.0
256,6107,7168,4608,ck,0,0,280.3917,a8w8_blockscale_1x128x128_256x128x128x128_16x16_32x32_2x2_8x32x1_8x32x1_1x32x1x8_8_1x1_intrawave_v3,1438.81,530.4,0.0
256,6449,7168,4096,ck,0,0,281.1807,a8w8_blockscale_1x128x128_256x128x128x128_16x16_32x32_2x2_8x32x1_8x32x1_1x32x1x8_8_1x1_intrawave_v3,1346.77,527.16,0.0
256,6583,7168,4096,ck,0,0,281.3915,a8w8_blockscale_1x128x128_256x128x128x128_16x16_32x32_2x2_8x32x1_8x32x1_1x32x1x8_8_1x1_intrawave_v3,1373.73,535.55,0.0
256,6146,7168,4608,ck,0,0,282.6555,a8w8_blockscale_1x128x128_256x128x128x128_16x16_32x32_2x2_8x32x1_8x32x1_1x32x1x8_8_1x1_intrawave_v3,1436.4,528.77,0.0
256,6225,7168,4608,ck,0,0,282.7118,a8w8_blockscale_1x128x128_256x128x128x128_16x16_32x32_2x2_8x32x1_8x32x1_1x32x1x8_8_1x1_intrawave_v3,1454.57,533.96,0.0
256,6476,7168,4096,ck,0,0,283.1889,a8w8_blockscale_1x128x128_256x128x128x128_16x16_32x32_2x2_8x32x1_8x32x1_1x32x1x8_8_1x1_intrawave_v3,1342.82,525.18,0.0
256,6418,7168,4096,ck,0,0,283.3188,a8w8_blockscale_1x128x128_256x128x128x128_16x16_32x32_2x2_8x32x1_8x32x1_1x32x1x8_8_1x1_intrawave_v3,1330.19,521.17,0.0
256,6307,7168,4608,ck,0,0,284.0242,a8w8_blockscale_1x128x128_256x128x128x128_16x16_32x32_2x2_8x32x1_8x32x1_1x32x1x8_8_1x1_intrawave_v3,1466.93,536.96,0.0
256,2748,9216,7168,ck,0,0,284.2928,a8w8_blockscale_1x128x128_256x128x128x128_16x16_32x32_2x2_8x32x1_8x32x1_1x32x1x8_8_1x1_intrawave_v3,1277.09,479.82,0.0
256,2757,9216,7168,ck,0,0,284.4086,a8w8_blockscale_1x128x128_256x128x128x128_16x16_32x32_2x2_8x32x1_8x32x1_1x32x1x8_8_1x1_intrawave_v3,1280.75,480.43,0.0
256,2713,9216,7168,ck,0,0,284.6242,a8w8_blockscale_1x128x128_256x128x128x128_16x16_32x32_2x2_8x32x1_8x32x1_1x32x1x8_8_1x1_intrawave_v3,1259.36,476.11,0.0
256,2729,9216,7168,ck,0,0,285.0171,a8w8_blockscale_1x128x128_256x128x128x128_16x16_32x32_2x2_8x32x1_8x32x1_1x32x1x8_8_1x1_intrawave_v3,1265.04,476.89,0.0
256,2747,9216,7168,ck,0,0,285.4326,a8w8_blockscale_1x128x128_256x128x128x128_16x16_32x32_2x2_8x32x1_8x32x1_1x32x1x8_8_1x1_intrawave_v3,1271.53,477.81,0.0
256,2734,9216,7168,ck,0,0,285.4549,a8w8_blockscale_1x128x128_256x128x128x128_16x16_32x32_2x2_8x32x1_8x32x1_1x32x1x8_8_1x1_intrawave_v3,1265.41,476.61,0.0
256,2794,9216,7168,ck,0,0,285.4853,a8w8_blockscale_1x128x128_256x128x128x128_16x16_32x32_2x2_8x32x1_8x32x1_1x32x1x8_8_1x1_intrawave_v3,1293.04,481.94,0.0
256,2876,9216,7168,ck,0,0,285.9696,a8w8_blockscale_1x128x128_256x128x128x128_16x16_32x32_2x2_8x32x1_8x32x1_1x32x1x8_8_1x1_intrawave_v3,1328.74,488.46,0.0
256,2740,9216,7168,ck,0,0,286.1321,a8w8_blockscale_1x128x128_256x128x128x128_16x16_32x32_2x2_8x32x1_8x32x1_1x32x1x8_8_1x1_intrawave_v3,1265.19,476.02,0.0
256,2861,9216,7168,ck,0,0,286.5411,a8w8_blockscale_1x128x128_256x128x128x128_16x16_32x32_2x2_8x32x1_8x32x1_1x32x1x8_8_1x1_intrawave_v3,1319.17,486.15,0.0
256,6817,7168,4096,ck,0,0,286.5851,a8w8_blockscale_1x128x128_256x128x128x128_16x16_32x32_2x2_8x32x1_8x32x1_1x32x1x8_8_1x1_intrawave_v3,1396.78,540.89,0.0
256,2889,9216,7168,ck,0,0,286.6482,a8w8_blockscale_1x128x128_256x128x128x128_16x16_32x32_2x2_8x32x1_8x32x1_1x32x1x8_8_1x1_intrawave_v3,1331.58,488.47,0.0
256,2841,9216,7168,ck,0,0,286.8517,a8w8_blockscale_1x128x128_256x128x128x128_16x16_32x32_2x2_8x32x1_8x32x1_1x32x1x8_8_1x1_intrawave_v3,1308.53,483.84,0.0
256,2918,9216,7168,ck,0,0,286.8587,a8w8_blockscale_1x128x128_256x128x128x128_16x16_32x32_2x2_8x32x1_8x32x1_1x32x1x8_8_1x1_intrawave_v3,1343.96,490.7,0.0
256,6813,7168,4096,ck,0,0,286.9278,a8w8_blockscale_1x128x128_256x128x128x128_16x16_32x32_2x2_8x32x1_8x32x1_1x32x1x8_8_1x1_intrawave_v3,1394.29,539.99,0.0
256,6811,7168,4096,ck,0,0,287.0207,a8w8_blockscale_1x128x128_256x128x128x128_16x16_32x32_2x2_8x32x1_8x32x1_1x32x1x8_8_1x1_intrawave_v3,1393.43,539.68,0.0
256,6814,7168,4096,ck,0,0,287.2381,a8w8_blockscale_1x128x128_256x128x128x128_16x16_32x32_2x2_8x32x1_8x32x1_1x32x1x8_8_1x1_intrawave_v3,1392.99,539.47,0.0
256,2843,9216,7168,ck,0,0,287.2589,a8w8_blockscale_1x128x128_256x128x128x128_16x16_32x32_2x2_8x32x1_8x32x1_1x32x1x8_8_1x1_intrawave_v3,1307.6,483.33,0.0
256,6304,7168,4608,ck,0,0,287.4128,a8w8_blockscale_1x128x128_256x128x128x128_16x16_32x32_2x2_8x32x1_8x32x1_1x32x1x8_8_1x1_intrawave_v3,1448.94,530.43,0.0
256,6819,7168,4096,ck,0,0,287.4156,a8w8_blockscale_1x128x128_256x128x128x128_16x16_32x32_2x2_8x32x1_8x32x1_1x32x1x8_8_1x1_intrawave_v3,1393.15,539.46,0.0
256,6812,7168,4096,ck,0,0,287.5426,a8w8_blockscale_1x128x128_256x128x128x128_16x16_32x32_2x2_8x32x1_8x32x1_1x32x1x8_8_1x1_intrawave_v3,1391.11,538.77,0.0
256,6809,7168,4096,ck,0,0,287.6831,a8w8_blockscale_1x128x128_256x128x128x128_16x16_32x32_2x2_8x32x1_8x32x1_1x32x1x8_8_1x1_intrawave_v3,1389.81,538.31,0.0
256,6818,7168,4096,ck,0,0,288.2667,a8w8_blockscale_1x128x128_256x128x128x128_16x16_32x32_2x2_8x32x1_8x32x1_1x32x1x8_8_1x1_intrawave_v3,1388.83,537.8,0.0
256,6815,7168,4096,ck,0,0,288.65,a8w8_blockscale_1x128x128_256x128x128x128_16x16_32x32_2x2_8x32x1_8x32x1_1x32x1x8_8_1x1_intrawave_v3,1386.38,536.89,0.0
256,2947,9216,7168,ck,0,0,289.8048,a8w8_blockscale_1x128x128_256x128x128x128_16x16_32x32_2x2_8x32x1_8x32x1_1x32x1x8_8_1x1_intrawave_v3,1343.52,488.27,0.0
256,2946,9216,7168,ck,0,0,290.0462,a8w8_blockscale_1x128x128_256x128x128x128_16x16_32x32_2x2_8x32x1_8x32x1_1x32x1x8_8_1x1_intrawave_v3,1341.95,487.78,0.0
256,2955,9216,7168,ck,0,0,290.4563,a8w8_blockscale_1x128x128_256x128x128x128_16x16_32x32_2x2_8x32x1_8x32x1_1x32x1x8_8_1x1_intrawave_v3,1344.15,487.88,0.0
256,2952,9216,7168,ck,0,0,291.0039,a8w8_blockscale_1x128x128_256x128x128x128_16x16_32x32_2x2_8x32x1_8x32x1_1x32x1x8_8_1x1_intrawave_v3,1340.26,486.7,0.0
256,2964,9216,7168,ck,0,0,291.5906,a8w8_blockscale_1x128x128_256x128x128x128_16x16_32x32_2x2_8x32x1_8x32x1_1x32x1x8_8_1x1_intrawave_v3,1343.0,486.77,0.0
256,3000,9216,7168,ck,0,0,291.913,a8w8_blockscale_1x128x128_256x128x128x128_16x16_32x32_2x2_8x32x1_8x32x1_1x32x1x8_8_1x1_intrawave_v3,1357.81,489.39,0.0
256,3004,9216,7168,ck,0,0,291.9391,a8w8_blockscale_1x128x128_256x128x128x128_16x16_32x32_2x2_8x32x1_8x32x1_1x32x1x8_8_1x1_intrawave_v3,1359.5,489.7,0.0
256,3019,9216,7168,ck,0,0,292.7736,a8w8_blockscale_1x128x128_256x128x128x128_16x16_32x32_2x2_8x32x1_8x32x1_1x32x1x8_8_1x1_intrawave_v3,1362.39,489.62,0.0
256,3005,9216,7168,ck,0,0,295.022,a8w8_blockscale_1x128x128_256x128x128x128_16x16_32x32_2x2_8x32x1_8x32x1_1x32x1x8_8_1x1_intrawave_v3,1345.74,484.67,0.0
256,6476,7168,4608,ck,0,0,299.8913,a8w8_blockscale_1x128x128_256x128x128x128_16x16_32x32_2x2_8x32x1_8x32x1_1x32x1x8_8_1x1_intrawave_v3,1426.54,519.23,0.0
256,6418,7168,4608,ck,0,0,300.8922,a8w8_blockscale_1x128x128_256x128x128x128_16x16_32x32_2x2_8x32x1_8x32x1_1x32x1x8_8_1x1_intrawave_v3,1409.06,513.85,0.0
256,6449,7168,4608,ck,0,0,301.0141,a8w8_blockscale_1x128x128_256x128x128x128_16x16_32x32_2x2_8x32x1_8x32x1_1x32x1x8_8_1x1_intrawave_v3,1415.29,515.59,0.0
256,6583,7168,4608,ck,0,0,301.1964,a8w8_blockscale_1x128x128_256x128x128x128_16x16_32x32_2x2_8x32x1_8x32x1_1x32x1x8_8_1x1_intrawave_v3,1443.82,523.71,0.0
256,7000,7168,4096,ck,0,0,301.2823,a8w8_blockscale_1x128x128_256x128x128x128_16x16_32x32_2x2_8x32x1_8x32x1_1x32x1x8_8_1x1_intrawave_v3,1364.31,525.7,0.0
256,6818,7168,4608,ck,0,0,301.3546,a8w8_blockscale_1x128x128_256x128x128x128_16x16_32x32_2x2_8x32x1_8x32x1_1x32x1x8_8_1x1_intrawave_v3,1494.58,538.2,0.0
256,7009,7168,4096,ck,0,0,302.0272,a8w8_blockscale_1x128x128_256x128x128x128_16x16_32x32_2x2_8x32x1_8x32x1_1x32x1x8_8_1x1_intrawave_v3,1362.69,524.95,0.0
256,7001,7168,4096,ck,0,0,302.1964,a8w8_blockscale_1x128x128_256x128x128x128_16x16_32x32_2x2_8x32x1_8x32x1_1x32x1x8_8_1x1_intrawave_v3,1360.38,524.17,0.0
256,6814,7168,4608,ck,0,0,303.8823,a8w8_blockscale_1x128x128_256x128x128x128_16x16_32x32_2x2_8x32x1_8x32x1_1x32x1x8_8_1x1_intrawave_v3,1481.28,533.48,0.0
256,6812,7168,4608,ck,0,0,304.3132,a8w8_blockscale_1x128x128_256x128x128x128_16x16_32x32_2x2_8x32x1_8x32x1_1x32x1x8_8_1x1_intrawave_v3,1478.75,532.6,0.0
256,6813,7168,4608,ck,0,0,304.374,a8w8_blockscale_1x128x128_256x128x128x128_16x16_32x32_2x2_8x32x1_8x32x1_1x32x1x8_8_1x1_intrawave_v3,1478.67,532.55,0.0
256,6809,7168,4608,ck,0,0,304.953,a8w8_blockscale_1x128x128_256x128x128x128_16x16_32x32_2x2_8x32x1_8x32x1_1x32x1x8_8_1x1_intrawave_v3,1475.0,531.29,0.0
256,6817,7168,4608,ck,0,0,305.5362,a8w8_blockscale_1x128x128_256x128x128x128_16x16_32x32_2x2_8x32x1_8x32x1_1x32x1x8_8_1x1_intrawave_v3,1473.91,530.78,0.0
256,7050,7168,4096,ck,0,0,305.597,a8w8_blockscale_1x128x128_256x128x128x128_16x16_32x32_2x2_8x32x1_8x32x1_1x32x1x8_8_1x1_intrawave_v3,1354.65,521.29,0.0
256,6819,7168,4608,ck,0,0,305.6783,a8w8_blockscale_1x128x128_256x128x128x128_16x16_32x32_2x2_8x32x1_8x32x1_1x32x1x8_8_1x1_intrawave_v3,1473.66,530.65,0.0
256,6811,7168,4608,ck,0,0,305.9552,a8w8_blockscale_1x128x128_256x128x128x128_16x16_32x32_2x2_8x32x1_8x32x1_1x32x1x8_8_1x1_intrawave_v3,1470.6,529.68,0.0
256,6815,7168,4608,ck,0,0,306.4615,a8w8_blockscale_1x128x128_256x128x128x128_16x16_32x32_2x2_8x32x1_8x32x1_1x32x1x8_8_1x1_intrawave_v3,1469.03,529.05,0.0
256,7241,7168,4096,ck,0,0,306.5496,a8w8_blockscale_1x128x128_256x128x128x128_16x16_32x32_2x2_8x32x1_8x32x1_1x32x1x8_8_1x1_intrawave_v3,1387.03,531.16,0.0
256,7289,7168,4096,ck,0,0,307.4328,a8w8_blockscale_1x128x128_256x128x128x128_16x16_32x32_2x2_8x32x1_8x32x1_1x32x1x8_8_1x1_intrawave_v3,1392.21,532.51,0.0
256,7242,7168,4096,ck,0,0,307.5344,a8w8_blockscale_1x128x128_256x128x128x128_16x16_32x32_2x2_8x32x1_8x32x1_1x32x1x8_8_1x1_intrawave_v3,1382.78,529.52,0.0
256,7238,7168,4096,ck,0,0,307.794,a8w8_blockscale_1x128x128_256x128x128x128_16x16_32x32_2x2_8x32x1_8x32x1_1x32x1x8_8_1x1_intrawave_v3,1380.85,528.83,0.0
256,7536,7168,4096,ck,0,0,312.103,a8w8_blockscale_1x128x128_256x128x128x128_16x16_32x32_2x2_8x32x1_8x32x1_1x32x1x8_8_1x1_intrawave_v3,1417.85,539.13,0.0
256,7440,7168,4096,ck,0,0,312.5886,a8w8_blockscale_1x128x128_256x128x128x128_16x16_32x32_2x2_8x32x1_8x32x1_1x32x1x8_8_1x1_intrawave_v3,1397.62,532.63,0.0
256,7539,7168,4096,ck,0,0,313.1268,a8w8_blockscale_1x128x128_256x128x128x128_16x16_32x32_2x2_8x32x1_8x32x1_1x32x1x8_8_1x1_intrawave_v3,1413.78,537.54,0.0
256,7009,7168,4608,ck,0,0,319.4419,a8w8_blockscale_1x128x128_256x128x128x128_16x16_32x32_2x2_8x32x1_8x32x1_1x32x1x8_8_1x1_intrawave_v3,1449.45,519.06,0.0
256,3258,9216,7168,ck,0,0,319.8829,a8w8_blockscale_1x128x128_256x128x128x128_16x16_32x32_2x2_8x32x1_8x32x1_1x32x1x8_8_1x1_intrawave_v3,1345.65,467.25,0.0
256,7001,7168,4608,ck,0,0,321.0978,a8w8_blockscale_1x128x128_256x128x128x128_16x16_32x32_2x2_8x32x1_8x32x1_1x32x1x8_8_1x1_intrawave_v3,1440.33,515.91,0.0
256,7050,7168,4608,ck,0,0,321.4955,a8w8_blockscale_1x128x128_256x128x128x128_16x16_32x32_2x2_8x32x1_8x32x1_1x32x1x8_8_1x1_intrawave_v3,1448.62,518.16,0.0
256,7000,7168,4608,ck,0,0,322.4055,a8w8_blockscale_1x128x128_256x128x128x128_16x16_32x32_2x2_8x32x1_8x32x1_1x32x1x8_8_1x1_intrawave_v3,1434.29,513.76,0.0
256,3451,9216,7168,ck,0,0,324.4159,a8w8_blockscale_1x128x128_256x128x128x128_16x16_32x32_2x2_8x32x1_8x32x1_1x32x1x8_8_1x1_intrawave_v3,1405.44,475.95,0.0
256,7238,7168,4608,ck,0,0,326.0282,a8w8_blockscale_1x128x128_256x128x128x128_16x16_32x32_2x2_8x32x1_8x32x1_1x32x1x8_8_1x1_intrawave_v3,1466.57,521.88,0.0
256,7241,7168,4608,ck,0,0,326.4214,a8w8_blockscale_1x128x128_256x128x128x128_16x16_32x32_2x2_8x32x1_8x32x1_1x32x1x8_8_1x1_intrawave_v3,1465.41,521.42,0.0
256,7656,7168,4096,ck,0,0,327.637,a8w8_blockscale_1x128x128_256x128x128x128_16x16_32x32_2x2_8x32x1_8x32x1_1x32x1x8_8_1x1_intrawave_v3,1372.14,520.32,0.0
256,7289,7168,4608,ck,0,0,328.0345,a8w8_blockscale_1x128x128_256x128x128x128_16x16_32x32_2x2_8x32x1_8x32x1_1x32x1x8_8_1x1_intrawave_v3,1467.87,521.63,0.0
256,7242,7168,4608,ck,0,0,328.0935,a8w8_blockscale_1x128x128_256x128x128x128_16x16_32x32_2x2_8x32x1_8x32x1_1x32x1x8_8_1x1_intrawave_v3,1458.15,518.82,0.0
256,7809,7168,4096,ck,0,0,329.6677,a8w8_blockscale_1x128x128_256x128x128x128_16x16_32x32_2x2_8x32x1_8x32x1_1x32x1x8_8_1x1_intrawave_v3,1390.94,525.67,0.0
256,7871,7168,4096,ck,0,0,330.3587,a8w8_blockscale_1x128x128_256x128x128x128_16x16_32x32_2x2_8x32x1_8x32x1_1x32x1x8_8_1x1_intrawave_v3,1399.05,528.03,0.0
256,8001,7168,4096,ck,0,0,330.5063,a8w8_blockscale_1x128x128_256x128x128x128_16x16_32x32_2x2_8x32x1_8x32x1_1x32x1x8_8_1x1_intrawave_v3,1421.52,535.04,0.0
256,8008,7168,4096,ck,0,0,330.5229,a8w8_blockscale_1x128x128_256x128x128x128_16x16_32x32_2x2_8x32x1_8x32x1_1x32x1x8_8_1x1_intrawave_v3,1422.69,535.4,0.0
256,8015,7168,4096,ck,0,0,331.1775,a8w8_blockscale_1x128x128_256x128x128x128_16x16_32x32_2x2_8x32x1_8x32x1_1x32x1x8_8_1x1_intrawave_v3,1421.12,534.74,0.0
256,8040,7168,4096,ck,0,0,331.2802,a8w8_blockscale_1x128x128_256x128x128x128_16x16_32x32_2x2_8x32x1_8x32x1_1x32x1x8_8_1x1_intrawave_v3,1425.11,535.96,0.0
256,8018,7168,4096,ck,0,0,332.2028,a8w8_blockscale_1x128x128_256x128x128x128_16x16_32x32_2x2_8x32x1_8x32x1_1x32x1x8_8_1x1_intrawave_v3,1417.26,533.25,0.0
256,8010,7168,4096,ck,0,0,332.4519,a8w8_blockscale_1x128x128_256x128x128x128_16x16_32x32_2x2_8x32x1_8x32x1_1x32x1x8_8_1x1_intrawave_v3,1414.79,532.41,0.0
256,7536,7168,4608,ck,0,0,332.5684,a8w8_blockscale_1x128x128_256x128x128x128_16x16_32x32_2x2_8x32x1_8x32x1_1x32x1x8_8_1x1_intrawave_v3,1496.93,528.59,0.0
256,8048,7168,4096,ck,0,0,332.6033,a8w8_blockscale_1x128x128_256x128x128x128_16x16_32x32_2x2_8x32x1_8x32x1_1x32x1x8_8_1x1_intrawave_v3,1420.85,534.27,0.0
256,7990,7168,4096,ck,0,0,332.6336,a8w8_blockscale_1x128x128_256x128x128x128_16x16_32x32_2x2_8x32x1_8x32x1_1x32x1x8_8_1x1_intrawave_v3,1410.49,531.01,0.0
256,8007,7168,4096,ck,0,0,332.6879,a8w8_blockscale_1x128x128_256x128x128x128_16x16_32x32_2x2_8x32x1_8x32x1_1x32x1x8_8_1x1_intrawave_v3,1413.26,531.87,0.0
256,8192,7168,4096,ck,0,0,332.741,a8w8_blockscale_1x128x128_256x128x128x128_16x16_32x32_2x2_8x32x1_8x32x1_1x32x1x8_8_1x1_intrawave_v3,1445.68,542.03,0.0
256,7440,7168,4608,ck,0,0,332.8316,a8w8_blockscale_1x128x128_256x128x128x128_16x16_32x32_2x2_8x32x1_8x32x1_1x32x1x8_8_1x1_intrawave_v3,1476.69,522.71,0.0
256,7539,7168,4608,ck,0,0,332.8707,a8w8_blockscale_1x128x128_256x128x128x128_16x16_32x32_2x2_8x32x1_8x32x1_1x32x1x8_8_1x1_intrawave_v3,1496.16,528.28,0.0
256,8047,7168,4096,ck,0,0,333.2304,a8w8_blockscale_1x128x128_256x128x128x128_16x16_32x32_2x2_8x32x1_8x32x1_1x32x1x8_8_1x1_intrawave_v3,1418.0,533.21,0.0
256,8051,7168,4096,ck,0,0,333.7155,a8w8_blockscale_1x128x128_256x128x128x128_16x16_32x32_2x2_8x32x1_8x32x1_1x32x1x8_8_1x1_intrawave_v3,1416.65,532.66,0.0
256,8043,7168,4096,ck,0,0,334.587,a8w8_blockscale_1x128x128_256x128x128x128_16x16_32x32_2x2_8x32x1_8x32x1_1x32x1x8_8_1x1_intrawave_v3,1411.55,530.83,0.0
256,8182,7168,4096,ck,0,0,335.6459,a8w8_blockscale_1x128x128_256x128x128x128_16x16_32x32_2x2_8x32x1_8x32x1_1x32x1x8_8_1x1_intrawave_v3,1431.42,536.79,0.0
256,8090,7168,4096,ck,0,0,336.7957,a8w8_blockscale_1x128x128_256x128x128x128_16x16_32x32_2x2_8x32x1_8x32x1_1x32x1x8_8_1x1_intrawave_v3,1410.49,529.92,0.0
256,7656,7168,4608,ck,0,0,347.398,a8w8_blockscale_1x128x128_256x128x128x128_16x16_32x32_2x2_8x32x1_8x32x1_1x32x1x8_8_1x1_intrawave_v3,1455.84,512.57,0.0
256,8018,7168,4608,ck,0,0,348.1248,a8w8_blockscale_1x128x128_256x128x128x128_16x16_32x32_2x2_8x32x1_8x32x1_1x32x1x8_8_1x1_intrawave_v3,1521.5,531.2,0.0
256,7809,7168,4608,ck,0,0,349.0305,a8w8_blockscale_1x128x128_256x128x128x128_16x16_32x32_2x2_8x32x1_8x32x1_1x32x1x8_8_1x1_intrawave_v3,1477.99,518.48,0.0
256,8001,7168,4608,ck,0,0,351.2698,a8w8_blockscale_1x128x128_256x128x128x128_16x16_32x32_2x2_8x32x1_8x32x1_1x32x1x8_8_1x1_intrawave_v3,1504.68,525.53,0.0
256,7871,7168,4608,ck,0,0,351.8356,a8w8_blockscale_1x128x128_256x128x128x128_16x16_32x32_2x2_8x32x1_8x32x1_1x32x1x8_8_1x1_intrawave_v3,1477.85,517.68,0.0
256,8015,7168,4608,ck,0,0,352.4466,a8w8_blockscale_1x128x128_256x128x128x128_16x16_32x32_2x2_8x32x1_8x32x1_1x32x1x8_8_1x1_intrawave_v3,1502.28,524.52,0.0
256,8043,7168,4608,ck,0,0,352.4643,a8w8_blockscale_1x128x128_256x128x128x128_16x16_32x32_2x2_8x32x1_8x32x1_1x32x1x8_8_1x1_intrawave_v3,1507.45,526.0,0.0
256,8192,7168,4608,ck,0,0,352.6339,a8w8_blockscale_1x128x128_256x128x128x128_16x16_32x32_2x2_8x32x1_8x32x1_1x32x1x8_8_1x1_intrawave_v3,1534.64,533.75,0.0
256,8051,7168,4608,ck,0,0,352.636,a8w8_blockscale_1x128x128_256x128x128x128_16x16_32x32_2x2_8x32x1_8x32x1_1x32x1x8_8_1x1_intrawave_v3,1508.22,526.18,0.0
256,8007,7168,4608,ck,0,0,352.6541,a8w8_blockscale_1x128x128_256x128x128x128_16x16_32x32_2x2_8x32x1_8x32x1_1x32x1x8_8_1x1_intrawave_v3,1499.9,523.78,0.0
256,8008,7168,4608,ck,0,0,353.1514,a8w8_blockscale_1x128x128_256x128x128x128_16x16_32x32_2x2_8x32x1_8x32x1_1x32x1x8_8_1x1_intrawave_v3,1497.97,523.1,0.0
256,7990,7168,4608,ck,0,0,353.6581,a8w8_blockscale_1x128x128_256x128x128x128_16x16_32x32_2x2_8x32x1_8x32x1_1x32x1x8_8_1x1_intrawave_v3,1492.46,521.39,0.0
256,8010,7168,4608,ck,0,0,353.6899,a8w8_blockscale_1x128x128_256x128x128x128_16x16_32x32_2x2_8x32x1_8x32x1_1x32x1x8_8_1x1_intrawave_v3,1496.06,522.41,0.0
256,8040,7168,4608,ck,0,0,353.7037,a8w8_blockscale_1x128x128_256x128x128x128_16x16_32x32_2x2_8x32x1_8x32x1_1x32x1x8_8_1x1_intrawave_v3,1501.61,524.0,0.0
256,8047,7168,4608,ck,0,0,353.75,a8w8_blockscale_1x128x128_256x128x128x128_16x16_32x32_2x2_8x32x1_8x32x1_1x32x1x8_8_1x1_intrawave_v3,1502.72,524.3,0.0
256,8090,7168,4608,ck,0,0,354.9997,a8w8_blockscale_1x128x128_256x128x128x128_16x16_32x32_2x2_8x32x1_8x32x1_1x32x1x8_8_1x1_intrawave_v3,1505.43,524.75,0.0
256,8182,7168,4608,ck,0,0,355.3996,a8w8_blockscale_1x128x128_256x128x128x128_16x16_32x32_2x2_8x32x1_8x32x1_1x32x1x8_8_1x1_intrawave_v3,1520.84,529.07,0.0
256,8048,7168,4608,ck,0,0,355.622,a8w8_blockscale_1x128x128_256x128x128x128_16x16_32x32_2x2_8x32x1_8x32x1_1x32x1x8_8_1x1_intrawave_v3,1495.0,521.6,0.0
256,3620,9216,7168,ck,0,0,358.1535,a8w8_blockscale_1x128x128_256x128x128x128_16x16_32x32_2x2_8x32x1_8x32x1_1x32x1x8_8_1x1_intrawave_v3,1335.4,443.2,0.0
256,3632,9216,7168,ck,0,0,359.292,a8w8_blockscale_1x128x128_256x128x128x128_16x16_32x32_2x2_8x32x1_8x32x1_1x32x1x8_8_1x1_intrawave_v3,1335.58,442.65,0.0
256,3587,9216,7168,ck,0,0,359.5472,a8w8_blockscale_1x128x128_256x128x128x128_16x16_32x32_2x2_8x32x1_8x32x1_1x32x1x8_8_1x1_intrawave_v3,1318.09,439.13,0.0
256,3617,9216,7168,ck,0,0,360.7228,a8w8_blockscale_1x128x128_256x128x128x128_16x16_32x32_2x2_8x32x1_8x32x1_1x32x1x8_8_1x1_intrawave_v3,1324.78,439.83,0.0
256,3655,9216,7168,ck,0,0,361.7026,a8w8_blockscale_1x128x128_256x128x128x128_16x16_32x32_2x2_8x32x1_8x32x1_1x32x1x8_8_1x1_intrawave_v3,1335.08,441.32,0.0
256,3840,9216,7168,ck,0,0,365.6039,a8w8_blockscale_1x128x128_256x128x128x128_16x16_32x32_2x2_8x32x1_8x32x1_1x32x1x8_8_1x1_intrawave_v3,1387.68,449.57,0.0
256,3749,9216,7168,ck,0,0,366.1114,a8w8_blockscale_1x128x128_256x128x128x128_16x16_32x32_2x2_8x32x1_8x32x1_1x32x1x8_8_1x1_intrawave_v3,1352.92,442.58,0.0
256,3824,9216,7168,ck,0,0,366.6245,a8w8_blockscale_1x128x128_256x128x128x128_16x16_32x32_2x2_8x32x1_8x32x1_1x32x1x8_8_1x1_intrawave_v3,1378.06,447.2,0.0
256,3831,9216,7168,ck,0,0,370.2031,a8w8_blockscale_1x128x128_256x128x128x128_16x16_32x32_2x2_8x32x1_8x32x1_1x32x1x8_8_1x1_intrawave_v3,1367.23,443.36,0.0
256,3894,9216,7168,ck,0,0,371.0755,a8w8_blockscale_1x128x128_256x128x128x128_16x16_32x32_2x2_8x32x1_8x32x1_1x32x1x8_8_1x1_intrawave_v3,1386.45,446.67,0.0
256,3925,9216,7168,ck,0,0,372.5836,a8w8_blockscale_1x128x128_256x128x128x128_16x16_32x32_2x2_8x32x1_8x32x1_1x32x1x8_8_1x1_intrawave_v3,1391.83,446.99,0.0
256,3971,9216,7168,ck,0,0,379.2322,a8w8_blockscale_1x128x128_256x128x128x128_16x16_32x32_2x2_8x32x1_8x32x1_1x32x1x8_8_1x1_intrawave_v3,1383.46,442.26,0.0
256,4002,9216,7168,ck,0,0,379.2659,a8w8_blockscale_1x128x128_256x128x128x128_16x16_32x32_2x2_8x32x1_8x32x1_1x32x1x8_8_1x1_intrawave_v3,1394.13,444.31,0.0
256,4000,9216,7168,ck,0,0,379.755,a8w8_blockscale_1x128x128_256x128x128x128_16x16_32x32_2x2_8x32x1_8x32x1_1x32x1x8_8_1x1_intrawave_v3,1391.64,443.6,0.0
256,4050,9216,7168,ck,0,0,383.1614,a8w8_blockscale_1x128x128_256x128x128x128_16x16_32x32_2x2_8x32x1_8x32x1_1x32x1x8_8_1x1_intrawave_v3,1396.51,443.0,0.0
256,4046,9216,7168,ck,0,0,385.5733,a8w8_blockscale_1x128x128_256x128x128x128_16x16_32x32_2x2_8x32x1_8x32x1_1x32x1x8_8_1x1_intrawave_v3,1386.4,439.96,0.0
256,4180,9216,7168,ck,0,0,401.9307,a8w8_blockscale_1x128x128_256x128x128x128_16x16_32x32_2x2_8x32x1_8x32x1_1x32x1x8_8_1x1_intrawave_v3,1374.03,430.59,0.0
256,4123,9216,7168,ck,0,0,402.354,a8w8_blockscale_1x128x128_256x128x128x128_16x16_32x32_2x2_8x32x1_8x32x1_1x32x1x8_8_1x1_intrawave_v3,1353.87,426.51,0.0
256,4176,9216,7168,ck,0,0,403.394,a8w8_blockscale_1x128x128_256x128x128x128_16x16_32x32_2x2_8x32x1_8x32x1_1x32x1x8_8_1x1_intrawave_v3,1367.73,428.78,0.0
256,4294,9216,7168,ck,0,0,410.1054,a8w8_blockscale_1x128x128_256x128x128x128_16x16_32x32_2x2_8x32x1_8x32x1_1x32x1x8_8_1x1_intrawave_v3,1383.37,429.13,0.0
256,4507,9216,7168,ck,14,0,427.8602,a8w8_blockscale_1x128x128_256x64x256x128_16x16_32x32_2x2_8x32x1_8x32x1_1x32x1x8_8_1x1_intrawave_v1,1391.73,424.06,0.0
256,4504,9216,7168,ck,0,0,428.0664,a8w8_blockscale_1x128x128_256x128x128x128_16x16_32x32_2x2_8x32x1_8x32x1_1x32x1x8_8_1x1_intrawave_v3,1390.14,423.68,0.0
256,4522,9216,7168,ck,14,0,430.3098,a8w8_blockscale_1x128x128_256x64x256x128_16x16_32x32_2x2_8x32x1_8x32x1_1x32x1x8_8_1x1_intrawave_v1,1388.42,422.54,0.0
256,4598,9216,7168,ck,0,0,431.4054,a8w8_blockscale_1x128x128_256x128x128x128_16x16_32x32_2x2_8x32x1_8x32x1_1x32x1x8_8_1x1_intrawave_v3,1408.17,425.98,0.0
256,4898,9216,7168,ck,0,0,445.0601,a8w8_blockscale_1x128x128_256x128x128x128_16x16_32x32_2x2_8x32x1_8x32x1_1x32x1x8_8_1x1_intrawave_v3,1454.02,430.16,0.0
256,5004,9216,7168,ck,0,0,462.157,a8w8_blockscale_1x128x128_256x128x128x128_16x16_32x32_2x2_8x32x1_8x32x1_1x32x1x8_8_1x1_intrawave_v3,1430.53,420.12,0.0
256,5059,9216,7168,ck,0,0,465.7833,a8w8_blockscale_1x128x128_256x128x128x128_16x16_32x32_2x2_8x32x1_8x32x1_1x32x1x8_8_1x1_intrawave_v3,1435.0,419.87,0.0
256,5002,9216,7168,ck,0,0,467.0724,a8w8_blockscale_1x128x128_256x128x128x128_16x16_32x32_2x2_8x32x1_8x32x1_1x32x1x8_8_1x1_intrawave_v3,1414.91,415.59,0.0
256,5018,9216,7168,ck,0,0,467.1755,a8w8_blockscale_1x128x128_256x128x128x128_16x16_32x32_2x2_8x32x1_8x32x1_1x32x1x8_8_1x1_intrawave_v3,1419.13,416.38,0.0
256,5000,9216,7168,ck,0,0,467.4705,a8w8_blockscale_1x128x128_256x128x128x128_16x16_32x32_2x2_8x32x1_8x32x1_1x32x1x8_8_1x1_intrawave_v3,1413.14,415.13,0.0
256,5006,9216,7168,ck,0,0,467.7881,a8w8_blockscale_1x128x128_256x128x128x128_16x16_32x32_2x2_8x32x1_8x32x1_1x32x1x8_8_1x1_intrawave_v3,1413.88,415.17,0.0
256,5003,9216,7168,ck,0,0,467.996,a8w8_blockscale_1x128x128_256x128x128x128_16x16_32x32_2x2_8x32x1_8x32x1_1x32x1x8_8_1x1_intrawave_v3,1412.4,414.83,0.0
256,5007,9216,7168,ck,0,0,469.4578,a8w8_blockscale_1x128x128_256x128x128x128_16x16_32x32_2x2_8x32x1_8x32x1_1x32x1x8_8_1x1_intrawave_v3,1409.13,413.75,0.0
256,5124,9216,7168,ck,0,0,472.2005,a8w8_blockscale_1x128x128_256x128x128x128_16x16_32x32_2x2_8x32x1_8x32x1_1x32x1x8_8_1x1_intrawave_v3,1433.68,417.69,0.0
256,5272,9216,7168,ck,0,0,472.2956,a8w8_blockscale_1x128x128_256x128x128x128_16x16_32x32_2x2_8x32x1_8x32x1_1x32x1x8_8_1x1_intrawave_v3,1474.8,425.63,0.0
256,5126,9216,7168,ck,0,0,473.5289,a8w8_blockscale_1x128x128_256x128x128x128_16x16_32x32_2x2_8x32x1_8x32x1_1x32x1x8_8_1x1_intrawave_v3,1430.22,416.63,0.0
256,5368,9216,7168,ck,0,0,474.5745,a8w8_blockscale_1x128x128_256x128x128x128_16x16_32x32_2x2_8x32x1_8x32x1_1x32x1x8_8_1x1_intrawave_v3,1494.44,428.77,0.0
256,5281,9216,7168,ck,0,0,475.3455,a8w8_blockscale_1x128x128_256x128x128x128_16x16_32x32_2x2_8x32x1_8x32x1_1x32x1x8_8_1x1_intrawave_v3,1467.83,423.38,0.0
256,5285,9216,7168,ck,0,0,475.4294,a8w8_blockscale_1x128x128_256x128x128x128_16x16_32x32_2x2_8x32x1_8x32x1_1x32x1x8_8_1x1_intrawave_v3,1468.69,423.53,0.0
256,5251,9216,7168,ck,0,0,475.619,a8w8_blockscale_1x128x128_256x128x128x128_16x16_32x32_2x2_8x32x1_8x32x1_1x32x1x8_8_1x1_intrawave_v3,1458.66,421.53,0.0
256,5258,9216,7168,ck,0,0,475.6718,a8w8_blockscale_1x128x128_256x128x128x128_16x16_32x32_2x2_8x32x1_8x32x1_1x32x1x8_8_1x1_intrawave_v3,1460.44,421.86,0.0
256,5292,9216,7168,ck,0,0,476.9702,a8w8_blockscale_1x128x128_256x128x128x128_16x16_32x32_2x2_8x32x1_8x32x1_1x32x1x8_8_1x1_intrawave_v3,1465.88,422.53,0.0
256,5283,9216,7168,ck,0,0,477.1295,a8w8_blockscale_1x128x128_256x128x128x128_16x16_32x32_2x2_8x32x1_8x32x1_1x32x1x8_8_1x1_intrawave_v3,1462.9,421.91,0.0
256,5302,9216,7168,ck,0,0,477.6034,a8w8_blockscale_1x128x128_256x128x128x128_16x16_32x32_2x2_8x32x1_8x32x1_1x32x1x8_8_1x1_intrawave_v3,1466.7,422.51,0.0
256,5295,9216,7168,ck,0,0,477.6059,a8w8_blockscale_1x128x128_256x128x128x128_16x16_32x32_2x2_8x32x1_8x32x1_1x32x1x8_8_1x1_intrawave_v3,1464.76,422.13,0.0
256,5264,9216,7168,ck,0,0,477.8809,a8w8_blockscale_1x128x128_256x128x128x128_16x16_32x32_2x2_8x32x1_8x32x1_1x32x1x8_8_1x1_intrawave_v3,1455.35,420.23,0.0
256,5273,9216,7168,ck,0,0,477.9063,a8w8_blockscale_1x128x128_256x128x128x128_16x16_32x32_2x2_8x32x1_8x32x1_1x32x1x8_8_1x1_intrawave_v3,1457.76,420.69,0.0
256,5276,9216,7168,ck,0,0,477.981,a8w8_blockscale_1x128x128_256x128x128x128_16x16_32x32_2x2_8x32x1_8x32x1_1x32x1x8_8_1x1_intrawave_v3,1458.36,420.78,0.0
256,5269,9216,7168,ck,0,0,478.5832,a8w8_blockscale_1x128x128_256x128x128x128_16x16_32x32_2x2_8x32x1_8x32x1_1x32x1x8_8_1x1_intrawave_v3,1454.59,419.88,0.0
256,5277,9216,7168,ck,0,0,478.6692,a8w8_blockscale_1x128x128_256x128x128x128_16x16_32x32_2x2_8x32x1_8x32x1_1x32x1x8_8_1x1_intrawave_v3,1456.54,420.23,0.0
256,5275,9216,7168,ck,0,0,478.6729,a8w8_blockscale_1x128x128_256x128x128x128_16x16_32x32_2x2_8x32x1_8x32x1_1x32x1x8_8_1x1_intrawave_v3,1455.98,420.12,0.0
256,5540,9216,7168,ck,0,0,498.4332,a8w8_blockscale_1x128x128_256x128x128x128_16x16_32x32_2x2_8x32x1_8x32x1_1x32x1x8_8_1x1_intrawave_v3,1468.5,417.08,0.0
256,5489,9216,7168,ck,0,0,506.8569,a8w8_blockscale_1x128x128_256x128x128x128_16x16_32x32_2x2_8x32x1_8x32x1_1x32x1x8_8_1x1_intrawave_v3,1430.8,407.57,0.0
256,5447,9216,7168,ck,0,0,508.9571,a8w8_blockscale_1x128x128_256x128x128x128_16x16_32x32_2x2_8x32x1_8x32x1_1x32x1x8_8_1x1_intrawave_v3,1413.99,403.77,0.0
256,5440,9216,7168,ck,0,0,509.6799,a8w8_blockscale_1x128x128_256x128x128x128_16x16_32x32_2x2_8x32x1_8x32x1_1x32x1x8_8_1x1_intrawave_v3,1410.17,402.85,0.0
256,5431,9216,7168,ck,0,0,510.0056,a8w8_blockscale_1x128x128_256x128x128x128_16x16_32x32_2x2_8x32x1_8x32x1_1x32x1x8_8_1x1_intrawave_v3,1406.94,402.14,0.0
256,5670,9216,7168,ck,0,0,517.5739,a8w8_blockscale_1x128x128_256x128x128x128_16x16_32x32_2x2_8x32x1_8x32x1_1x32x1x8_8_1x1_intrawave_v3,1447.38,408.08,0.0
256,6002,9216,7168,ck,0,0,543.5019,a8w8_blockscale_1x128x128_256x128x128x128_16x16_32x32_2x2_8x32x1_8x32x1_1x32x1x8_8_1x1_intrawave_v3,1459.03,404.25,0.0
256,5890,9216,7168,ck,0,0,544.243,a8w8_blockscale_1x128x128_256x128x128x128_16x16_32x32_2x2_8x32x1_8x32x1_1x32x1x8_8_1x1_intrawave_v3,1429.86,398.43,0.0
256,6008,9216,7168,ck,0,0,545.7932,a8w8_blockscale_1x128x128_256x128x128x128_16x16_32x32_2x2_8x32x1_8x32x1_1x32x1x8_8_1x1_intrawave_v3,1454.36,402.84,0.0
256,6108,9216,7168,ck,0,0,546.6226,a8w8_blockscale_1x128x128_256x128x128x128_16x16_32x32_2x2_8x32x1_8x32x1_1x32x1x8_8_1x1_intrawave_v3,1476.32,406.91,0.0
256,6001,9216,7168,ck,0,0,547.0732,a8w8_blockscale_1x128x128_256x128x128x128_16x16_32x32_2x2_8x32x1_8x32x1_1x32x1x8_8_1x1_intrawave_v3,1449.27,401.57,0.0
256,6026,9216,7168,ck,0,0,547.5947,a8w8_blockscale_1x128x128_256x128x128x128_16x16_32x32_2x2_8x32x1_8x32x1_1x32x1x8_8_1x1_intrawave_v3,1453.92,402.35,0.0
256,6107,9216,7168,ck,0,0,547.8973,a8w8_blockscale_1x128x128_256x128x128x128_16x16_32x32_2x2_8x32x1_8x32x1_1x32x1x8_8_1x1_intrawave_v3,1472.65,405.91,0.0
256,6146,9216,7168,ck,0,0,558.1346,a8w8_blockscale_1x128x128_256x128x128x128_16x16_32x32_2x2_8x32x1_8x32x1_1x32x1x8_8_1x1_intrawave_v3,1454.87,400.26,0.0
256,6225,9216,7168,ck,0,0,560.6255,a8w8_blockscale_1x128x128_256x128x128x128_16x16_32x32_2x2_8x32x1_8x32x1_1x32x1x8_8_1x1_intrawave_v3,1467.02,402.09,0.0
256,6304,9216,7168,ck,0,0,571.5431,a8w8_blockscale_1x128x128_256x128x128x128_16x16_32x32_2x2_8x32x1_8x32x1_1x32x1x8_8_1x1_intrawave_v3,1457.26,397.94,0.0
256,6307,9216,7168,ck,0,0,571.9375,a8w8_blockscale_1x128x128_256x128x128x128_16x16_32x32_2x2_8x32x1_8x32x1_1x32x1x8_8_1x1_intrawave_v3,1456.95,397.8,0.0
256,6449,9216,7168,ck,0,0,579.0958,a8w8_blockscale_1x128x128_256x128x128x128_16x16_32x32_2x2_8x32x1_8x32x1_1x32x1x8_8_1x1_intrawave_v3,1471.34,399.16,0.0
256,6476,9216,7168,ck,0,0,581.52,a8w8_blockscale_1x128x128_256x128x128x128_16x16_32x32_2x2_8x32x1_8x32x1_1x32x1x8_8_1x1_intrawave_v3,1471.34,398.69,0.0
256,6418,9216,7168,ck,0,0,581.6321,a8w8_blockscale_1x128x128_256x128x128x128_16x16_32x32_2x2_8x32x1_8x32x1_1x32x1x8_8_1x1_intrawave_v3,1457.88,396.06,0.0
256,6583,9216,7168,ck,0,0,585.0244,a8w8_blockscale_1x128x128_256x128x128x128_16x16_32x32_2x2_8x32x1_8x32x1_1x32x1x8_8_1x1_intrawave_v3,1486.69,400.98,0.0
256,6809,9216,7168,ck,0,0,608.7679,a8w8_blockscale_1x128x128_256x128x128x128_16x16_32x32_2x2_8x32x1_8x32x1_1x32x1x8_8_1x1_intrawave_v3,1477.75,394.85,0.0
256,6817,9216,7168,ck,0,0,613.7094,a8w8_blockscale_1x128x128_256x128x128x128_16x16_32x32_2x2_8x32x1_8x32x1_1x32x1x8_8_1x1_intrawave_v3,1467.58,392.0,0.0
256,6818,9216,7168,ck,0,0,613.9091,a8w8_blockscale_1x128x128_256x128x128x128_16x16_32x32_2x2_8x32x1_8x32x1_1x32x1x8_8_1x1_intrawave_v3,1467.32,391.92,0.0
256,6812,9216,7168,ck,0,0,614.4265,a8w8_blockscale_1x128x128_256x128x128x128_16x16_32x32_2x2_8x32x1_8x32x1_1x32x1x8_8_1x1_intrawave_v3,1464.79,391.34,0.0
256,6814,9216,7168,ck,0,0,615.6156,a8w8_blockscale_1x128x128_256x128x128x128_16x16_32x32_2x2_8x32x1_8x32x1_1x32x1x8_8_1x1_intrawave_v3,1462.39,390.66,0.0
256,6813,9216,7168,ck,0,0,615.7289,a8w8_blockscale_1x128x128_256x128x128x128_16x16_32x32_2x2_8x32x1_8x32x1_1x32x1x8_8_1x1_intrawave_v3,1461.91,390.55,0.0
256,6819,9216,7168,ck,0,0,617.3259,a8w8_blockscale_1x128x128_256x128x128x128_16x16_32x32_2x2_8x32x1_8x32x1_1x32x1x8_8_1x1_intrawave_v3,1459.41,389.79,0.0
256,6815,9216,7168,ck,0,0,618.3965,a8w8_blockscale_1x128x128_256x128x128x128_16x16_32x32_2x2_8x32x1_8x32x1_1x32x1x8_8_1x1_intrawave_v3,1456.03,388.95,0.0
256,6811,9216,7168,ck,0,0,618.436,a8w8_blockscale_1x128x128_256x128x128x128_16x16_32x32_2x2_8x32x1_8x32x1_1x32x1x8_8_1x1_intrawave_v3,1455.08,388.76,0.0
256,7009,9216,7168,ck,0,0,622.6508,a8w8_blockscale_1x128x128_256x128x128x128_16x16_32x32_2x2_8x32x1_8x32x1_1x32x1x8_8_1x1_intrawave_v3,1487.24,394.27,0.0
256,7000,9216,7168,ck,0,0,624.2509,a8w8_blockscale_1x128x128_256x128x128x128_16x16_32x32_2x2_8x32x1_8x32x1_1x32x1x8_8_1x1_intrawave_v3,1481.53,392.89,0.0
256,7050,9216,7168,ck,0,0,626.9643,a8w8_blockscale_1x128x128_256x128x128x128_16x16_32x32_2x2_8x32x1_8x32x1_1x32x1x8_8_1x1_intrawave_v3,1485.65,393.23,0.0
256,7001,9216,7168,ck,0,0,628.2982,a8w8_blockscale_1x128x128_256x128x128x128_16x16_32x32_2x2_8x32x1_8x32x1_1x32x1x8_8_1x1_intrawave_v3,1472.19,390.4,0.0
256,7241,9216,7168,ck,0,0,644.8178,a8w8_blockscale_1x128x128_256x128x128x128_16x16_32x32_2x2_8x32x1_8x32x1_1x32x1x8_8_1x1_intrawave_v3,1483.65,389.92,0.0
256,7238,9216,7168,ck,0,0,646.4276,a8w8_blockscale_1x128x128_256x128x128x128_16x16_32x32_2x2_8x32x1_8x32x1_1x32x1x8_8_1x1_intrawave_v3,1479.34,388.83,0.0
256,7242,9216,7168,ck,0,0,650.4837,a8w8_blockscale_1x128x128_256x128x128x128_16x16_32x32_2x2_8x32x1_8x32x1_1x32x1x8_8_1x1_intrawave_v3,1470.93,386.57,0.0
256,7440,9216,7168,ck,0,0,651.7981,a8w8_blockscale_1x128x128_256x128x128x128_16x16_32x32_2x2_8x32x1_8x32x1_1x32x1x8_8_1x1_intrawave_v3,1508.1,393.56,0.0
256,7289,9216,7168,ck,0,0,652.1499,a8w8_blockscale_1x128x128_256x128x128x128_16x16_32x32_2x2_8x32x1_8x32x1_1x32x1x8_8_1x1_intrawave_v3,1476.7,387.42,0.0
256,7539,9216,7168,ck,0,0,659.0081,a8w8_blockscale_1x128x128_256x128x128x128_16x16_32x32_2x2_8x32x1_8x32x1_1x32x1x8_8_1x1_intrawave_v3,1511.45,393.1,0.0
256,7536,9216,7168,ck,0,0,661.6333,a8w8_blockscale_1x128x128_256x128x128x128_16x16_32x32_2x2_8x32x1_8x32x1_1x32x1x8_8_1x1_intrawave_v3,1504.85,391.43,0.0
256,7656,9216,7168,ck,0,0,669.935,a8w8_blockscale_1x128x128_256x128x128x128_16x16_32x32_2x2_8x32x1_8x32x1_1x32x1x8_8_1x1_intrawave_v3,1509.87,391.16,0.0
256,7809,9216,7168,ck,0,0,694.9813,a8w8_blockscale_1x128x128_256x128x128x128_16x16_32x32_2x2_8x32x1_8x32x1_1x32x1x8_8_1x1_intrawave_v3,1484.54,382.7,0.0
256,8192,9216,7168,ck,0,0,696.375,a8w8_blockscale_1x128x128_256x128x128x128_16x16_32x32_2x2_8x32x1_8x32x1_1x32x1x8_8_1x1_intrawave_v3,1554.24,396.02,0.0
256,7871,9216,7168,ck,0,0,699.8896,a8w8_blockscale_1x128x128_256x128x128x128_16x16_32x32_2x2_8x32x1_8x32x1_1x32x1x8_8_1x1_intrawave_v3,1485.84,382.29,0.0
256,8007,9216,7168,ck,0,0,706.2417,a8w8_blockscale_1x128x128_256x128x128x128_16x16_32x32_2x2_8x32x1_8x32x1_1x32x1x8_8_1x1_intrawave_v3,1497.91,383.78,0.0
256,8043,9216,7168,ck,0,0,706.599,a8w8_blockscale_1x128x128_256x128x128x128_16x16_32x32_2x2_8x32x1_8x32x1_1x32x1x8_8_1x1_intrawave_v3,1503.89,384.89,0.0
256,8018,9216,7168,ck,0,0,707.871,a8w8_blockscale_1x128x128_256x128x128x128_16x16_32x32_2x2_8x32x1_8x32x1_1x32x1x8_8_1x1_intrawave_v3,1496.52,383.29,0.0
256,8001,9216,7168,ck,0,0,708.2183,a8w8_blockscale_1x128x128_256x128x128x128_16x16_32x32_2x2_8x32x1_8x32x1_1x32x1x8_8_1x1_intrawave_v3,1492.61,382.49,0.0
256,8090,9216,7168,ck,0,0,708.9312,a8w8_blockscale_1x128x128_256x128x128x128_16x16_32x32_2x2_8x32x1_8x32x1_1x32x1x8_8_1x1_intrawave_v3,1507.7,385.32,0.0
256,8010,9216,7168,ck,0,0,709.0421,a8w8_blockscale_1x128x128_256x128x128x128_16x16_32x32_2x2_8x32x1_8x32x1_1x32x1x8_8_1x1_intrawave_v3,1492.56,382.37,0.0
256,8008,9216,7168,ck,0,0,709.7609,a8w8_blockscale_1x128x128_256x128x128x128_16x16_32x32_2x2_8x32x1_8x32x1_1x32x1x8_8_1x1_intrawave_v3,1490.67,381.91,0.0
256,7990,9216,7168,ck,0,0,710.3999,a8w8_blockscale_1x128x128_256x128x128x128_16x16_32x32_2x2_8x32x1_8x32x1_1x32x1x8_8_1x1_intrawave_v3,1485.98,380.92,0.0
256,8048,9216,7168,ck,0,0,710.4124,a8w8_blockscale_1x128x128_256x128x128x128_16x16_32x32_2x2_8x32x1_8x32x1_1x32x1x8_8_1x1_intrawave_v3,1496.75,383.0,0.0
256,8040,9216,7168,ck,0,0,710.5274,a8w8_blockscale_1x128x128_256x128x128x128_16x16_32x32_2x2_8x32x1_8x32x1_1x32x1x8_8_1x1_intrawave_v3,1495.02,382.65,0.0
256,8182,9216,7168,ck,0,0,711.6104,a8w8_blockscale_1x128x128_256x128x128x128_16x16_32x32_2x2_8x32x1_8x32x1_1x32x1x8_8_1x1_intrawave_v3,1519.1,387.18,0.0
256,8015,9216,7168,ck,0,0,711.8951,a8w8_blockscale_1x128x128_256x128x128x128_16x16_32x32_2x2_8x32x1_8x32x1_1x32x1x8_8_1x1_intrawave_v3,1487.5,381.02,0.0
256,8047,9216,7168,ck,0,0,714.5588,a8w8_blockscale_1x128x128_256x128x128x128_16x16_32x32_2x2_8x32x1_8x32x1_1x32x1x8_8_1x1_intrawave_v3,1487.88,380.74,0.0
256,8051,9216,7168,ck,0,0,716.2039,a8w8_blockscale_1x128x128_256x128x128x128_16x16_32x32_2x2_8x32x1_8x32x1_1x32x1x8_8_1x1_intrawave_v3,1485.2,380.01,0.0
256,1359,6144,1536,cktile,11,0,38.3593,a8w8_blockscale_cktile_192x256x128_4x2x1_16x16x128_intrawave_0x1x0_1,668.68,735.78,0.0
